Date,AAPL,MSFT,GOOGL,AMZN,JPM,XOM,JNJ,PG,KO,WMT,NVDA,META,V,HD,DIS,INTC,CSCO,PFE,BA,MCD
2015-01-02,24.171762466430664,39.607181549072266,26.227924346923828,15.425999641418457,46.06679916381836,56.77791976928711,75.73736572265625,65.06999969482422,29.215930938720703,23.072307586669922,0.48188379406929016,77.70574951171875,60.9748420715332,78.20404815673828,84.71678161621094,27.896459579467773,19.530841827392578,17.771636962890625,113.6572036743164,69.31178283691406
2015-01-05,23.490798950195312,39.24296569824219,25.728179931640625,15.10949993133545,44.63664627075195,55.22434997558594,75.20838928222656,64.76065826416016,29.215930938720703,23.005159378051758,0.473744660615921,76.45771789550781,59.628883361816406,76.56329345703125,83.47880554199219,27.581897735595703,19.14178466796875,17.675203323364258,112.87004089355469,68.54629516601562
2015-01-06,23.493011474609375,38.66698455810547,25.093223571777344,14.76449966430664,43.47926330566406,54.930782318115234,74.83883666992188,64.46561431884766,29.437782287597656,23.182435989379883,0.45938149094581604,75.42757415771484,59.24465560913086,76.32890319824219,83.03601837158203,27.067848205566406,19.13471221923828,17.822690963745117,111.54061889648438,68.67265319824219
2015-01-07,23.822429656982422,39.15825653076172,25.01942253112793,14.920999526977539,43.54561996459961,55.487342834472656,76.4909896850586,64.80377960205078,29.805240631103516,23.797513961791992,0.4581846296787262,75.42757415771484,60.03841781616211,78.9450454711914,83.88545989990234,27.635608673095703,19.31156349182129,18.06659507751465,113.27235412597656,69.86920928955078
2015-01-08,24.737741470336914,40.31021499633789,25.106595993041992,15.02299976348877,44.518699645996094,56.41094207763672,77.09242248535156,65.54485321044922,30.165760040283203,24.29979133605957,0.47542038559913635,77.4383316040039,60.843692779541016,80.69164276123047,84.7529525756836,28.14963150024414,19.460107803344727,18.435304641723633,115.27527618408203,70.12933349609375
2015-01-09,24.76427459716797,39.97139358520508,24.800010681152344,14.846500396728516,43.744659423828125,56.33140563964844,76.0417251586914,64.93329620361328,29.832965850830078,23.998958587646484,0.47733545303344727,77.00250244140625,59.9417839050293,79.3079605102539,85.16862487792969,28.20334815979004,19.658172607421875,18.5203914642334,115.04785919189453,69.2746353149414
2015-01-12,24.154069900512695,39.47166061401367,24.618736267089844,14.570500373840332,43.36867904663086,55.248844146728516,75.78084564208984,64.69587707519531,29.562583923339844,24.17891502380371,0.47135084867477417,75.99217987060547,59.82443618774414,78.95259094238281,85.35839080810547,28.080583572387695,19.84210205078125,18.588462829589844,114.46184539794922,69.1259994506836
2015-01-13,24.368528366088867,39.268367767333984,24.85350227355957,14.737000465393066,43.37605667114258,55.04698181152344,75.91126251220703,64.96929168701172,29.555639266967773,23.988218307495117,0.4706326723098755,75.7247314453125,59.999298095703125,78.43090057373047,86.01805114746094,28.003873825073242,19.877466201782227,18.401269912719727,114.7242431640625,68.9922103881836
2015-01-14,24.27567481994629,38.9295654296875,25.058053970336914,14.66349983215332,41.87957000732422,54.88793182373047,75.36058807373047,64.74623107910156,29.507112503051758,23.263011932373047,0.47254765033721924,75.55634307861328,58.79829788208008,77.60673522949219,85.15054321289062,27.888790130615234,19.750133514404297,18.423959732055664,114.03329467773438,68.03347778320312
2015-01-15,23.616819381713867,38.522979736328125,24.962963104248047,14.34749984741211,40.537879943847656,54.410892486572266,74.26640319824219,64.65270233154297,29.3823184967041,23.46982765197754,0.4691963195800781,73.34750366210938,58.239227294921875,76.374267578125,85.25898742675781,27.76602554321289,19.389368057250977,18.378578186035156,113.82340240478516,67.9145736694336
2015-01-16,23.433319091796875,39.166725158691406,25.28242301940918,14.536999702453613,41.2308464050293,55.73201370239258,75.3895263671875,65.65278625488281,29.48632049560547,23.30598258972168,0.47781431674957275,74.4667739868164,58.6579704284668,78.72576904296875,86.0090103149414,27.965511322021484,19.58036994934082,18.605478286743164,114.38314056396484,67.99628448486328
2015-01-20,24.036890029907227,39.29377365112305,25.256664276123047,14.472000122070312,41.06865692138672,55.71364212036133,73.39684295654297,65.60961151123047,29.9231014251709,23.28449821472168,0.4792506694793701,75.51671600341797,59.092803955078125,78.06796264648438,85.61141204833984,27.689302444458008,19.85624122619629,18.775650024414062,114.76799774169922,67.4834976196289
2015-01-21,24.22039794921875,38.89568328857422,25.77423858642578,14.862500190734863,41.201358795166016,56.19075012207031,73.8388900756836,65.74292755126953,30.061767578125,23.27107048034668,0.4859532415866852,76.01197052001953,59.19403076171875,78.27967071533203,85.0963363647461,27.988527297973633,19.69355010986328,18.514719009399414,115.80880737304688,67.14158630371094
2015-01-22,24.850505828857422,39.92057418823242,26.61176872253418,15.515999794006348,42.454566955566406,56.80238723754883,75.18666076660156,66.38782501220703,30.352941513061523,23.71693229675293,0.4943320155143738,76.91334533691406,59.26765060424805,80.20015716552734,85.98189544677734,28.318435668945312,20.16042137145996,18.61115074157715,118.6338119506836,67.55040740966797
2015-01-23,24.978731155395508,39.96294021606445,26.84208106994629,15.619500160217285,41.78372573852539,55.591339111328125,74.05623626708984,65.2719497680664,30.027084350585938,23.77334213256836,0.49576815962791443,77.09163665771484,59.426422119140625,79.6708984375,85.59333801269531,27.965511322021484,19.955284118652344,18.40694236755371,117.74169158935547,66.5619125366211
2015-01-26,25.00526237487793,39.81893539428711,26.583044052124023,15.482999801635742,41.8500862121582,56.12346267700195,74.09972381591797,64.90966796875,29.812179565429688,23.805570602416992,0.49361366033554077,76.76476287841797,59.02147674560547,80.41941833496094,85.81925201416016,27.47447967529297,19.785503387451172,18.605478286743164,117.26066589355469,67.3868637084961
2015-01-27,24.129756927490234,36.134342193603516,25.813861846923828,15.337499618530273,41.42988586425781,55.62801742553711,73.97655487060547,62.6706428527832,29.389253616333008,23.51011848449707,0.4699145257472992,75.06108093261719,57.74687194824219,79.51211547851562,84.91561126708984,26.231569290161133,19.02861213684082,18.492033004760742,115.87000274658203,66.5693359375
2015-01-28,25.493881225585938,34.88921356201172,25.379993438720703,15.195500373840332,40.36095428466797,53.79315185546875,73.5345230102539,61.69968032836914,29.063396453857422,23.31941032409668,0.462254136800766,75.51671600341797,56.68159866333008,79.19454956054688,83.74085235595703,25.917001724243164,18.964941024780273,18.12332534790039,122.1323013305664,65.98219299316406
2015-01-29,26.28759002685547,35.58378982543945,25.419614791870117,15.58899974822998,41.03916931152344,53.56682586669922,74.18669128417969,62.07647705078125,29.188196182250977,23.561159133911133,0.47350531816482544,77.26004028320312,57.05892562866211,81.37212371826172,84.23787689208984,26.246915817260742,19.25497055053711,18.055252075195312,129.25173950195312,69.3192367553711
2015-01-30,25.902891159057617,34.22005844116211,26.62415313720703,17.726499557495117,40.08820724487305,53.46897888183594,72.56356048583984,61.0765380859375,28.543411254882812,22.8252010345459,0.4596209228038788,75.18986511230469,58.64876174926758,78.95259094238281,82.19562530517578,25.34925651550293,18.65369987487793,17.726253509521484,127.14388275146484,68.70238494873047
2015-02-02,26.227895736694336,34.965457916259766,26.359180450439453,18.223499298095703,40.89173126220703,54.79010772705078,73.06352996826172,61.67792892456055,28.834609985351562,23.02128028869629,0.46967506408691406,74.2785873413086,58.747684478759766,78.96014404296875,83.0721664428711,25.8172664642334,18.979089736938477,17.953149795532227,127.92228698730469,68.75439453125
2015-02-03,26.232315063476562,35.23650360107422,26.413660049438477,18.177499771118164,41.81321716308594,56.42314529418945,74.24465942382812,62.27934265136719,28.862342834472656,23.15020179748535,0.48140501976013184,74.68470764160156,59.77153778076172,81.08480072021484,85.03308868408203,25.855628967285156,19.18423080444336,18.16303253173828,128.8668975830078,69.80230712890625
2015-02-04,26.433509826660156,35.43978500366211,26.05704689025879,18.237499237060547,41.56257247924805,55.93998336791992,73.44755554199219,62.16339874267578,28.89700698852539,23.273754119873047,0.48260191082954407,74.9124984741211,60.94493865966797,81.96946716308594,91.52125549316406,25.963809967041016,18.880056381225586,18.351871490478516,128.761962890625,69.89892578125
2015-02-05,26.62218475341797,35.956478118896484,26.241792678833008,18.694499969482422,41.8500862121582,56.49042892456055,74.24465942382812,62.82278823852539,28.973262786865234,23.442968368530273,0.49050194025039673,74.89268493652344,62.53471755981445,82.40800476074219,92.75019836425781,26.226533889770508,19.283267974853516,18.878334045410156,129.96893310546875,70.11444854736328
2015-02-06,26.39799690246582,35.9225959777832,26.4423828125,18.714000701904297,42.67573165893555,56.38567352294922,73.25918579101562,62.032981872558594,28.73754119873047,23.45639419555664,0.48834729194641113,73.76351928710938,61.52701950073242,82.4458236694336,92.18994903564453,25.731990814208984,19.26911735534668,18.981340408325195,129.44415283203125,69.85433959960938
2015-02-09,26.57333755493164,35.88024139404297,26.21455192565918,18.527999877929688,42.624114990234375,56.42265319824219,72.30268859863281,61.6272087097168,28.58501434326172,23.075002670288086,0.4878685772418976,73.73379516601562,61.07607650756836,81.91651916503906,91.92790985107422,25.446081161499023,19.18423080444336,18.924116134643555,129.07684326171875,68.91045379638672
2015-02-10,27.0838623046875,36.08353805541992,26.7534236907959,18.649999618530273,43.095916748046875,56.08373260498047,72.71571350097656,61.87356948852539,29.396181106567383,23.445655822753906,0.5015131235122681,74.4766845703125,60.8667106628418,83.67825317382812,92.0995864868164,26.041086196899414,19.445966720581055,19.54214096069336,129.47915649414062,69.87663269042969
2015-02-11,27.71866798400879,35.897193908691406,26.646442413330078,18.756999969482422,43.02958297729492,55.831077575683594,72.73743438720703,62.054744720458984,29.37537956237793,23.190492630004883,0.49816223978996277,75.78416442871094,61.30923843383789,83.40605163574219,92.05441284179688,25.92517852783203,19.04982566833496,19.599365234375,130.17434692382812,70.01785278320312
2015-02-12,28.069366455078125,36.49858856201172,27.043163299560547,18.85849952697754,43.914215087890625,56.921810150146484,71.3316879272461,62.33732986450195,29.236732482910156,23.069623947143555,0.5338305234909058,75.50682067871094,62.443275451660156,84.80482482910156,93.59964752197266,26.373363494873047,20.839508056640625,19.95415687561035,130.323974609375,70.67188262939453
2015-02-13,28.20698356628418,37.159263610839844,27.29823875427246,19.09149932861328,43.98790740966797,57.538047790527344,72.18672180175781,62.243125915527344,29.1119327545166,23.04813575744629,0.5340699553489685,75.02146911621094,62.14825439453125,84.6007080078125,94.1328125,26.55109214782715,20.818294525146484,19.822538375854492,131.76722717285156,71.08802795410156
2015-02-17,28.37346076965332,37.17631912231445,26.993637084960938,18.771499633789062,44.304908752441406,57.34083557128906,72.78091430664062,61.9460334777832,28.98712921142578,23.088424682617188,0.5357455611228943,74.88279724121094,62.434051513671875,84.68389892578125,94.08760833740234,26.844728469848633,20.7333984375,19.788206100463867,131.9344024658203,70.12188720703125
2015-02-18,28.57100486755371,37.133663177490234,26.876750946044922,18.668500900268555,43.766761779785156,56.08373260498047,72.43309783935547,62.503997802734375,28.931665420532227,23.17706298828125,0.5295214056968689,75.98226928710938,62.03070068359375,84.67631530761719,93.85267639160156,26.48154640197754,20.8607234954834,19.730979919433594,133.03445434570312,70.2928466796875
2015-02-19,28.511072158813477,37.10807800292969,27.064958572387695,18.950000762939453,43.6635627746582,55.11622619628906,72.96932220458984,61.74314498901367,29.195131301879883,22.433055877685547,0.5309577584266663,78.66654968261719,62.02609634399414,83.88239288330078,93.87976837158203,26.435176849365234,20.7333984375,19.6909236907959,135.30496215820312,70.00299072265625
2015-02-20,28.744142532348633,37.4151725769043,26.83464813232422,19.183000564575195,44.083770751953125,55.41203308105469,73.15904998779297,61.496795654296875,29.098064422607422,22.64255714416504,0.5347881317138672,79.14200592041016,62.92503356933594,84.86536407470703,94.47618103027344,26.589719772338867,20.945615768432617,19.77676010131836,139.3179168701172,70.00299072265625
2015-02-23,29.521011352539062,37.662574768066406,26.497854232788086,19.006999969482422,43.75202941894531,54.85126495361328,73.10064697265625,61.87356948852539,29.014867782592773,22.723134994506836,0.5304790735244751,78.09205627441406,62.927310943603516,84.89561462402344,94.873779296875,26.08744239807129,20.959760665893555,19.679479598999023,136.17617797851562,70.09217071533203
2015-02-24,29.336774826049805,37.611385345458984,26.67863655090332,18.929500579833984,44.83567810058594,55.10389709472656,73.48011779785156,61.95326614379883,29.208993911743164,22.7150821685791,0.5361263155937195,77.70574951171875,62.80283737182617,88.27536010742188,94.5846176147461,26.589719772338867,20.959760665893555,19.650863647460938,135.859375,70.59011840820312
2015-02-25,28.5865421295166,37.52608871459961,27.108543395996094,19.26849937438965,45.07159423828125,55.21482849121094,73.85223388671875,61.92430877685547,29.153528213500977,22.446481704711914,0.532041072845459,78.80521392822266,62.927310943603516,87.94270324707031,95.39790344238281,26.234264373779297,20.8607234954834,19.833982467651367,134.65371704101562,73.32514190673828
2015-02-26,28.948339462280273,37.58578872680664,27.70090675354004,19.239999771118164,45.39594650268555,54.62941360473633,75.0124740600586,61.714149475097656,29.437782287597656,22.508258819580078,0.5334832072257996,79.64716339111328,63.097877502441406,87.23951721191406,94.4852066040039,26.002445220947266,21.1578311920166,19.79392433166504,133.52731323242188,74.5995864868164
2015-02-27,28.5132999420166,37.406654357910156,27.8663330078125,19.007999420166016,45.1747932434082,54.561622619628906,74.80085754394531,61.68517303466797,30.020164489746094,22.54317283630371,0.5301185250282288,78.2208251953125,62.53546905517578,86.76313781738281,94.05147552490234,25.693359375,20.874881744384766,19.639421463012695,132.7528533935547,74.14225006103516
2015-03-02,28.65313148498535,37.4322395324707,28.47999382019043,19.283000946044922,45.536006927490234,54.25349426269531,75.31893157958984,61.88808059692383,29.95083236694336,22.551233291625977,0.5430952310562134,78.99342346191406,64.14431762695312,87.79902648925781,95.68708038330078,26.319265365600586,21.35590362548828,19.896930694580078,135.3489532470703,74.96688842773438
2015-03-03,28.713058471679688,36.92041015625,28.66671371459961,19.230499267578125,45.68345260620117,53.994686126708984,74.67680358886719,61.7069206237793,29.777502059936523,22.392763137817383,0.5330021381378174,78.84484100341797,63.45512008666992,87.76122283935547,96.10273742675781,26.350173950195312,20.896099090576172,19.77676010131836,136.90660095214844,74.77198791503906
2015-03-04,28.531051635742188,36.73273849487305,28.643932342529297,19.13599967956543,45.801395416259766,53.723533630371094,74.17334747314453,61.11998748779297,29.465511322021484,22.180566787719727,0.5390100479125977,80.13252258300781,63.097877502441406,86.770751953125,95.39790344238281,26.365631103515625,20.747547149658203,19.822538375854492,135.83299255371094,75.15434265136719
2015-03-05,28.05826759338379,36.77538299560547,28.797473907470703,19.39150047302246,45.705562591552734,53.45238494873047,74.80816650390625,61.3228874206543,29.396181106567383,22.446481704711914,0.5493433475494385,80.4395751953125,63.185462951660156,87.64026641845703,94.90992736816406,26.06427001953125,20.726320266723633,19.72525405883789,135.93861389160156,74.2996826171875
2015-03-06,28.100440979003906,36.13559341430664,28.3749942779541,19.004499435424805,44.887290954589844,52.76837158203125,73.0495834350586,59.89541244506836,28.786083221435547,22.183269500732422,0.541893720626831,79.25096130371094,62.081398010253906,86.53634643554688,93.81651306152344,25.646982192993164,20.4645938873291,19.439136505126953,134.7505340576172,72.81535339355469
2015-03-09,28.220300674438477,36.55358123779297,28.43442726135254,18.92799949645996,45.33697509765625,52.47871780395508,73.45094299316406,60.2070198059082,28.695945739746094,22.261146545410156,0.543335497379303,78.6863784790039,62.560821533203125,87.14119720458984,95.11776733398438,25.28380584716797,20.768774032592773,19.473468780517578,136.18496704101562,73.25017547607422
2015-03-10,27.636545181274414,35.85408020019531,27.72864532470703,18.475500106811523,44.201698303222656,51.92413330078125,72.62635040283203,59.0838623046875,28.210634231567383,22.043588638305664,0.5527076125144958,76.81430053710938,61.12714767456055,85.54524993896484,93.15684509277344,24.495616912841797,20.27359962463379,19.330408096313477,134.134521484375,72.18563842773438
2015-03-11,27.1326847076416,35.811431884765625,27.522605895996094,18.318500518798828,44.40811538696289,51.7762336730957,71.74342346191406,58.97516632080078,27.80158233642578,21.803104400634766,0.5498239398002625,76.8341064453125,61.0234260559082,85.9328384399414,92.97611236572266,24.982446670532227,19.99064826965332,19.244569778442383,133.03445434570312,71.18856811523438
2015-03-12,27.623226165771484,34.99248123168945,27.79401969909668,18.711999893188477,45.24114227294922,51.89948272705078,72.84526824951172,59.48238754272461,28.3608341217041,22.130062103271484,0.5447775721549988,78.18119049072266,62.136714935302734,88.235595703125,96.84373474121094,23.800151824951172,19.97650718688965,19.45630645751953,133.80007934570312,72.15564727783203
2015-03-13,27.43233871459961,35.299591064453125,27.38936996459961,18.52899932861328,44.9683723449707,51.68379592895508,72.39286804199219,59.29399871826172,27.899450302124023,22.130062103271484,0.5454980731010437,77.30955505371094,61.08795166015625,87.2628173828125,96.1840591430664,23.900619506835938,19.7642822265625,19.45630645751953,133.38650512695312,72.2306137084961
2015-03-16,27.734209060668945,35.45315170288086,27.817298889160156,18.667499542236328,45.59498977661133,52.23223876953125,73.74280548095703,60.547550201416016,28.16509246826172,22.505647659301758,0.5519866347312927,77.32935333251953,62.007652282714844,88.53961944580078,97.02446746826172,23.823345184326172,20.018939971923828,19.708087921142578,135.2345428466797,72.83037567138672
2015-03-17,28.19810676574707,35.572574615478516,27.617700576782227,18.59600067138672,45.41806411743164,51.813194274902344,72.88905334472656,60.0330924987793,28.318889617919922,22.32460594177246,0.558715283870697,78.60712432861328,60.965789794921875,87.84043884277344,96.65396118164062,23.63788414001465,19.912832260131836,19.55358123779297,135.97377014160156,72.09568786621094
2015-03-18,28.515518188476562,36.25502014160156,28.04117202758789,18.756999969482422,45.52126693725586,53.039512634277344,74.03467559814453,60.68523025512695,28.381805419921875,22.300281524658203,0.5495834350585938,80.14241790771484,61.696475982666016,88.22042083740234,97.56664276123047,23.869707107543945,19.912832260131836,19.67375946044922,137.0474090576172,72.71791076660156
2015-03-19,28.300209045410156,36.075870513916016,27.917842864990234,18.66200065612793,45.11581802368164,52.01655960083008,74.20248413085938,60.41712951660156,27.976346969604492,22.027372360229492,0.5579943060874939,81.9649658203125,61.59735107421875,87.52124786376953,97.02446746826172,23.75379180908203,19.99064826965332,19.54214096069336,135.6217498779297,71.9532241821289
2015-03-20,27.945070266723633,36.57917022705078,27.981239318847656,18.92449951171875,45.52126693725586,52.09666061401367,74.72058868408203,61.40259552001953,28.41676139831543,22.492136001586914,0.5640020370483398,83.0050048828125,62.150550842285156,89.29198455810547,97.98231506347656,24.19424819946289,20.117977142333984,19.599365234375,135.96498107910156,72.75540924072266
2015-03-23,28.235843658447266,36.562110900878906,28.002038955688477,18.75550079345703,45.07159423828125,52.64512634277344,75.14381408691406,61.4895133972168,28.39577865600586,22.51105308532715,0.5457385778427124,83.6290283203125,61.84630584716797,88.21283721923828,97.79256439208984,24.109251022338867,20.096755981445312,20.05716323852539,134.47769165039062,73.9323959350586
2015-03-24,28.12041473388672,36.59623718261719,28.604808807373047,18.704500198364258,44.57029342651367,52.0843391418457,74.39952087402344,60.80839920043945,28.29091453552246,22.4407958984375,0.5382891297340393,84.50067901611328,61.86472702026367,88.27363586425781,96.78952026367188,23.792434692382812,19.806726455688477,19.75387191772461,133.4568634033203,74.48709106445312
2015-03-25,27.385725021362305,35.367828369140625,28.082773208618164,18.54800033569336,43.943687438964844,52.293861389160156,73.2174301147461,60.149024963378906,28.276945114135742,21.973325729370117,0.5056071877479553,82.13335418701172,60.60163116455078,86.39644622802734,94.88282775878906,23.096973419189453,19.42474365234375,19.62796974182129,130.44715881347656,73.57251739501953
2015-03-26,27.576618194580078,35.154563903808594,27.916357040405273,18.36750030517578,43.89209747314453,51.961090087890625,73.07147979736328,59.52587890625,28.207042694091797,22.12735366821289,0.5039251446723938,82.22248840332031,60.472537994384766,85.40083312988281,95.09970092773438,23.243793487548828,19.16301727294922,19.547861099243164,130.39437866210938,73.19767761230469
2015-03-27,27.356868743896484,34.949832916259766,27.61472511291504,18.527999877929688,43.89945602416992,51.50508117675781,73.2174301147461,59.64183044433594,28.0183048248291,21.981441497802734,0.5137776136398315,82.50975799560547,60.426448822021484,86.5332260131836,95.31658172607422,24.727436065673828,19.191307067871094,19.75959014892578,130.99281311035156,72.68791961669922
2015-03-30,28.049388885498047,34.941307067871094,27.79253578186035,18.72949981689453,44.938899993896484,52.76837158203125,74.10035705566406,59.93891143798828,28.318889617919922,22.300281524658203,0.5159405469894409,82.41069030761719,60.53709030151367,87.11843872070312,95.89490509033203,24.310163497924805,19.55914878845215,20.028545379638672,134.38088989257812,73.37760162353516
2015-03-31,27.61878776550293,34.68538284301758,27.473569869995117,18.604999542236328,44.65876007080078,52.3801383972168,73.40713500976562,59.373714447021484,28.346843719482422,22.224626541137695,0.5029639601707458,81.43999481201172,60.306610107421875,86.34321594238281,94.78343200683594,24.163347244262695,19.6232967376709,19.90837860107422,132.07522583007812,73.04776000976562
2015-04-01,27.578828811645508,34.736568450927734,27.215526580810547,18.51300048828125,44.48808670043945,52.0473747253418,72.34908294677734,59.6490592956543,28.437728881835938,21.80850601196289,0.5048863887786865,80.89521026611328,60.09453582763672,85.97843170166016,95.28041076660156,23.80788803100586,19.4237060546875,19.645139694213867,130.80795288085938,72.18563842773438
2015-04-02,27.81633949279785,34.36975860595703,26.810379028320312,18.612499237060547,44.911067962646484,51.94875717163086,72.70661926269531,59.72876739501953,28.437728881835938,21.81391143798828,0.5060878396034241,80.7862548828125,60.195953369140625,87.05001831054688,95.78646087646484,23.80788803100586,19.33818244934082,19.67375946044922,131.3712158203125,71.84078216552734
2015-04-06,28.26691436767578,35.44461441040039,26.941139221191406,18.851999282836914,44.873985290527344,52.46024703979492,72.35637664794922,60.17078399658203,28.780258178710938,21.884166717529297,0.5207469463348389,81.65789794921875,60.112972259521484,87.36164093017578,95.45210266113281,23.985620498657227,19.402328491210938,19.730979919433594,132.8232421875,72.17813110351562
2015-04-07,27.9694881439209,35.42754364013672,26.9862060546875,18.720500946044922,45.15594482421875,52.84231185913086,73.04229736328125,59.69977569580078,28.668415069580078,21.75176429748535,0.5253127217292786,81.5390396118164,60.66616439819336,86.86763000488281,95.27137756347656,24.155622482299805,19.52350616455078,19.765308380126953,134.04649353027344,72.2306137084961
2015-04-08,27.87847900390625,35.33370590209961,27.183330535888672,19.059999465942383,45.30438232421875,51.800880432128906,73.0860824584961,59.975120544433594,28.584524154663086,21.894975662231445,0.5291572213172913,81.49942779541016,61.311553955078125,87.84803009033203,96.11177825927734,24.19424819946289,19.637550354003906,19.822538375854492,134.96177673339844,72.6054458618164
2015-04-09,28.091562271118164,35.38488006591797,27.142715454101562,19.177000045776367,45.616050720214844,52.164451599121094,73.9397964477539,60.06208419799805,28.696380615234375,21.84363555908203,0.5414132475852966,81.39046478271484,61.2562370300293,87.07281494140625,96.48226928710938,24.140159606933594,19.69457244873047,20.045713424682617,135.0145263671875,72.38054656982422
2015-04-10,28.211427688598633,35.589622497558594,27.168474197387695,19.13249969482422,45.78672409057617,52.725223541259766,74.47248077392578,60.39540100097656,28.57754135131836,21.792293548583984,0.5469403266906738,81.26171112060547,61.16403579711914,87.5820083618164,96.64494323730469,24.673351287841797,19.9868221282959,20.28033447265625,135.859375,73.31764221191406
2015-04-13,28.155935287475586,35.623741149902344,27.173425674438477,19.118000030517578,46.061309814453125,52.58965301513672,73.37064361572266,60.45336151123047,28.45171356201172,21.69501495361328,0.541893720626831,82.22248840332031,60.490989685058594,86.97403717041016,96.24732971191406,24.5188045501709,19.944055557250977,20.080047607421875,134.85610961914062,73.04776000976562
2015-04-14,28.033857345581055,35.52992630004883,26.734603881835938,19.25550079345703,46.781131744384766,53.38459396362305,73.34873962402344,60.576541900634766,28.318889617919922,21.657194137573242,0.5373280644416809,82.72764587402344,60.41722869873047,86.67765045166016,96.38286590576172,24.333345413208008,19.822877883911133,20.045713424682617,134.82974243164062,73.15272521972656
2015-04-15,28.140398025512695,36.050296783447266,26.797008514404297,19.172500610351562,47.649375915527344,54.27813720703125,73.40713500976562,60.511314392089844,28.24199676513672,21.546405792236328,0.5438161492347717,81.92534637451172,60.55552673339844,86.22164916992188,96.67204284667969,25.368804931640625,20.136510848999023,20.14871597290039,134.143310546875,72.29808044433594
2015-04-16,28.005002975463867,35.9649772644043,26.919841766357422,19.302000045776367,47.352535247802734,54.062461853027344,72.81608581542969,60.504093170166016,28.381805419921875,21.411304473876953,0.5404518842697144,81.52913665771484,60.52785110473633,86.16082000732422,97.68412017822266,25.399707794189453,20.385990142822266,20.13727569580078,133.7384796142578,71.69084930419922
2015-04-17,27.68981170654297,35.50432586669922,26.38591766357422,18.777999877929688,46.63270950317383,53.5694694519043,72.6628646850586,59.801212310791016,28.172088623046875,21.0438232421875,0.5334832072257996,80.0136489868164,59.486026763916016,85.1956558227539,96.40998077392578,25.090620040893555,19.90128517150879,20.051435470581055,131.65283203125,71.12860870361328
2015-04-20,28.322402954101562,36.60477066040039,26.96986198425293,19.475500106811523,46.92954635620117,53.760498046875,73.12255096435547,60.047584533691406,28.423742294311523,21.114072799682617,0.5308396220207214,82.3017349243164,59.67041778564453,85.77323150634766,97.79256439208984,25.291526794433594,20.300457000732422,20.034271240234375,134.35450744628906,72.10318756103516
2015-04-21,28.169260025024414,36.374454498291016,26.89012336730957,19.55900001525879,46.23939895629883,53.538673400878906,73.188232421875,60.199729919433594,28.507631301879883,21.084354400634766,0.5301185250282288,82.82672119140625,60.251277923583984,86.00883483886719,97.3045883178711,25.059707641601562,20.45014190673828,19.965599060058594,134.93533325195312,71.12110900878906
2015-04-22,28.54880714416504,36.67301940917969,27.20016860961914,19.489999771118164,46.706912994384766,53.89607620239258,73.28309631347656,60.2070198059082,28.87813949584961,21.192432403564453,0.5361263155937195,83.82713317871094,62.70375442504883,85.87202453613281,97.5395278930664,25.26835060119629,20.40024757385254,19.988489151000977,133.0520477294922,73.34761047363281
2015-04-23,28.78186798095703,36.97159194946289,27.610267639160156,19.499500274658203,46.603023529052734,53.945377349853516,73.30499267578125,59.12815856933594,28.626476287841797,21.39508628845215,0.5339634418487549,81.62820434570312,62.43635940551758,86.60922241210938,98.49739837646484,24.997894287109375,20.443017959594727,20.23455238342285,131.89041137695312,72.71791076660156
2015-04-24,28.917266845703125,40.835941314697266,28.41263771057129,22.2549991607666,46.45459747314453,53.59413146972656,73.75739288330078,59.164642333984375,28.584524154663086,21.573429107666016,0.5293977856636047,80.75654602050781,62.21508026123047,86.41160583496094,98.97633361816406,24.78925323486328,20.542804718017578,20.183053970336914,130.59674072265625,74.02230834960938
2015-04-27,29.443315505981445,40.97243118286133,28.039188385009766,21.92799949645996,46.26165771484375,53.61878204345703,73.39254760742188,58.87250900268555,28.542593002319336,21.446434020996094,0.5334832072257996,81.1329345703125,61.86472702026367,84.65603637695312,99.54564666748047,25.113801956176758,20.59269905090332,19.79392433166504,130.0687713623047,72.29808044433594
2015-04-28,28.979419708251953,41.936397552490234,27.952516555786133,21.465499877929688,46.5733528137207,54.10560989379883,73.50928497314453,58.74102783203125,28.50063705444336,21.373472213745117,0.5361263155937195,79.91460418701172,61.56047821044922,84.04044342041016,99.32875061035156,25.515626907348633,20.89920425415039,19.730979919433594,129.81353759765625,72.5904312133789
2015-04-29,28.553247451782227,41.8510856628418,27.80491828918457,21.4685001373291,47.19668960571289,54.14872741699219,73.25389099121094,58.32467269897461,28.304903030395508,21.0438232421875,0.532041072845459,79.70659637451172,62.08600616455078,82.6192626953125,99.22936248779297,25.415172576904297,20.706748962402344,19.62225914001465,128.61668395996094,72.73289489746094
2015-04-30,27.77860450744629,41.49280548095703,27.17986488342285,21.089000701904297,46.94438934326172,53.84062194824219,72.38555145263672,58.07633590698242,28.353843688964844,21.089752197265625,0.5334832072257996,78.02271270751953,60.89667510986328,81.304443359375,98.2443618774414,25.152437210083008,20.5499324798584,19.416244506835938,126.14381408691406,72.38054656982422
2015-05-01,28.62205696105957,41.50984573364258,27.29823875427246,21.14349937438965,47.20412063598633,54.75263977050781,73.06417846679688,58.64605712890625,28.5985107421875,21.238372802734375,0.5467000007629395,78.24063110351562,60.63850402832031,83.25765228271484,99.87093353271484,25.8247127532959,20.763769149780273,19.5020809173584,127.31425476074219,73.31764221191406
2015-05-04,28.566566467285156,41.151573181152344,27.381444931030273,21.152000427246094,48.027828216552734,54.91287612915039,73.22470092773438,58.689910888671875,28.63346290588379,21.39508628845215,0.543335497379303,78.06234741210938,60.46331787109375,83.64524841308594,100.3318099975586,25.832447052001953,20.792282104492188,19.639421463012695,126.74224853515625,72.06568908691406
2015-05-05,27.922874450683594,40.605621337890625,26.89606475830078,21.059499740600586,47.79035949707031,54.60474395751953,72.60447692871094,58.485374450683594,28.486669540405273,21.111371994018555,0.5293977856636047,76.8241958618164,60.81368637084961,82.125244140625,100.13301086425781,25.404369354248047,20.59269905090332,19.524967193603516,125.76538848876953,72.06568908691406
2015-05-06,27.747528076171875,39.479576110839844,26.501815795898438,20.954999923706055,47.43415832519531,54.345951080322266,72.36367797851562,58.726417541503906,28.423742294311523,21.114089965820312,0.5310801267623901,77.35908508300781,60.54630661010742,82.31525421142578,99.14804077148438,25.077478408813477,20.649723052978516,19.30571746826172,124.91517639160156,72.2605972290039
2015-05-07,27.919151306152344,39.83785629272461,26.84653663635254,21.3439998626709,47.86457061767578,53.98235321044922,72.72125244140625,58.58034133911133,28.45171356201172,21.2174129486084,0.5404518842697144,77.68594360351562,61.38531494140625,83.63004302978516,98.73235321044922,25.093042373657227,20.535673141479492,19.37495994567871,125.31370544433594,72.55296325683594
2015-05-08,28.445165634155273,40.733585357666016,27.188777923583984,21.684499740600586,48.5992431640625,54.83891677856445,74.04198455810547,59.13545608520508,28.647443771362305,21.353374481201172,0.5005608201026917,77.76519012451172,64.04984283447266,85.47683715820312,99.50045776367188,25.528902053833008,20.835052490234375,19.628826141357422,128.82981872558594,73.63999938964844
2015-05-11,28.155412673950195,40.40941619873047,27.03177261352539,21.642499923706055,48.56955337524414,53.91936492919922,73.7209243774414,58.6314697265625,28.619483947753906,21.236459732055664,0.495754599571228,77.26992797851562,63.63492965698242,85.04363250732422,98.13594055175781,25.44328498840332,20.820796966552734,19.594209671020508,129.21067810058594,73.1002197265625
2015-05-12,28.05510711669922,40.39235305786133,26.682598114013672,21.551000595092773,48.50276565551758,54.06847381591797,73.31227111816406,58.39772415161133,28.444717407226562,21.470293045043945,0.5005608201026917,76.72515106201172,63.330684661865234,85.51481628417969,98.71429443359375,25.100818634033203,20.835052490234375,19.490354537963867,128.80325317382812,73.4300765991211
2015-05-13,28.086318969726562,40.63121032714844,26.720237731933594,21.3435001373291,48.62150573730469,53.78266525268555,73.37064361572266,58.2150993347168,28.696380615234375,21.252763748168945,0.503444492816925,77.69586181640625,63.40454864501953,84.50404357910156,98.66909790039062,25.404369354248047,20.92058563232422,19.346111297607422,128.97152709960938,72.98027038574219
2015-05-14,28.741607666015625,41.56104278564453,27.201160430908203,21.61400032043457,49.014801025390625,54.037410736083984,74.30465698242188,58.85060119628906,29.01095962524414,21.405033111572266,0.5116151571273804,80.59806060791016,64.65141296386719,85.07402801513672,99.3377914428711,25.66121482849121,20.706748962402344,19.58266830444336,131.0440216064453,73.25017547607422
2015-05-15,28.701488494873047,41.202754974365234,27.066936492919922,21.299999237060547,48.888648986816406,54.273521423339844,74.64762878417969,59.20118713378906,29.02494239807129,21.54644203186035,0.5118553042411804,79.65705871582031,64.25428771972656,86.14561462402344,99.67214965820312,25.676782608032227,21.06314468383789,19.61151695251465,130.08746337890625,73.49757385253906
2015-05-18,29.018001556396484,40.95537567138672,27.075855255126953,21.261999130249023,49.28937530517578,53.96282958984375,75.46487426757812,58.974769592285156,28.885122299194336,21.73133659362793,0.5111342072486877,80.11271667480469,64.65141296386719,86.89041137695312,99.69926452636719,26.003679275512695,21.212833404541016,19.60574722290039,129.93690490722656,73.48255920410156
2015-05-19,28.991254806518555,40.852352142333984,27.205123901367188,21.085500717163086,49.727210998535156,54.04981994628906,75.8589096069336,59.040504455566406,28.87813949584961,20.7823543548584,0.5079476833343506,79.86506652832031,64.79916381835938,85.37800598144531,99.90708923339844,25.801313400268555,21.19857406616211,19.73845100402832,130.238037109375,75.4766845703125
2015-05-20,28.98902130126953,40.852352142333984,27.365100860595703,21.19300079345703,49.33390426635742,54.13680648803711,75.59619140625,58.78486251831055,28.906097412109375,20.638240814208984,0.5079476833343506,79.78584289550781,64.44821166992188,85.1956558227539,99.581787109375,25.97254753112793,21.113037109375,19.79037857055664,129.68003845214844,75.04935455322266
2015-05-21,29.28546905517578,40.71495056152344,27.57807731628418,21.581499099731445,49.46005630493164,54.186527252197266,75.28015899658203,58.73373031616211,28.82220458984375,20.695341110229492,0.504326343536377,79.71649932861328,64.06957244873047,85.12723541259766,99.75347900390625,26.112642288208008,20.97761344909668,19.824996948242188,130.50375366210938,74.42713165283203
2015-05-22,29.54178810119629,40.268489837646484,27.464656829833984,21.381500244140625,49.32648849487305,53.75780487060547,74.49369049072266,58.39772415161133,28.808223724365234,20.627368927001953,0.5036020278930664,79.77593231201172,64.30043029785156,85.24124908447266,99.635986328125,26.03481101989746,20.856435775756836,19.778844833374023,128.25411987304688,74.20975494384766
2015-05-26,28.890941619873047,40.00232696533203,27.101612091064453,21.273500442504883,48.77734375,53.03083801269531,74.10413360595703,57.80605697631836,28.654428482055664,20.366321563720703,0.500463604927063,78.57740783691406,63.302974700927734,84.30642700195312,98.89501953125,25.76239776611328,20.635467529296875,19.68075180053711,126.47393798828125,73.81241607666016
2015-05-27,29.430341720581055,40.87809753417969,27.45128059387207,21.570999145507812,49.32648849487305,52.881717681884766,74.33197784423828,57.98869705200195,28.74532127380371,20.445180892944336,0.5272612571716309,79.78584289550781,64.18041229248047,85.24124908447266,99.73539733886719,26.237165451049805,20.892078399658203,19.79037857055664,126.65108489990234,73.96235656738281
2015-05-28,29.372392654418945,40.7407112121582,27.447813034057617,21.328500747680664,49.12610626220703,52.881717681884766,74.34671783447266,57.94485855102539,28.759292602539062,20.350013732910156,0.5345038175582886,79.38964080810547,64.24502563476562,85.26402282714844,99.87998962402344,26.470659255981445,20.92058563232422,19.87115478515625,126.05767059326172,72.95662689208984
2015-05-29,29.038057327270508,40.23414611816406,27.00899314880371,21.46150016784668,48.814453125,52.937644958496094,73.60433197021484,57.25826644897461,28.63346290588379,20.195022583007812,0.5342624187469482,78.43875122070312,63.43226623535156,84.67884063720703,99.73539733886719,26.820911407470703,20.892078399658203,20.050024032592773,124.45459747314453,72.54073333740234
2015-06-01,29.09601593017578,40.55182647705078,27.20166015625,21.54599952697754,49.037071228027344,52.89414596557617,73.53083801269531,57.59424591064453,28.619483947753906,20.32010269165039,0.5402979254722595,79.52828979492188,63.82942199707031,84.86885070800781,100.26856231689453,26.392833709716797,20.799407958984375,19.940399169921875,125.10115814208984,72.760009765625
2015-06-02,28.96673583984375,40.28565979003906,27.436424255371094,21.54949951171875,48.99253845214844,52.90034866333008,73.48673248291016,57.36782455444336,28.654428482055664,20.265714645385742,0.5296755433082581,79.6768798828125,63.7647819519043,85.25849914550781,100.07878112792969,25.894712448120117,20.728134155273438,19.900005340576172,126.87250518798828,72.81295013427734
2015-06-03,29.00238800048828,40.2255744934082,27.502792358398438,21.829500198364258,49.49714660644531,52.782318115234375,73.56758880615234,57.382415771484375,28.5705509185791,20.36361312866211,0.5238813757896423,81.65789794921875,63.681636810302734,86.45803833007812,100.45832061767578,25.474416732788086,20.735261917114258,19.853849411010742,127.36844635009766,72.98685455322266
2015-06-04,28.83299446105957,39.804840087890625,27.324487686157227,21.538999557495117,49.22257614135742,52.3287353515625,72.93546295166016,57.082942962646484,28.374813079833984,20.162397384643555,0.5332968235015869,81.27161407470703,62.9981689453125,85.15914916992188,99.67214965820312,25.147525787353516,20.393117904663086,19.755762100219727,125.0479965209961,72.82807159423828
2015-06-05,28.67474365234375,39.615943908691406,27.217506408691406,21.34749984741211,50.03145980834961,52.36602020263672,72.4650650024414,56.55704879760742,28.03227424621582,19.866004943847656,0.5374006628990173,81.36074829101562,63.14597702026367,84.32635498046875,99.67214965820312,24.781713485717773,20.371732711791992,19.66921615600586,124.64058685302734,72.24581909179688
2015-06-08,28.485294342041016,39.263919830322266,26.91786003112793,21.174999237060547,49.638153076171875,52.72016143798828,72.00198364257812,56.76156997680664,28.074220657348633,19.7436466217041,0.5250885486602783,79.9046859741211,62.508689880371094,83.99018096923828,98.75946044921875,24.361417770385742,20.15789031982422,19.60574722290039,124.56089782714844,72.07942962646484
2015-06-09,28.400590896606445,39.19523239135742,26.85247802734375,21.27400016784668,49.85334777832031,52.55239486694336,72.1857681274414,57.63077163696289,28.1021728515625,19.705575942993164,0.5277440547943115,79.9046859741211,62.75801086425781,83.6845703125,98.06365203857422,24.3225040435791,20.129383087158203,19.6230525970459,124.08263397216797,71.63330841064453
2015-06-10,28.726011276245117,40.01948547363281,27.36956214904785,21.53849983215332,50.654815673828125,52.9438591003418,72.6781997680664,58.09825897216797,28.19306182861328,19.830659866333008,0.5183287858963013,81.38056182861328,64.30967712402344,84.79243469238281,99.40103912353516,24.766145706176758,20.428756713867188,19.796152114868164,125.42884063720703,72.06434631347656
2015-06-11,28.661365509033203,39.87353515625,27.242765426635742,21.648500442504883,50.84775924682617,52.86929702758789,72.94282531738281,58.00328826904297,28.26353645324707,19.833375930786133,0.5238813757896423,81.05369567871094,64.31892395019531,85.0292739868164,99.9613037109375,24.78949546813965,20.571313858032227,19.882699966430664,126.61566162109375,72.28359985351562
2015-06-12,28.34486961364746,39.46998596191406,27.115478515625,21.496000289916992,50.64739990234375,52.20446014404297,72.28865051269531,57.60887145996094,28.164859771728516,19.694698333740234,0.5096376538276672,80.75654602050781,64.03263092041016,84.50209045410156,99.3558578491211,24.37698745727539,20.34322738647461,19.73845100402832,126.47393798828125,71.88285064697266
2015-06-15,28.289140701293945,39.04927062988281,26.89408302307129,21.183500289916992,50.4544563293457,52.01807403564453,71.65657043457031,57.06105422973633,27.904067993164062,19.55874252319336,0.5086719393730164,79.94432067871094,63.3306770324707,84.05133819580078,99.56370544433594,24.431472778320312,20.300457000732422,19.640365600585938,126.022216796875,71.3081283569336
2015-06-16,28.440706253051758,39.34977722167969,26.986703872680664,21.363000869750977,50.736446380615234,52.61455154418945,72.29600524902344,57.77687072753906,28.249452590942383,19.672950744628906,0.5149487257003784,80.29100036621094,63.73704528808594,84.21940612792969,100.35891723632812,24.626052856445312,20.46439552307129,19.640365600585938,126.06651306152344,71.55767822265625
2015-06-17,28.373844146728516,39.46998596191406,27.0723876953125,21.390499114990234,50.565757751464844,52.6456184387207,72.56794738769531,58.4926872253418,28.383352279663086,19.77627182006836,0.520984411239624,81.01407623291016,63.49692916870117,84.40277099609375,100.74746704101562,24.86733055114746,20.621217727661133,19.60574722290039,127.03189086914062,72.00382232666016
2015-06-18,28.503122329711914,40.11393356323242,27.546871185302734,21.969499588012695,51.04069900512695,53.11159896850586,73.76602172851562,59.03321075439453,28.65119743347168,19.844253540039062,0.5296755433082581,82.12345123291016,64.18962860107422,85.4571304321289,102.310791015625,25.202003479003906,20.820796966552734,19.830768585205078,128.7589874267578,72.72222137451172
2015-06-19,28.21782112121582,39.58161163330078,27.613239288330078,21.746000289916992,50.521240234375,52.9438591003418,73.39852905273438,58.828670501708984,28.47499656677246,19.77899742126465,0.5279854536056519,81.72723388671875,63.441524505615234,85.9002685546875,101.76861572265625,24.960729598999023,20.69249153137207,19.721149444580078,128.53753662109375,72.65416717529297
2015-06-22,28.442947387695312,39.6932373046875,27.720224380493164,21.81450080871582,51.17427444458008,52.91899490356445,73.56758880615234,58.76296615600586,28.531368255615234,19.792591094970703,0.5258128046989441,83.93608856201172,63.810943603515625,86.38925170898438,102.59092712402344,25.10860252380371,20.628337860107422,19.796152114868164,129.04238891601562,73.25151824951172
2015-06-23,28.313663482666016,39.4184684753418,27.903972625732422,22.29949951171875,51.760536193847656,52.85688018798828,73.3397216796875,58.28085708618164,28.460891723632812,19.73276710510254,0.5122932195663452,87.04630279541016,64.11572265625,86.47329711914062,103.38612365722656,24.976293563842773,20.521421432495117,19.905778884887695,127.91754913330078,73.48595428466797
2015-06-24,28.554378509521484,39.186649322509766,27.665245056152344,22.04199981689453,51.21880340576172,52.61455154418945,73.00895690917969,58.07633590698242,28.326967239379883,19.681102752685547,0.5072234869003296,88.01699829101562,63.598514556884766,85.83917236328125,102.80777740478516,24.83619499206543,20.32183837890625,19.74999237060547,126.65108489990234,73.07759857177734
2015-06-25,28.41842269897461,39.19523239135742,27.634538650512695,22.0049991607666,50.94422149658203,52.1485595703125,72.85462188720703,57.98869705200195,28.207151412963867,19.53971290588379,0.5110858082771301,87.14535522460938,63.37685012817383,85.75511169433594,103.42227172851562,24.898456573486328,20.243425369262695,19.628826141357422,126.16393280029297,72.43486785888672
2015-06-26,28.25125503540039,38.86037826538086,27.392343521118164,21.905000686645508,51.1668586730957,52.10506057739258,73.23680877685547,57.95217514038086,28.193050384521484,19.61041259765625,0.5007050633430481,87.1750717163086,63.49692916870117,86.03015899658203,103.91024780273438,24.143489837646484,20.15789031982422,19.571128845214844,126.19048309326172,73.56915283203125
2015-06-29,27.756444931030273,38.09622573852539,26.807409286499023,21.493000030517578,49.86819076538086,51.4588623046875,71.79618072509766,57.20713424682617,27.770164489746094,19.420066833496094,0.48573699593544006,84.98603820800781,61.622039794921875,84.45625305175781,102.15718078613281,23.653154373168945,19.630422592163086,19.38072395324707,122.86924743652344,72.17017364501953
2015-06-30,27.95704460144043,37.90733337402344,26.747480392456055,21.704500198364258,50.28377151489258,51.694969177246094,71.63451385498047,57.148712158203125,27.650341033935547,19.286823272705078,0.48549559712409973,84.956298828125,62.019168853759766,84.90702819824219,103.14214324951172,23.676502227783203,19.57340431213379,19.346111297607422,122.86039733886719,71.89039611816406
2015-07-01,28.21782112121582,38.1649169921875,26.908945083618164,21.86949920654297,50.8439826965332,51.179264068603516,72.37686157226562,58.229705810546875,27.840641021728516,19.545150756835938,0.4924967885017395,86.08550262451172,62.66568374633789,85.625244140625,104.6418228149414,23.489702224731445,19.645227432250977,19.438426971435547,124.64058685302734,72.41217803955078
2015-07-02,28.182161331176758,38.121978759765625,27.109039306640625,21.885499954223633,50.43316650390625,51.657676696777344,72.35479736328125,58.38312911987305,27.833593368530273,19.53971290588379,0.4929794371128082,86.46189880371094,63.025901794433594,85.18209075927734,104.49640655517578,23.785463333129883,19.6308650970459,19.2537899017334,124.18003845214844,72.72222137451172
2015-07-06,28.084089279174805,38.113407135009766,27.023849487304688,21.802000045776367,50.29124069213867,51.27866744995117,72.17842102050781,58.47077178955078,27.78425407409668,19.721893310546875,0.4869442284107208,86.71942901611328,62.91505813598633,85.05217742919922,105.1598892211914,23.380741119384766,19.551851272583008,19.18455696105957,124.45459747314453,72.3289794921875
2015-07-07,28.014986038208008,38.0361213684082,27.242271423339844,21.836000442504883,49.89537048339844,51.489933013916016,72.70758819580078,59.690582275390625,28.36927032470703,20.06450653076172,0.4777701199054718,86.3925552368164,62.59181213378906,85.87737274169922,106.43236541748047,23.271772384643555,19.65241241455078,19.461505889892578,126.7839126586914,73.10783386230469
2015-07-08,27.3195743560791,37.98460388183594,26.829694747924805,21.485000610351562,48.872066497802734,50.930721282958984,71.86235046386719,59.1573600769043,28.094383239746094,19.866004943847656,0.4743903577327728,84.83745574951172,61.631256103515625,84.80770874023438,104.69637298583984,22.960445404052734,19.386642456054688,19.299949645996094,125.69453430175781,72.4726791381836
2015-07-09,26.762351989746094,38.225006103515625,26.975805282592773,21.719499588012695,49.37997817993164,50.70083999633789,72.32540130615234,58.91630935668945,28.136667251586914,19.789873123168945,0.4685961902141571,85.0652847290039,61.92684555053711,85.0980453491211,105.06900024414062,22.516803741455078,19.329181671142578,19.536508560180664,126.47393798828125,72.96417236328125
2015-07-10,27.47783088684082,38.30229187011719,27.54340362548828,22.175500869750977,50.08210754394531,51.0860595703125,73.15597534179688,59.12815856933594,28.467945098876953,19.882320404052734,0.4768045246601105,87.1156234741211,63.192134857177734,86.41218566894531,105.83248901367188,22.703596115112305,19.594955444335938,19.824996948242188,127.96185302734375,73.84135437011719
2015-07-13,28.00830841064453,39.10079574584961,28.31704330444336,22.778499603271484,50.858924865722656,51.21034622192383,73.69988250732422,59.82936477661133,28.658235549926758,20.088979721069336,0.47994300723075867,89.24524688720703,64.20807647705078,87.7874526977539,107.29581451416016,23.13945960998535,19.961278915405273,20.090415954589844,129.85716247558594,74.4311752319336
2015-07-14,27.997163772583008,39.16947555541992,28.933673858642578,23.278499603271484,51.56850814819336,51.6390495300293,73.3397216796875,59.924320220947266,29.017690658569336,20.06450653076172,0.48018431663513184,88.82921600341797,64.74378204345703,88.13888549804688,107.11404418945312,23.077194213867188,20.1336669921875,20.24042510986328,130.85801696777344,74.69583892822266
2015-07-15,28.26685333251953,39.289676666259766,28.92277717590332,23.059499740600586,51.6805534362793,51.42158126831055,73.81013488769531,60.00466537475586,28.989505767822266,20.026432037353516,0.4768045246601105,88.9084701538086,64.66986846923828,88.30699157714844,107.52305603027344,23.108314514160156,20.191137313842773,20.18273162841797,130.0963134765625,74.91512298583984
2015-07-16,28.643545150756836,40.06242752075195,29.805381774902344,23.77400016784668,51.956905364990234,51.514801025390625,74.31729125976562,60.11424255371094,29.236194610595703,20.075380325317383,0.4874267876148224,89.98812103271484,65.1778793334961,87.6575698852539,108.222900390625,23.271772384643555,20.341970443725586,20.25196075439453,131.513427734375,74.00016784667969
2015-07-17,28.890941619873047,40.028072357177734,34.65127182006836,24.15049934387207,51.69549560546875,51.32838439941406,73.56024169921875,60.070396423339844,29.074094772338867,19.955739974975586,0.48452988266944885,94.06903076171875,65.46419525146484,87.45890045166016,108.03204345703125,22.93709373474121,20.24140739440918,20.234657287597656,130.05203247070312,73.72794342041016
2015-07-20,29.43702507019043,40.28565979003906,34.31546401977539,24.405000686645508,51.732826232910156,50.80027389526367,73.77339935302734,60.03390121459961,29.16571617126465,19.87688446044922,0.4755972921848297,96.98114776611328,67.14509582519531,86.6490478515625,108.68646240234375,22.649118423461914,20.1336669921875,20.33274269104004,129.94577026367188,73.72035217285156
2015-07-21,29.142818450927734,40.594757080078125,34.439788818359375,24.399999618530273,51.61332321166992,50.73810577392578,73.75131225585938,59.624855041503906,29.031797409057617,19.77899742126465,0.4777701199054718,97.45660400390625,66.51708221435547,86.99285125732422,108.44103240966797,22.35335350036621,19.997194290161133,20.275041580200195,128.4224090576172,73.59180450439453
2015-07-22,27.910234451293945,39.10079574584961,34.427406311035156,24.41349983215332,52.34530258178711,50.81890106201172,73.63372802734375,59.52395248413086,28.827388763427734,19.893199920654297,0.4685961902141571,96.1194076538086,66.47087097167969,87.7874526977539,108.45923614501953,22.267744064331055,19.774520874023438,20.125028610229492,129.724365234375,73.78844451904297
2015-07-23,27.89686393737793,39.59019088745117,33.41849899291992,24.108999252319336,52.016666412353516,50.415035247802734,73.6484375,59.42824172973633,28.785114288330078,19.716449737548828,0.4743903577327728,94.5345687866211,66.26771545410156,87.55059051513672,107.97750854492188,22.25995445251465,20.119300842285156,20.067331314086914,129.40553283691406,73.41790008544922
2015-07-24,27.749753952026367,39.44422912597656,32.42990493774414,26.47100067138672,51.471405029296875,49.66943359375,72.87666320800781,59.12627029418945,28.5031795501709,19.463577270507812,0.46883758902549744,96.03024291992188,69.08468627929688,86.78658294677734,108.07747650146484,21.83966064453125,20.399431228637695,19.76730728149414,127.58985900878906,72.66925811767578
2015-07-27,27.364151000976562,38.93766403198242,32.6032600402832,26.570499420166016,50.79916763305664,49.246917724609375,72.23719024658203,58.89063262939453,28.573657989501953,19.409194946289062,0.4661819636821747,93.27661895751953,68.21646881103516,86.38925170898438,107.47761535644531,22.065378189086914,20.26296043395996,19.81346321105957,124.90628814697266,72.6239013671875
2015-07-28,27.500118255615234,38.92906188964844,32.67210388183594,26.30150032043457,50.82904052734375,51.24761199951172,72.7811050415039,59.08213806152344,28.580703735351562,19.604969024658203,0.47632157802581787,94.3860092163086,69.02923583984375,87.74160766601562,107.66846466064453,22.54015350341797,20.26296043395996,20.396207809448242,125.59712219238281,73.59938049316406
2015-07-29,27.41318702697754,39.74473571777344,32.759769439697266,26.450000762939453,51.49380874633789,51.657676696777344,73.30297088623047,59.36931228637695,28.60890769958496,19.64031982421875,0.48211565613746643,96.06986999511719,70.20218658447266,88.91057586669922,108.9227523803711,22.579069137573242,20.399431228637695,20.632774353027344,127.66077423095703,74.26481628417969
2015-07-30,27.27500343322754,40.251319885253906,32.914791107177734,26.83799934387207,51.56850814819336,51.5769157409668,73.38382720947266,56.99070358276367,28.58776092529297,19.621280670166016,0.4833228290081024,94.3067626953125,70.54391479492188,88.97932434082031,109.09544372558594,22.501239776611328,20.327608108520508,20.61546516418457,126.65991973876953,74.9907455444336
2015-07-31,27.036508560180664,40.096771240234375,32.56512451171875,26.8075008392334,51.18756866455078,49.21584701538086,73.6557846069336,56.48257827758789,28.954267501831055,19.57234764099121,0.48163294792175293,93.11813354492188,69.58338165283203,89.4148178100586,109.06816864013672,22.53237533569336,20.413803100585938,20.805862426757812,127.68732452392578,75.51251983642578
2015-08-03,26.39904022216797,40.19121170043945,32.9227180480957,26.75149917602539,51.18756866455078,48.50131607055664,73.51611328125,56.261661529541016,29.278491973876953,19.626718521118164,0.4898410439491272,93.24691009521484,69.98055267333984,89.30786895751953,110.08613586425781,22.610200881958008,20.370704650878906,20.857803344726562,127.26217651367188,75.17979431152344
2015-08-04,25.552064895629883,40.8179931640625,32.752342224121094,26.594999313354492,51.135292053222656,47.948333740234375,73.35443115234375,55.90081787109375,29.49698257446289,19.6457576751709,0.49177250266075134,93.16766357421875,69.51875305175781,89.79680633544922,110.6042251586914,22.672466278076172,20.1336669921875,20.834712982177734,127.12931823730469,74.96808624267578
2015-08-05,25.72145652770996,40.852352142333984,33.3471794128418,26.850500106811523,51.33696365356445,47.948333740234375,73.88362884521484,55.7977180480957,29.687280654907227,20.124860763549805,0.49684250354766846,95.52508544921875,69.25090026855469,90.15593719482422,100.46089172363281,22.852964401245117,20.306055068969727,20.828899383544922,129.1971893310547,75.46713256835938
2015-08-06,25.777429580688477,40.028072357177734,33.19165802001953,26.472999572753906,50.978431701660156,48.51996612548828,72.81785583496094,55.775630950927734,29.546321868896484,19.927738189697266,0.4937039613723755,94.21762084960938,67.95787048339844,89.05573272705078,98.66124725341797,22.766639709472656,20.26296043395996,20.45093536376953,128.19000244140625,75.12686920166016
2015-08-07,25.864755630493164,40.1311149597168,32.9063720703125,26.131000518798828,50.82904052734375,47.7370719909668,72.65616607666016,55.58415985107422,29.44060516357422,19.506135940551758,0.5547832250595093,93.4053955078125,68.53974151611328,89.33843994140625,99.38837432861328,22.664615631103516,20.21986961364746,20.46256446838379,126.94217681884766,74.80170440673828
2015-08-10,26.805124282836914,40.6376838684082,32.84446334838867,26.200000762939453,51.45647430419922,48.93002700805664,73.3470687866211,56.2469367980957,29.377166748046875,19.569103240966797,0.5740967988967896,93.25682067871094,68.69673156738281,89.8503189086914,100.8880615234375,23.261056900024414,20.535907745361328,20.561418533325195,130.00831604003906,75.1571273803711
2015-08-11,25.410240173339844,39.84779357910156,34.189659118652344,26.37299919128418,50.9634895324707,48.59764862060547,72.77376556396484,56.129112243652344,29.236194610595703,19.692298889160156,0.5711997151374817,92.73185729980469,67.75467681884766,89.9190902709961,98.16134643554688,22.735252380371094,20.126483917236328,20.421857833862305,128.39500427246094,74.71854400634766
2015-08-12,25.80205726623535,40.1311149597168,34.24760818481445,26.295499801635742,50.22401428222656,49.41294479370117,72.55323028564453,56.25430679321289,29.081119537353516,19.870248794555664,0.5726481676101685,93.29643249511719,68.0322036743164,89.9190902709961,97.24337005615234,23.119789123535156,20.04029083251953,20.567230224609375,126.95108032226562,74.3177719116211
2015-08-13,25.78190803527832,40.12252426147461,34.001949310302734,26.482999801635742,50.455570220947266,49.32514953613281,72.38420104980469,55.80507278442383,28.968364715576172,19.741579055786133,0.5678197741508484,92.54365539550781,68.39302825927734,90.93525695800781,97.72509002685547,22.656770706176758,20.61492347717285,20.561418533325195,129.07241821289062,75.14199829101562
2015-08-14,25.96326446533203,40.35435104370117,34.14360046386719,26.576000213623047,50.70952606201172,49.143287658691406,72.62676239013672,55.687259674072266,29.074094772338867,19.815492630004883,0.568302571773529,93.52425384521484,68.6612777709961,91.49299621582031,97.39788055419922,22.774490356445312,20.851957321166992,20.538156509399414,129.32199096679688,75.06636810302734
2015-08-17,26.23194694519043,40.62910461425781,34.37836456298828,26.76099967956543,50.8439826965332,49.40040969848633,73.4058609008789,55.62098693847656,29.14457893371582,19.686824798583984,0.5646812915802002,93.03890228271484,68.8370590209961,91.45480346679688,99.11570739746094,22.821578979492188,20.708297729492188,20.642826080322266,128.7425994873047,76.11747741699219
2015-08-18,26.08417320251465,40.85380172729492,34.111900329589844,26.750999450683594,50.948551177978516,48.85477828979492,73.03836822509766,55.32642364501953,29.109323501586914,19.021556854248047,0.5595417022705078,94.26712799072266,68.892578125,93.82331085205078,97.19792938232422,22.688167572021484,20.29169273376465,20.654447555541992,128.88523864746094,76.193115234375
2015-08-19,25.750558853149414,40.283382415771484,34.37489700317383,26.645999908447266,50.492923736572266,47.80745315551758,72.99424743652344,54.582645416259766,28.74281883239746,18.772422790527344,0.5573596358299255,94.40579986572266,68.82783508300781,93.7927474975586,96.75257110595703,22.25653076171875,19.96845817565918,20.509084701538086,127.20954132080078,76.4501953125
2015-08-20,25.222164154052734,39.462345123291016,33.65375518798828,25.788999557495117,49.25300598144531,46.766380310058594,72.6120834350586,54.428016662597656,28.580703735351562,18.734100341796875,0.5372375845909119,89.70086669921875,68.41149139404297,92.09659576416016,90.9083251953125,21.60516357421875,19.42255973815918,20.090410232543945,122.12902069091797,75.43690490722656
2015-08-21,23.679513931274414,37.22389221191406,31.897964477539062,24.723499298095703,47.505165100097656,45.23612976074219,70.7752685546875,52.90365982055664,27.861783981323242,18.2166748046875,0.5205095410346985,85.24357604980469,65.85819244384766,88.7501220703125,89.83582305908203,20.843915939331055,19.013134002685547,19.503110885620117,117.3960952758789,73.4481430053711
2015-08-24,23.088409423828125,36.02257537841797,30.614185333251953,23.168500900268555,45.00293731689453,43.09757995605469,68.74595642089844,50.915348052978516,27.051239013671875,17.507600784301758,0.502084493637085,81.31121063232422,63.24020004272461,85.98432159423828,86.67283630371094,20.60063362121582,18.09372329711914,18.683208465576172,113.36731719970703,70.22679138183594
2015-08-25,23.22722816467285,34.9768180847168,30.334842681884766,23.318500518798828,44.74897003173828,43.09129333496094,67.19800567626953,50.385101318359375,26.77635955810547,17.274911880493164,0.4916597902774811,82.21259307861328,61.95426940917969,84.7848129272461,87.15454864501953,20.302413940429688,17.684295654296875,18.223834991455078,111.85206604003906,68.97152709960938
2015-08-26,24.559429168701172,36.91276550292969,32.67606735229492,25.03849983215332,46.98979568481445,45.46818542480469,70.44200897216797,52.21141815185547,27.297914505004883,17.74852180480957,0.5287522673606873,86.36283874511719,65.39564514160156,88.57439422607422,90.19029998779297,21.424657821655273,18.445680618286133,18.857656478881836,115.28364562988281,71.95089721679688
2015-08-27,25.282617568969727,37.941226959228516,33.08318328857422,25.918500900268555,48.16248321533203,46.94197082519531,71.26407623291016,52.63853454589844,27.67854118347168,18.090736389160156,0.5486320853233337,88.87875366210938,66.9775619506836,89.89618682861328,92.86246490478516,21.7542667388916,18.797645568847656,19.34029197692871,117.53870391845703,73.59938049316406
2015-08-28,25.36545753479004,37.967159271240234,32.67359161376953,25.90049934387207,47.90104675292969,47.0799560546875,70.48640441894531,52.439697265625,27.80539894104004,17.778640747070312,0.551056444644928,90.1466064453125,67.03309631347656,89.78919982910156,93.14422607421875,22.30360984802246,18.675533294677734,18.99139976501465,118.75981903076172,73.4239273071289
2015-08-31,25.246789932250977,37.612831115722656,32.08567428588867,25.644500732421875,47.87864685058594,47.18656539916992,69.60507202148438,52.042030334472656,27.713773727416992,17.721153259277344,0.5449956059455872,88.58160400390625,65.95999908447266,88.97932434082031,92.59888458251953,22.397789001464844,18.58934783935547,18.73554229736328,116.47803497314453,72.4856185913086
2015-09-01,24.118350982666016,36.14356994628906,31.181289672851562,24.82699966430664,45.89926528930664,45.20479202270508,68.20524597167969,50.73859405517578,27.31202507019043,17.47201919555664,0.5226914882659912,86.40247344970703,63.79521179199219,86.82913970947266,90.44478607177734,21.832746505737305,18.043441772460938,18.23546028137207,113.59015655517578,71.30322265625
2015-09-02,25.152753829956055,37.474544525146484,31.941553115844727,25.52750015258789,46.73581314086914,45.926002502441406,69.13846588134766,51.40873718261719,27.417739868164062,17.641756057739258,0.5384498834609985,89.03721618652344,64.40579986572266,89.44776153564453,92.60797882080078,22.444875717163086,18.42413902282715,18.59016990661621,116.43347930908203,73.26374053955078
2015-09-03,24.711681365966797,37.595523834228516,31.55225944519043,25.236000061035156,46.81798553466797,46.27720642089844,68.61260986328125,51.497108459472656,27.600996017456055,17.75674057006836,0.5399045944213867,87.31373596191406,65.12738800048828,89.53990936279297,92.69886016845703,22.821578979492188,18.60370445251465,18.543651580810547,116.78106689453125,73.24085235595703
2015-09-04,24.465383529663086,36.82634735107422,31.151573181152344,24.950000762939453,45.93659210205078,45.44309616088867,67.62755584716797,50.635498046875,27.14990997314453,17.491180419921875,0.5272977948188782,87.4227066040039,63.98025894165039,87.8658218383789,91.77178955078125,22.382091522216797,18.330760955810547,18.241275787353516,115.65798950195312,72.35594177246094
2015-09-08,25.146032333374023,37.9326057434082,31.890533447265625,25.87700080871582,47.176513671875,46.09532928466797,69.57545471191406,51.53392791748047,27.417739868164062,18.17287254333496,0.5498443245887756,88.68064880371094,65.24765014648438,89.40937805175781,94.53485107421875,23.151187896728516,18.89102554321289,18.915803909301758,119.27678680419922,73.82821655273438
2015-09-09,24.66241455078125,37.22389221191406,31.86726188659668,25.844499588012695,46.44452667236328,45.15460205078125,68.30154418945312,50.42931365966797,26.99485206604004,17.827924728393555,0.5389345288276672,89.58202362060547,64.3873062133789,87.520263671875,92.62615203857422,22.94713592529297,18.632442474365234,18.584348678588867,118.23394012451172,72.79835510253906
2015-09-10,25.204254150390625,37.41404342651367,32.24714660644531,26.11199951171875,46.803035736083984,45.48073196411133,68.67190551757812,50.311466217041016,27.079423904418945,17.554153442382812,0.5474200248718262,91.1073989868164,64.97012329101562,87.91958618164062,93.2532958984375,22.970680236816406,18.862295150756836,18.9681396484375,119.0361328125,72.66109466552734
2015-09-11,25.57144546508789,37.57823944091797,32.45616149902344,26.472000122070312,46.72835922241211,45.58734130859375,68.82738494873047,50.385101318359375,27.107868194580078,17.69924545288086,0.5491169095039368,91.17674255371094,65.46043395996094,88.64913177490234,94.9620361328125,23.127641677856445,18.689905166625977,19.171659469604492,120.03441619873047,74.30879974365234
2015-09-14,25.817745208740234,37.19796371459961,32.31599044799805,26.069000244140625,46.59390640258789,45.4619026184082,69.11626434326172,50.12001037597656,27.08654022216797,17.59795570373535,0.5500867366790771,91.43426513671875,64.7665786743164,88.1039047241211,94.36214447021484,23.064861297607422,18.46004867553711,19.020471572875977,119.82047271728516,73.9731674194336
2015-09-15,26.034910202026367,38.010379791259766,32.9400520324707,26.118499755859375,47.49022674560547,45.6939582824707,69.91612243652344,51.14363098144531,27.370908737182617,17.60890769958496,0.5561474561691284,92.0186767578125,65.22915649414062,89.21736907958984,94.00768280029297,23.33168601989746,18.66117286682129,19.2879581451416,121.4872817993164,74.90386199951172
2015-09-16,26.06402015686035,38.286949157714844,32.96234130859375,26.36949920654297,47.90851974487305,46.59703826904297,70.07166290283203,51.62228775024414,27.833017349243164,17.7101993560791,0.5600266456604004,92.56344604492188,65.6732177734375,90.476806640625,94.48941802978516,23.363079071044922,18.725818634033203,19.293773651123047,122.2894287109375,75.28526306152344
2015-09-17,25.506511688232422,38.243736267089844,33.266937255859375,26.943500518798828,46.79558181762695,46.697391510009766,70.24199676513672,51.72539138793945,27.99652862548828,17.64997673034668,0.5651176571846008,93.44500732421875,65.64546203613281,90.54590606689453,94.70753479003906,23.315998077392578,18.58934783935547,19.46821403503418,122.51226806640625,74.63683319091797
2015-09-18,25.40127944946289,37.57823944091797,32.73450469970703,27.01300048828125,45.51832580566406,45.58106994628906,69.16808319091797,51.50446319580078,27.7121639251709,17.340608596801758,0.5646327137947083,93.50444030761719,64.5630874633789,88.40337371826172,93.47144317626953,22.774490356445312,18.34512710571289,19.10188102722168,121.30009460449219,74.03422546386719
2015-09-21,25.795347213745117,38.122745513916016,33.03465270996094,27.41950035095215,45.89926528930664,46.026336669921875,68.97554779052734,52.02732467651367,27.86145782470703,17.44464111328125,0.5704510807991028,94.64353942871094,65.47892761230469,89.52456665039062,93.98950958251953,22.884363174438477,18.34512710571289,18.851839065551758,121.23770904541016,74.68263244628906
2015-09-22,25.39008903503418,37.941226959228516,32.352149963378906,26.920000076293945,45.49591827392578,45.61869430541992,69.0570068359375,51.68855667114258,27.577089309692383,17.409055709838867,0.5549353957176208,92.07809448242188,64.9886245727539,88.92557525634766,93.15330505371094,22.49981689453125,18.05780792236328,18.758798599243164,119.42829895019531,74.14862823486328
2015-09-23,25.5960750579834,37.915313720703125,32.356605529785156,26.803499221801758,45.29422378540039,45.34275436401367,68.87183380126953,51.74010467529297,27.555755615234375,17.44464111328125,0.5576022267341614,93.07852172851562,65.63618469238281,89.20967864990234,92.31712341308594,22.554744720458984,18.158370971679688,18.9681396484375,117.36044311523438,74.28591918945312
2015-09-24,25.748321533203125,37.94987869262695,32.43683624267578,26.6875,44.98052978515625,45.612430572509766,68.49411010742188,52.550167083740234,27.833017349243164,17.474760055541992,0.5682696104049683,93.51435852050781,64.97938537597656,89.34025573730469,91.45366668701172,22.350706100463867,18.25174903869629,19.0146541595459,115.64909362792969,74.2173080444336
2015-09-25,25.68339729309082,37.97581481933594,31.705795288085938,26.212499618530273,45.9141960144043,45.926002502441406,67.3979721069336,53.51485824584961,28.16714859008789,17.46107292175293,0.5723907947540283,91.88990783691406,65.39564514160156,89.64743041992188,91.16280364990234,22.60968589782715,18.697086334228516,18.543651580810547,116.77216339111328,74.44615173339844
2015-09-28,25.175148010253906,37.41404342651367,30.918291091918945,25.202999114990234,44.8012580871582,45.53089904785156,67.67200469970703,52.85209274291992,28.103166580200195,17.42821502685547,0.564875066280365,88.36367797851562,62.16703796386719,87.62010955810547,89.51770782470703,22.570446014404297,18.431320190429688,17.921463012695312,114.20515441894531,73.20269012451172
2015-09-29,24.418371200561523,37.54367446899414,30.837066650390625,24.803499221801758,44.69668960571289,45.762939453125,68.90888214111328,53.2276611328125,28.195594787597656,17.46107292175293,0.5748152732849121,85.84777069091797,63.39744567871094,86.70626068115234,90.36298370361328,22.94713592529297,18.416948318481445,18.037763595581055,114.75777435302734,74.36222839355469
2015-09-30,24.696001052856445,38.25237274169922,31.617637634277344,25.594499588012695,45.540740966796875,46.6284065246582,69.13846588134766,52.977272033691406,28.522613525390625,17.75126838684082,0.5976041555404663,89.04713439941406,64.44281768798828,88.68751525878906,92.88972473144531,23.65345001220703,18.8551082611084,18.264535903930664,116.71870422363281,75.16321563720703
2015-10-01,24.53479766845703,38.55487060546875,31.79741859436035,26.035999298095703,45.87685012817383,46.446537017822266,69.00514221191406,52.984649658203125,28.295133590698242,17.59521484375,0.5859672427177429,90.08716583251953,64.74810028076172,89.8701171875,93.31690979003906,23.543582916259766,18.630643844604492,18.51458168029785,116.4156494140625,75.35391998291016
2015-10-02,24.71391487121582,39.38457489013672,32.539852142333984,26.62700080871582,45.74895095825195,47.58795166015625,69.56804656982422,53.330780029296875,28.71457862854004,17.789596557617188,0.6012407541275024,91.19654083251953,65.37715148925781,90.46910858154297,93.61685943603516,23.943819046020508,18.652366638183594,19.235620498657227,118.15372467041016,76.12439727783203
2015-10-05,24.8034725189209,40.30070114135742,33.267433166503906,27.18400001525879,46.65926742553711,48.17119216918945,70.18276977539062,53.919883728027344,29.155353546142578,18.03324317932129,0.6162716150283813,93.11813354492188,66.82034301757812,91.5365219116211,94.3894271850586,24.4931640625,19.441614151000977,19.46821403503418,119.45503997802734,77.17713165283203
2015-10-06,24.92214012145996,40.40439987182617,33.26545715332031,26.874000549316406,46.681846618652344,48.84851837158203,69.19031524658203,54.05244827270508,29.119802474975586,17.98123550415039,0.6242722868919373,91.91962432861328,66.68155670166016,91.13720703125,94.31671142578125,24.909103393554688,19.716768264770508,19.066993713378906,119.99874114990234,77.73400115966797
2015-10-07,24.8034725189209,40.44761657714844,33.184226989746094,27.097000122070312,46.74202346801758,49.670074462890625,70.34571075439453,54.28807067871094,29.51793670654297,18.16739273071289,0.630817711353302,91.5234146118164,67.73619079589844,91.882080078125,93.97132873535156,25.36428451538086,19.94123649597168,19.357736587524414,122.12902069091797,77.63484191894531
2015-10-08,24.516883850097656,41.009368896484375,33.035640716552734,26.658000946044922,46.74202346801758,50.19060134887695,70.41979217529297,54.78884506225586,29.84495735168457,18.30976104736328,0.6344543099403381,91.59274291992188,68.36527252197266,92.96485137939453,95.08018493652344,25.521242141723633,20.209144592285156,19.241437911987305,123.92948150634766,78.53499603271484
2015-10-09,25.103500366210938,40.71552658081055,33.245643615722656,26.989999771118164,46.591552734375,49.707698822021484,70.63453674316406,54.847774505615234,29.87339210510254,18.257736206054688,0.632030189037323,92.35545349121094,68.43927001953125,93.17218780517578,95.94365692138672,25.2230224609375,20.209144592285156,19.32866668701172,124.51776885986328,78.39004516601562
2015-10-12,24.98707389831543,40.62045669555664,33.50269317626953,27.50950050354004,46.43357467651367,49.732791900634766,71.09375,54.7372932434082,29.85917854309082,18.323440551757812,0.6388183236122131,93.36576843261719,69.37361907958984,93.60991668701172,96.66167449951172,25.277957916259766,20.24534797668457,19.317031860351562,125.39124298095703,78.7562255859375
2015-10-13,25.029611587524414,40.525386810302734,33.836524963378906,27.44499969482422,46.305686950683594,49.644996643066406,70.69380187988281,54.57529067993164,29.6103515625,18.26869010925293,0.6400305032730103,93.22710418701172,69.38288116455078,93.38720703125,96.87980651855469,25.14454460144043,20.165700912475586,19.17747688293457,125.04362487792969,78.86299896240234
2015-10-14,24.675853729248047,40.343894958496094,33.6998176574707,27.241500854492188,45.13204574584961,50.27212905883789,70.01239776611328,54.64891815185547,29.63168716430664,16.434431076049805,0.6633042097091675,93.17757415771484,68.64276123046875,92.35818481445312,96.09814453125,25.74098014831543,20.14398193359375,19.212366104125977,119.63329315185547,78.43582153320312
2015-10-15,25.0452823638916,40.62910461425781,34.324378967285156,28.121999740600586,46.561466217041016,51.09996795654297,71.95288848876953,54.693084716796875,29.80230140686035,16.24279022216797,0.6650012731552124,95.04965209960938,69.6974105834961,93.54078674316406,98.06138610839844,25.70174217224121,20.38292694091797,19.81711196899414,122.45878601074219,79.07662200927734
2015-10-16,24.861684799194336,41.06122970581055,34.438289642333984,28.538000106811523,46.96772003173828,51.727115631103516,72.76018524169922,55.157047271728516,29.87339210510254,16.122331619262695,0.6754259467124939,96.61465454101562,70.30796813964844,94.25496673583984,98.37948608398438,25.929330825805664,20.455333709716797,20.009004592895508,122.64595794677734,79.96150207519531
2015-10-19,25.016176223754883,41.15629959106445,34.66761779785156,28.657499313354492,46.809730529785156,50.79266357421875,72.53800201416016,55.348514556884766,29.852060317993164,16.11138343811035,0.674213707447052,97.53582763671875,71.22380828857422,94.53143310546875,99.49744415283203,26.360960006713867,20.455333709716797,20.061336517333984,123.37684631347656,79.70976257324219
2015-10-20,25.47293472290039,41.28593826293945,33.679508209228516,28.04400062561035,47.03542709350586,50.692317962646484,72.27877044677734,54.8109245300293,30.065353393554688,16.084007263183594,0.673244297504425,96.07978057861328,70.5669937133789,94.33944702148438,99.83373260498047,26.24323844909668,20.636354446411133,19.77058982849121,123.78685760498047,79.21392059326172
2015-10-21,25.47068977355957,40.79330825805664,33.273380279541016,27.78849983215332,46.689361572265625,50.30348587036133,72.30838775634766,54.67942428588867,29.994260787963867,16.05389404296875,0.664516270160675,96.18873596191406,69.80842590332031,94.68499755859375,100.06097412109375,26.188308715820312,20.477052688598633,19.456592559814453,125.8458251953125,78.22222137451172
2015-10-22,25.860279083251953,41.510658264160156,33.73597717285156,28.195499420166016,47.539493560791016,51.98424530029297,73.71560668945312,55.61563491821289,30.740724563598633,16.12506675720215,0.6885175108909607,98.72444915771484,70.69649505615234,95.49903106689453,102.9330825805664,26.996641159057617,21.005640029907227,19.380992889404297,130.40940856933594,84.57673645019531
2015-10-23,26.661832809448242,45.69368362426758,35.62748718261719,29.951499938964844,48.05107498168945,52.040706634521484,74.29330444335938,57.235435485839844,30.420812606811523,15.960803031921387,0.6931238174438477,101.22054290771484,71.29782104492188,95.69097900390625,102.78766632080078,27.38903045654297,21.251827239990234,19.799665451049805,130.75701904296875,85.88883209228516
2015-10-26,25.81101417541504,46.88638687133789,36.211421966552734,30.430500030517578,48.073638916015625,50.9369010925293,74.01927947998047,57.57722854614258,30.27861785888672,15.884153366088867,0.6899720430374146,102.78555297851562,72.3246841430664,95.9981460571289,103.1784896850586,27.14574432373047,20.962188720703125,19.863630294799805,130.75701904296875,85.57608032226562
2015-10-27,25.647573471069336,46.40238571166992,36.295623779296875,30.550500869750977,47.87803268432617,50.855369567871094,74.20442199707031,57.42862319946289,30.2928466796875,15.736313819885254,0.6894873380661011,102.71621704101562,71.71412658691406,95.58348083496094,103.40572357177734,27.05157470703125,21.03459930419922,20.346261978149414,132.32574462890625,85.16413116455078
2015-10-28,26.704370498657227,46.65302658081055,36.49869155883789,30.854999542236328,49.2773551940918,51.60166549682617,74.41920471191406,56.84904861450195,30.378158569335938,15.780125617980957,0.6950632333755493,103.21148681640625,72.96302795410156,95.0843276977539,103.92378997802734,27.239919662475586,21.25906753540039,20.613750457763672,131.8087615966797,86.15580749511719
2015-10-29,26.986480712890625,46.11719512939453,36.891456604003906,31.327499389648438,49.05917739868164,51.5703239440918,75.07841491699219,57.228004455566406,30.420812606811523,15.867728233337402,0.6710623502731323,103.88501739501953,72.6299819946289,94.93840026855469,104.56002044677734,26.70626449584961,21.099767684936523,20.21833610534668,131.18484497070312,85.91172790527344
2015-10-30,26.755868911743164,45.49491500854492,36.521968841552734,31.295000076293945,48.33694839477539,51.890167236328125,74.8265380859375,56.75246047973633,30.108009338378906,15.670614242553711,0.6877901554107666,101.00263214111328,71.7696762084961,94.94610595703125,103.37844848632812,26.572847366333008,20.889785766601562,19.665922164916992,131.97813415527344,85.62945556640625
2015-11-02,27.132017135620117,46.013484954833984,37.03459548950195,31.417499542236328,49.307456970214844,53.48313903808594,75.67089080810547,56.915916442871094,30.02979278564453,15.771906852722168,0.6957905888557434,102.32991790771484,69.58638763427734,95.53739166259766,104.56002044677734,26.76905059814453,20.83185577392578,20.386972427368164,132.2722625732422,85.52266693115234
2015-11-03,27.4432315826416,46.79996871948242,37.08808517456055,31.265499114990234,49.48801803588867,54.46773910522461,75.5153579711914,57.250301361083984,29.972932815551758,15.90878963470459,0.6909416913986206,101.60684967041016,72.065673828125,96.49732208251953,105.01449584960938,26.926013946533203,20.716005325317383,20.334638595581055,131.99591064453125,85.49979400634766
2015-11-04,27.31560707092285,47.016014099121094,37.40952682495117,32.04750061035156,49.54067611694336,53.922119140625,75.50054931640625,57.25772476196289,29.837854385375977,15.979971885681152,0.6795474290847778,102.95394134521484,72.48196411132812,96.28228759765625,102.9330825805664,26.989229202270508,20.614627838134766,20.01223373413086,132.9017791748047,85.7439193725586
2015-11-05,27.189693450927734,46.99873733520508,37.67499923706055,32.782501220703125,49.984561920166016,53.18837356567383,75.78938293457031,56.7598991394043,30.09378433227539,16.045679092407227,0.6717895865440369,107.72820281982422,73.32380676269531,96.54338836669922,102.70587921142578,26.870681762695312,20.585668563842773,20.018102645874023,132.70445251464844,86.08717346191406
2015-11-06,27.221176147460938,47.46544647216797,37.7210578918457,32.96849822998047,51.50424575805664,52.97514343261719,75.48574829101562,56.15064239501953,29.830734252929688,16.09221839904785,0.7648850083351135,106.08395385742188,72.85200500488281,96.74305725097656,105.13262176513672,26.744237899780273,20.600156784057617,19.889137268066406,132.6775360107422,86.4380874633789
2015-11-09,27.11099624633789,46.80859375,37.38277816772461,32.77450180053711,50.69926071166992,51.84275817871094,74.68582916259766,56.0243034362793,29.53215217590332,16.01282501220703,0.7614907026290894,105.47974395751953,72.19519805908203,95.60650634765625,105.8143081665039,26.356983184814453,20.404644012451172,19.72500228881836,130.91973876953125,86.14822387695312
2015-11-10,26.25653648376465,46.246826171875,37.55562973022461,32.98400115966797,50.91743469238281,52.09580612182617,75.13764953613281,56.29921340942383,29.695659637451172,16.06484603881836,0.7469446063041687,106.88626861572266,73.65946960449219,96.19013214111328,106.72321319580078,26.2463321685791,20.25983428955078,19.80707550048828,130.17538452148438,86.36941528320312
2015-11-11,26.108131408691406,46.367828369140625,37.90184020996094,33.662498474121094,50.669151306152344,51.634002685546875,75.44126892089844,56.440399169921875,29.88762092590332,15.76369571685791,0.7396712899208069,107.9758529663086,73.38147735595703,95.76777648925781,105.90519714355469,25.969724655151367,20.14398193359375,19.777767181396484,130.03187561035156,86.85000610351562
2015-11-12,26.020437240600586,46.08261489868164,37.469947814941406,33.279998779296875,49.65352249145508,50.23590850830078,74.26367950439453,55.474449157714844,29.560592651367188,15.591217041015625,0.7370045185089111,106.99522399902344,72.57518005371094,95.07665252685547,105.62345886230469,25.606184005737305,20.151216506958008,19.572595596313477,127.83464050292969,85.52266693115234
2015-11-13,25.260417938232422,45.66776657104492,36.65470886230469,32.11750030517578,49.32250213623047,49.407188415527344,73.9748306274414,54.954349517822266,29.418397903442383,15.446115493774414,0.7224587798118591,102.96383666992188,72.38980102539062,92.15086364746094,104.37823486328125,25.376989364624023,18.97820281982422,19.502260208129883,127.87945556640625,83.89019775390625
2015-11-16,25.674161911010742,46.47153091430664,37.16732406616211,32.390499114990234,50.03721237182617,51.178524017333984,74.96728515625,55.94999694824219,29.830734252929688,15.843085289001465,0.7370045185089111,103.05298614501953,73.12194061279297,92.79589080810547,105.35986328125,25.369083404541016,19.398181915283203,19.43777847290039,129.5207061767578,84.72167205810547
2015-11-17,25.563982009887695,46.088687896728516,36.94742202758789,32.165000915527344,49.75132751464844,50.5838508605957,75.17466735839844,55.77910232543945,29.62456512451172,16.404315948486328,0.7370045185089111,104.13265228271484,73.05705261230469,96.89664459228516,105.55072021484375,25.79585838317871,19.412654876708984,19.267784118652344,131.00946044921875,84.63011932373047
2015-11-18,26.373464584350586,46.85437774658203,37.64231491088867,33.176998138427734,50.74439239501953,51.07730484008789,76.04122161865234,56.39582061767578,30.058246612548828,16.680822372436523,0.7551345825195312,106.74759674072266,74.56771850585938,97.17306518554688,107.37763977050781,26.206819534301758,19.63712501525879,19.525707244873047,132.9824676513672,85.84305572509766
2015-11-19,26.70850372314453,46.93268585205078,37.63883972167969,33.063499450683594,50.90239334106445,50.798946380615234,75.90788269042969,56.63358688354492,30.648311614990234,16.61785316467285,0.7573249340057373,105.2519302368164,74.2803955078125,97.41881561279297,107.89569854736328,27.107778549194336,19.81814193725586,18.92780303955078,133.8434600830078,86.43045806884766
2015-11-20,26.825424194335938,47.15019989013672,38.48379898071289,33.42250061035156,50.812103271484375,50.476322174072266,76.45999908447266,56.336360931396484,30.164880752563477,16.44538116455078,0.763895571231842,106.3018798828125,74.3174819946289,99.99137878417969,109.13180541992188,27.392297744750977,19.96295928955078,18.86331558227539,133.98692321777344,86.89579772949219
2015-11-23,26.476896286010742,47.15019989013672,38.468936920166016,33.949501037597656,50.31556701660156,50.78630065917969,76.67637634277344,56.447837829589844,30.54167366027832,16.49740219116211,0.7524576187133789,105.93539428710938,74.24335479736328,101.74991607666016,108.54100036621094,27.250032424926758,19.861587524414062,18.365066528320312,133.03627014160156,87.32295227050781
2015-11-24,26.73099136352539,47.2024040222168,38.11876678466797,33.557498931884766,50.24033737182617,51.79848098754883,76.13172149658203,56.804473876953125,30.8260498046875,16.404315948486328,0.7585418224334717,104.73686981201172,73.94676971435547,102.59464263916016,107.20494079589844,27.155195236206055,19.74573516845703,18.74022102355957,133.31430053710938,87.17802429199219
2015-11-25,26.539854049682617,46.71516418457031,38.10044479370117,33.766998291015625,50.30052947998047,51.399932861328125,76.07203674316406,56.39582061767578,30.8260498046875,16.49192237854004,0.7575681209564209,104.40999603271484,73.73360443115234,103.40091705322266,107.85933685302734,27.22632598876953,19.72401237487793,19.267784118652344,132.22019958496094,87.26959991455078
2015-11-27,26.490386962890625,46.92398452758789,38.23467254638672,33.66299819946289,50.533748626708984,51.38727951049805,76.37796020507812,56.247215270996094,30.912012100219727,16.396108627319336,0.763895571231842,104.44961547851562,73.99310302734375,103.47003173828125,104.6418228149414,27.23423194885254,19.78193473815918,19.22089195251465,131.78965759277344,87.82313537597656
2015-11-30,26.600574493408203,47.2894172668457,37.7829704284668,33.2400016784668,50.165103912353516,51.65928649902344,75.53482818603516,55.60820388793945,30.53232192993164,16.108644485473633,0.7719263434410095,103.25109100341797,73.2238998413086,102.80964660644531,103.13304138183594,27.479230880737305,19.73125457763672,19.209165573120117,130.4444580078125,87.76931762695312
2015-12-01,26.384708404541016,48.0463981628418,38.820098876953125,33.952999114990234,50.864768981933594,51.8048095703125,76.3704833984375,56.425514221191406,30.725753784179688,16.149703979492188,0.7969920039176941,106.10377502441406,74.05799102783203,103.68895721435547,104.87814331054688,27.732128143310547,19.96295928955078,19.70741844177246,132.49819946289062,87.99227142333984
2015-12-02,26.146358489990234,48.03770446777344,38.52589797973633,33.800498962402344,50.150054931640625,50.32449722290039,76.13919830322266,56.3140754699707,30.639781951904297,16.108299255371094,0.7909079790115356,105.06372833251953,73.25171661376953,103.21070861816406,103.61477661132812,27.526647567749023,19.868825912475586,19.285369873046875,131.7986602783203,87.4310302734375
2015-12-03,25.903518676757812,47.158912658691406,38.04794692993164,33.3125,49.503074645996094,49.603294372558594,75.1990966796875,56.276920318603516,30.417699813842773,16.298782348632812,0.7892046570777893,103.38976287841797,72.55663299560547,100.98931884765625,101.69699096679688,26.90229606628418,19.51403045654297,18.986413955688477,130.54307556152344,87.17731475830078
2015-12-04,26.76471519470215,48.64677047729492,38.59326171875,33.63199996948242,51.07543182373047,49.887977600097656,76.81066131591797,57.82986068725586,31.01230239868164,16.46994400024414,0.8213275671005249,105.17267608642578,74.5121078491211,103.76608276367188,103.83290100097656,27.61358070373535,19.897790908813477,19.226755142211914,133.17977905273438,89.33772277832031
2015-12-07,26.5960750579834,48.559749603271484,38.285194396972656,33.49150085449219,50.40583419799805,48.58480453491211,77.08671569824219,58.23109817504883,30.94784164428711,16.70183753967285,0.8057527542114258,104.60810852050781,73.7243423461914,103.30330657958984,103.46025848388672,27.653100967407227,19.90503692626953,19.144689559936523,133.1349334716797,89.50686645507812
2015-12-08,26.584835052490234,48.5423583984375,38.39167785644531,33.86650085449219,49.62342071533203,47.21202087402344,76.41522979736328,57.77041244506836,30.811710357666016,16.45613670349121,0.8167038559913635,105.47974395751953,73.27951049804688,103.2338638305664,102.23324584960938,27.463420867919922,19.658843994140625,19.0684814453125,130.03187561035156,89.59144592285156
2015-12-09,25.997957229614258,47.83757781982422,37.76811218261719,33.239498138427734,49.24727249145508,47.84463882446289,76.21381378173828,57.733253479003906,30.560977935791016,16.323631286621094,0.7960184812545776,103.6076889038086,72.17662811279297,101.73748779296875,101.31525421142578,27.51083755493164,19.354732513427734,18.92780303955078,129.35928344726562,89.6298828125
2015-12-10,26.121625900268555,48.08990478515625,37.64379119873047,33.11600112915039,49.3601188659668,47.88259506225586,76.57937622070312,57.80013656616211,30.632612228393555,16.44233512878418,0.8025892972946167,104.41989135742188,72.39907836914062,102.23114776611328,101.31523895263672,27.479230880737305,19.38368797302246,18.96883201599121,131.3053741455078,90.10655212402344
2015-12-11,25.44930648803711,47.0370979309082,37.16732406616211,32.00749969482422,48.201541900634766,47.02855682373047,75.86312103271484,57.792694091796875,30.281593322753906,16.38712501525879,0.7906648516654968,101.15121459960938,70.5362777709961,100.61136627197266,98.82719421386719,27.084075927734375,18.942001342773438,18.79298210144043,129.70004272460938,89.2454605102539
2015-12-14,25.291900634765625,47.9767951965332,37.76762008666992,32.89550018310547,48.35200119018555,48.09767532348633,76.21381378173828,58.171661376953125,30.410541534423828,16.671463012695312,0.7926115393638611,103.6671142578125,71.2406234741211,101.82235717773438,100.02547454833984,27.24213218688965,19.180944442749023,18.86331558227539,128.24720764160156,89.38387298583984
2015-12-15,24.844436645507812,48.028987884521484,37.646270751953125,32.93199920654297,49.7287483215332,50.24856185913086,77.69107818603516,59.204463958740234,30.854700088500977,16.464414596557617,0.8023456931114197,103.55815887451172,72.8624496459961,101.26699829101562,102.59585571289062,27.803258895874023,19.441614151000977,18.91021156311035,131.4130096435547,89.89899444580078
2015-12-16,25.035568237304688,48.83819580078125,38.46349334716797,33.78850173950195,50.804603576660156,50.07143020629883,78.5267105102539,60.177825927734375,31.40631866455078,16.646623611450195,0.8072129487991333,105.77690887451172,74.01165771484375,102.50884246826172,104.08688354492188,27.898088455200195,19.72401237487793,19.097793579101562,132.8300323486328,90.59857177734375
2015-12-17,24.504901885986328,48.46404266357422,38.12867736816406,33.532501220703125,49.86417770385742,49.31863021850586,77.32548522949219,59.65768051147461,31.15558433532715,16.282222747802734,0.7950451970100403,105.2123031616211,72.92730712890625,101.31327819824219,102.45866394042969,27.58986473083496,19.347484588623047,18.95124626159668,130.54307556152344,90.33721923828125
2015-12-18,23.841575622558594,47.09801483154297,37.48579406738281,33.207000732421875,48.44981384277344,48.88845443725586,76.0645751953125,58.052757263183594,30.446359634399414,16.246334075927734,0.7821469902992249,103.05298614501953,70.73089599609375,100.49566650390625,98.53446960449219,26.767940521240234,19.021650314331055,18.751943588256836,125.18004608154297,89.69139099121094
2015-12-21,24.133892059326172,47.70706558227539,37.68143081665039,33.22549819946289,49.307456970214844,48.87580490112305,75.78849792480469,58.66205596923828,30.64694595336914,16.439579010009766,0.8006425499916077,103.77606964111328,71.51863098144531,101.28243255615234,97.5008316040039,27.060359954833984,19.289567947387695,19.027454376220703,126.36381530761719,90.48328399658203
2015-12-22,24.111406326293945,48.15950393676758,37.99495315551758,33.157501220703125,49.412784576416016,49.122535705566406,76.631591796875,59.14500427246094,31.01230239868164,16.712881088256836,0.8013724088668823,104.50906372070312,71.71328735351562,101.7220687866211,97.6380386352539,27.447603225708008,19.470582962036133,19.062623977661133,127.69113159179688,90.50635528564453
2015-12-23,24.421703338623047,48.568458557128906,38.06330490112305,33.185001373291016,50.202720642089844,50.72935485839844,77.21355438232422,59.38279342651367,31.284536361694336,16.864713668823242,0.804535984992981,103.63739776611328,72.80685424804688,102.6707763671875,96.55867004394531,27.661001205444336,19.839866638183594,19.0860652923584,129.1978302001953,91.33670043945312
2015-12-24,24.291288375854492,48.43792724609375,37.93105697631836,33.13949966430664,50.10492706298828,50.1853141784668,77.38516998291016,59.28620529174805,31.191404342651367,16.792936325073242,0.8072129487991333,104.023681640625,72.52882385253906,102.50884246826172,96.83308410644531,27.645198822021484,19.82538414001465,19.121240615844727,128.72251892089844,91.15982055664062
2015-12-28,24.01921272277832,48.68157196044922,38.74332809448242,33.7599983215332,49.939414978027344,49.812049865722656,77.01210021972656,59.38279342651367,31.15558433532715,16.770851135253906,0.8064829707145691,104.9250717163086,72.77906799316406,102.33914184570312,98.10455322265625,27.605682373046875,19.77469825744629,19.00400161743164,129.6282958984375,91.29824829101562
2015-12-29,24.450942993164062,49.203609466552734,39.32380676269531,34.69850158691406,50.45851516723633,50.07776641845703,77.61646270751953,59.709716796875,31.313194274902344,17.00826644897461,0.8196243047714233,106.24243927001953,73.40927124023438,103.12590026855469,97.94906616210938,28.00872802734375,20.107772827148438,19.244340896606445,132.1484375,92.3130874633789
2015-12-30,24.13163948059082,48.99479675292969,39.14252853393555,34.45349884033203,50.09739685058594,49.413516998291016,77.42993927001953,59.49424362182617,31.212890625,17.027591705322266,0.8125666379928589,105.2123031616211,72.61222076416016,102.85591125488281,97.27215576171875,27.653100967407227,19.93399429321289,19.19744300842285,131.3053741455078,91.82101440429688
2015-12-31,23.66843605041504,48.27262878417969,38.5338249206543,33.794498443603516,49.67610549926758,49.31231689453125,76.63906860351562,59.00384521484375,30.775901794433594,16.92268180847168,0.8021025657653809,103.6671142578125,71.87084197998047,102.00746154785156,96.1196060180664,27.22632598876953,19.66608238220215,18.92193603515625,129.6731719970703,90.82923889160156
2016-01-04,23.688669204711914,47.68095779418945,37.61407470703125,31.84950065612793,48.1840705871582,49.0023193359375,74.96781158447266,58.23109817504883,30.37472152709961,16.966861724853516,0.787744402885437,101.25025177001953,70.15629577636719,101.09729766845703,94.19866943359375,26.862775802612305,19.272031784057617,18.72849464416504,126.00511169433594,90.39869689941406
2016-01-05,23.095048904418945,47.89847946166992,37.71759033203125,31.68950080871582,48.26738357543945,49.41984558105469,75.28117370605469,58.41686248779297,30.482177734375,17.369909286499023,0.8003990054130554,101.75542449951172,70.68455505371094,100.60365295410156,92.29603576660156,26.736331939697266,19.18446159362793,18.86331558227539,126.51628112792969,91.64421081542969
2016-01-06,22.64309310913086,47.02838897705078,37.60862350463867,31.63249969482422,47.57059860229492,49.008644104003906,74.90067291259766,57.852134704589844,30.317411422729492,17.543825149536133,0.7673025131225586,101.99314880371094,69.7577896118164,99.5623550415039,91.80207824707031,26.143598556518555,18.980140686035156,18.52920150756836,124.50736999511719,91.02914428710938
2016-01-07,21.687448501586914,45.39262008666992,36.70076370239258,30.39699935913086,45.646873474121094,48.22421646118164,74.02770233154297,57.34693145751953,29.815940856933594,17.95240020751953,0.7368832230567932,96.99105834960938,68.38618469238281,96.7238998413086,91.0154037475586,25.16360092163086,18.542308807373047,18.406097412109375,119.287841796875,88.92256164550781
2016-01-08,21.802122116088867,45.531837463378906,36.201026916503906,30.352500915527344,44.624412536621094,47.24998474121094,73.23688507080078,56.447837829589844,29.73713493347168,17.541072845458984,0.7210649847984314,96.4066390991211,67.54281616210938,95.56692504882812,90.78672790527344,24.90280532836914,18.08258056640625,18.17162322998047,116.57939147949219,88.78416442871094
2016-01-11,22.1551513671875,45.50572967529297,36.308006286621094,30.886999130249023,44.55625534057617,46.61736297607422,72.79669952392578,56.96793746948242,29.78728485107422,17.72879409790039,0.7222814559936523,96.58493041992188,68.5066146850586,97.01699829101562,91.39960479736328,25.337478637695312,18.440143585205078,18.212663650512695,116.77668762207031,89.71442413330078
2016-01-12,22.476696014404297,45.92338180541992,36.91571807861328,30.894500732421875,44.65471267700195,47.57260513305664,73.29655456542969,56.84904861450195,30.17413330078125,17.563156127929688,0.7344494462013245,98.42729187011719,69.28514862060547,98.33594512939453,92.80826568603516,25.82746696472168,18.498523712158203,18.17162322998047,118.31029510498047,90.29106140136719
2016-01-13,21.8988094329834,44.93147277832031,35.63936996459961,29.090499877929688,43.427757263183594,47.8572883605957,72.38632202148438,56.35865783691406,29.980709075927734,17.093849182128906,0.7120605707168579,94.5345687866211,67.7467041015625,93.63861846923828,90.0823974609375,25.218931198120117,17.951229095458984,17.802331924438477,114.90230560302734,88.50738525390625
2016-01-14,22.377758026123047,46.21049880981445,36.22479248046875,29.649999618530273,44.07909393310547,50.05246353149414,73.7815170288086,56.581573486328125,30.002206802368164,17.4085636138916,0.6977027654647827,97.43678283691406,68.39543914794922,92.26564025878906,90.6586685180664,25.874881744384766,17.995014190673828,18.236108779907227,115.87088012695312,89.66064453125
2016-01-15,21.840351104736328,44.36591720581055,35.18964767456055,28.509000778198242,43.2005615234375,49.078243255615234,72.37136840820312,55.71223068237305,29.729969024658203,17.096614837646484,0.6597390174865723,94.06903076171875,66.56970977783203,91.96482849121094,85.89293670654297,23.51975440979004,17.236099243164062,18.060253143310547,112.66917419433594,88.55352783203125
2016-01-19,21.734670639038086,43.99176788330078,35.61509704589844,28.724000930786133,43.17782974243164,48.33174514770508,72.74443817138672,57.01253890991211,30.03086280822754,17.27052879333496,0.6650928258895874,94.35629272460938,66.16191864013672,92.37364196777344,85.95696258544922,23.551362991333008,17.4039363861084,17.989912033081055,113.05481719970703,90.33721923828125
2016-01-20,21.763900756835938,44.19190216064453,35.5893440246582,28.588499069213867,42.041770935058594,46.29473114013672,71.43875885009766,56.834903717041016,29.64400863647461,16.79569435119629,0.6687429547309875,93.45491027832031,65.50392150878906,89.82827758789062,84.6489028930664,23.38539695739746,16.710693359375,17.97232437133789,109.53925323486328,89.01480865478516
2016-01-21,21.65372085571289,43.92216873168945,35.99102020263672,28.750999450683594,41.8448486328125,46.87675094604492,71.58052825927734,57.5019645690918,29.65117835998535,17.082799911499023,0.676530659198761,93.26671600341797,66.3194808959961,92.72844696044922,86.00269317626953,23.44072151184082,16.710693359375,17.925430297851562,110.66926574707031,90.59857177734375
2016-01-22,22.804983139038086,45.497032165527344,36.921669006347656,29.819000244140625,43.132389068603516,48.43928527832031,72.18488311767578,57.981632232666016,30.13115692138672,17.306413650512695,0.6923486590385437,97.01085662841797,67.37600708007812,94.68759155273438,88.63713073730469,23.65410614013672,17.053672790527344,18.001632690429688,111.7544174194336,91.02914428710938
2016-01-25,22.35976791381836,45.06198501586914,36.33525085449219,29.826499938964844,42.15538024902344,46.80082702636719,71.92373657226562,57.5993766784668,30.202795028686523,17.516225814819336,0.6916185617446899,96.08968353271484,66.48629760742188,93.87770080566406,87.16441345214844,23.393301010131836,16.90772247314453,17.8785343170166,111.21631622314453,91.64421081542969
2016-01-26,22.483440399169922,45.39262008666992,36.343658447265625,30.0625,43.230857849121094,48.521549224853516,75.49007415771484,59.06838607788086,30.145475387573242,17.66805076599121,0.6984325647354126,96.41654205322266,66.61605072021484,94.25566101074219,88.06084442138672,23.66200828552246,17.30907440185547,17.978185653686523,114.80364990234375,92.58985900878906
2016-01-27,21.006135940551758,44.566043853759766,35.540802001953125,29.167499542236328,43.2005615234375,47.62955093383789,76.22126770019531,59.06093215942383,30.15264320373535,17.654258728027344,0.690158486366272,93.55397033691406,65.71709442138672,93.76972961425781,86.2771224975586,23.55927085876465,17.097450256347656,17.890256881713867,104.5528564453125,92.92814636230469
2016-01-28,21.15677833557129,45.29691696166992,37.06233215332031,31.767499923706055,43.382328033447266,48.70499801635742,76.30332946777344,59.82542037963867,30.496498107910156,17.72879409790039,0.682614266872406,108.07488250732422,64.25276947021484,94.3173599243164,85.55447387695312,23.68571662902832,16.863941192626953,17.702680587768555,105.83533477783203,94.08908081054688
2016-01-29,21.887569427490234,47.933284759521484,37.708675384521484,29.350000381469727,45.06367874145508,49.249046325683594,77.92236328125,61.22699737548828,30.74724578857422,18.319568634033203,0.7127905488014221,111.14546203613281,69.034912109375,97.00157928466797,87.64920043945312,24.515548706054688,17.360157012939453,17.8726749420166,107.73660278320312,95.16545104980469
2016-02-01,21.682947158813477,47.60266876220703,38.17523956298828,28.74049949645996,44.57897186279297,48.26216506958008,77.87010192871094,60.79978561401367,30.804546356201172,18.63427734375,0.7130342125892639,113.99816131591797,68.93295288085938,97.58008575439453,87.03634643554688,24.35748291015625,17.133939743041992,17.685100555419922,109.01908874511719,95.80358123779297
2016-02-02,21.244483947753906,46.11479949951172,38.677459716796875,27.604999542236328,43.19297790527344,47.18671798706055,77.15386962890625,60.12522506713867,30.40338706970215,18.457599639892578,0.6828578114509583,113.52271270751953,68.02471160888672,96.62364959716797,85.17947387695312,23.551362991333008,16.65962028503418,17.667512893676758,105.39588165283203,95.29613494873047
2016-02-03,21.66496467590332,45.38391876220703,37.115821838378906,26.553499221801758,43.480777740478516,49.64759826660156,77.69851684570312,60.7847900390625,30.603967666625977,18.294727325439453,0.6862651109695435,111.62094116210938,68.93295288085938,95.48206329345703,87.02718353271484,23.391908645629883,16.856643676757812,17.56685447692871,109.29710388183594,93.38943481445312
2016-02-04,21.83903694152832,45.24469757080078,36.15743637084961,26.812999725341797,44.230587005615234,50.50162124633789,77.51946258544922,60.4849967956543,30.467857360839844,18.33613395690918,0.686508059501648,109.4417953491211,68.28422546386719,93.41492462158203,87.29246520996094,23.7347354888916,17.17771339416504,17.170164108276367,110.85758972167969,92.76669311523438
2016-02-05,21.25576400756836,43.64373779296875,34.85631561279297,25.10650062561035,43.73828887939453,50.65977478027344,75.0125732421875,60.8597297668457,30.40338706970215,18.49625015258789,0.6431908011436462,103.08270263671875,66.30095672607422,89.80512237548828,85.89293670654297,23.152727127075195,16.703399658203125,17.187929153442383,109.91590881347656,88.72266387939453
2016-02-08,21.479576110839844,42.99116897583008,34.876129150390625,24.405000686645508,42.82186508178711,51.34299087524414,76.10186004638672,61.924041748046875,30.553817749023438,18.468647003173828,0.6137445569038391,98.80370330810547,62.80703353881836,86.2724609375,84.26472473144531,22.97732925415039,16.732593536376953,16.909652709960938,107.14470672607422,89.22241973876953
2016-02-09,21.47505760192871,42.8780517578125,34.720611572265625,24.103500366210938,42.564361572265625,51.11958312988281,76.07949829101562,61.93902587890625,31.019472122192383,18.1677303314209,0.6203153133392334,98.5956802368164,63.32602310180664,87.82284545898438,84.44767761230469,22.9693603515625,16.528268814086914,17.22937774658203,106.61557006835938,89.96046447753906
2016-02-10,21.312284469604492,43.252193450927734,35.00936508178711,24.52400016784668,42.04936599731445,50.65357208251953,75.90044403076172,61.17454147338867,30.482177734375,18.16221046447754,0.6188549399375916,100.04182434082031,65.01274108886719,88.18534851074219,81.2735595703125,22.506938934326172,16.426109313964844,17.46027946472168,105.32122039794922,90.3679428100586
2016-02-11,21.183414459228516,43.23480987548828,34.9850959777832,25.19099998474121,40.19378662109375,50.81315994262695,75.87805938720703,59.88538360595703,30.381881713867188,18.032461166381836,0.6156914830207825,100.94319152832031,63.45576858520508,87.36772918701172,82.60906219482422,22.49896812438965,18.009611129760742,17.24713897705078,98.15255737304688,89.74520111083984
2016-02-12,21.248973846435547,43.9395751953125,35.01133728027344,25.354000091552734,43.5413818359375,51.72600173950195,75.96759033203125,60.70232391357422,30.88335609436035,18.269872665405273,0.6261556148529053,101.04225158691406,65.26297760009766,89.72027587890625,83.37744903564453,22.833818435668945,18.32339859008789,17.38330841064453,98.32454681396484,90.66779327392578
2016-02-16,21.848085403442383,44.77210235595703,35.54377746582031,26.05500030517578,44.192710876464844,51.8472900390625,76.34061431884766,61.06208801269531,31.062456130981445,18.192577362060547,0.656818687915802,100.64604187011719,65.8931655883789,92.11907958984375,84.98735046386719,22.945436477661133,18.856090545654297,17.649747848510742,101.91793823242188,91.62881469726562
2016-02-17,22.182676315307617,45.9376220703125,36.25352478027344,26.704999923706055,44.510807037353516,52.3452262878418,76.47493743896484,61.79660415649414,31.15558433532715,18.25055503845215,0.6731236577033997,104.20197296142578,66.88676452636719,93.49207305908203,87.35651397705078,23.495559692382812,19.308521270751953,17.543170928955078,105.3031234741211,91.2136459350586
2016-02-18,21.762176513671875,45.73606491088867,35.53733825683594,26.25,43.78374481201172,52.632476806640625,77.77315521240234,61.44435501098633,31.24154281616211,17.701189041137695,0.7310426235198975,102.48839569091797,66.15316772460938,92.53561401367188,87.05464172363281,23.455692291259766,19.286630630493164,17.49580955505371,106.41642761230469,90.08348846435547
2016-02-19,21.712440490722656,45.41181945800781,35.76517105102539,26.7450008392334,43.79129409790039,52.66437911987305,78.27665710449219,61.30194091796875,31.356164932250977,17.850261688232422,0.7407769560813904,103.57796478271484,66.4224624633789,93.86229705810547,86.9083023071289,22.88962745666504,19.37419319152832,17.46027946472168,104.23506164550781,89.59144592285156
2016-02-22,21.902339935302734,46.13917541503906,36.1088981628418,27.975000381469727,44.359336853027344,52.59416961669922,78.72000122070312,61.55677795410156,31.477962493896484,18.118043899536133,0.7670590281486511,106.14338684082031,67.84321594238281,94.75701904296875,88.15232849121094,23.399883270263672,19.432571411132812,17.791847229003906,106.25350952148438,90.4678955078125
2016-02-23,21.40723419189453,44.850975036621094,35.52643966674805,27.64699935913086,42.50376892089844,51.85367202758789,78.21653747558594,61.31690979003906,31.298860549926758,18.352689743041992,0.7690059542655945,104.45951843261719,66.99818420410156,96.0528564453125,87.24673461914062,22.961381912231445,19.060407638549805,17.738557815551758,105.81000518798828,89.87590789794922
2016-02-24,21.725997924804688,45.00870132446289,35.70524215698242,27.70199966430664,42.518917083740234,52.038780212402344,78.87784576416016,61.129554748535156,31.456462860107422,18.52937889099121,0.7743597030639648,105.86604309082031,66.7196273803711,96.88587951660156,87.29246520996094,23.272321701049805,19.20635414123535,17.77408218383789,104.624267578125,89.99890899658203
2016-02-25,21.87520408630371,45.657188415527344,36.11236572265625,27.75749969482422,43.17782974243164,52.35159683227539,79.94497680664062,61.714149475097656,31.635549545288086,18.783349990844727,0.7760633826255798,107.04475402832031,68.03824615478516,97.85002899169922,87.49370574951172,23.615148544311523,19.410680770874023,18.1115665435791,105.7375717163086,91.0060806274414
2016-02-26,21.90912437438965,44.95613098144531,35.901371002197266,27.761499404907227,43.57925033569336,52.18562698364258,79.49409484863281,60.7847900390625,30.904848098754883,18.360977172851562,0.7709529399871826,106.89617156982422,67.5367660522461,97.3872299194336,87.18270111083984,23.758649826049805,19.272031784057617,17.898422241210938,106.95046997070312,90.68069458007812
2016-02-29,21.85938835144043,44.588077545166016,35.522972106933594,27.625999450683594,42.64010238647461,51.164249420166016,79.06570434570312,60.17767333984375,30.897672653198242,18.31404685974121,0.7659459710121155,105.9056625366211,67.22106170654297,95.73662567138672,87.3747787475586,23.59122657775879,19.104196548461914,17.56685447692871,106.96855926513672,90.78141784667969
2016-03-01,22.727519989013672,46.077842712402344,36.75871276855469,28.95199966430664,44.83649444580078,51.88557815551758,80.57625579833984,60.88221740722656,31.298860549926758,18.347169876098633,0.7998957633972168,108.77815246582031,69.31043243408203,96.95527648925781,89.32317352294922,24.213096618652344,19.578514099121094,17.78592872619629,108.57969665527344,92.06735229492188
2016-03-02,22.77726173400879,46.40208435058594,36.625484466552734,29.010499954223633,45.2606201171875,52.792057037353516,80.44096374511719,61.87157440185547,31.356164932250977,18.278160095214844,0.8045362830162048,108.90692138671875,68.99464416503906,96.8704605102539,88.72859191894531,24.348630905151367,19.629594802856445,17.75040626525879,108.29912567138672,91.7807388305664
2016-03-03,22.946815490722656,45.87629318237305,36.23469924926758,28.874500274658203,45.412078857421875,52.6005744934082,80.14788818359375,62.08894348144531,31.49228858947754,18.25883674621582,0.7974532246589661,108.54043579101562,68.6325454711914,97.80375671386719,90.39340209960938,24.380523681640625,19.607709884643555,17.697114944458008,108.26290893554688,90.39411163330078
2016-03-04,23.288192749023438,45.595848083496094,36.166847229003906,28.756999969482422,45.480247497558594,52.53034210205078,80.03516387939453,62.576080322265625,31.599729537963867,18.435518264770508,0.7950107455253601,107.3617172241211,68.62320709228516,96.8472900390625,90.0823974609375,24.420387268066406,19.556625366210938,17.590543746948242,109.58440399169922,90.773681640625
2016-03-07,23.030466079711914,44.719512939453125,35.30406188964844,28.139999389648438,45.39693832397461,53.91557312011719,80.21551513671875,62.2838134765625,31.528114318847656,18.741947174072266,0.7898817658424377,104.72695922851562,66.8031997680664,97.31781005859375,90.914794921875,24.667543411254883,19.804733276367188,17.637907028198242,111.24079895019531,90.75044250488281
2016-03-08,22.840560913085938,45.262840270996094,35.340213775634766,28.01300048828125,44.51839065551758,52.747352600097656,79.8247299194336,62.253814697265625,31.750179290771484,18.783349990844727,0.7754713892936707,104.9250717163086,65.57744598388672,98.27953338623047,89.47866821289062,24.364582061767578,19.73905372619629,17.38330841064453,110.74296569824219,91.73426055908203
2016-03-09,22.860916137695312,46.305694580078125,35.928619384765625,27.973499298095703,44.77589797973633,52.6005744934082,80.2906494140625,62.17884826660156,32.1012077331543,18.78057861328125,0.774982750415802,106.49007415771484,65.63314056396484,97.7443618774414,89.3322982788086,24.611732482910156,20.1476993560791,17.60829734802246,111.20458221435547,92.67932891845703
2016-03-10,22.87221336364746,45.613380432128906,36.263427734375,27.946500778198242,44.38962936401367,52.460113525390625,80.51611328125,61.66917037963867,32.402099609375,18.74720573425293,0.7737616300582886,106.3018798828125,65.20599365234375,97.63579559326172,88.76518249511719,24.914695739746094,19.979869842529297,17.51949119567871,111.27700805664062,92.94269561767578
2016-03-11,23.118637084960938,46.507240295410156,36.89244079589844,28.480499267578125,44.9425163269043,52.466522216796875,80.94447326660156,61.27197265625,32.63312911987305,18.680458068847656,0.7869508862495422,108.37205505371094,66.51532745361328,99.62901306152344,89.58843231201172,25.321304321289062,20.33013153076172,18.058277130126953,112.80665588378906,94.15892028808594
2016-03-14,23.177417755126953,46.5948600769043,37.15841293334961,28.668500900268555,44.77589797973633,52.60694122314453,80.90689086914062,60.83726119995117,32.69810104370117,18.733291625976562,0.7889046669006348,108.84748840332031,66.38530731201172,99.92372131347656,90.38424682617188,25.058208465576172,20.213380813598633,17.821449279785156,114.35445404052734,95.20469665527344
2016-03-15,23.643136978149414,46.962928771972656,37.17475891113281,28.85099983215332,44.83649444580078,52.86866760253906,80.9820327758789,60.94217300415039,32.66200637817383,18.936311721801758,0.7849966287612915,109.6200942993164,66.77530670166016,100.59845733642578,89.86285400390625,25.23360252380371,20.184188842773438,17.489887237548828,114.37254333496094,95.6152572631836
2016-03-16,23.95738410949707,47.62894821166992,37.51105499267578,28.713499069213867,44.624412536621094,52.90057373046875,80.71903228759766,60.96464157104492,32.52481460571289,18.90850067138672,0.8084442019462585,111.11576843261719,67.2024917602539,101.17237091064453,90.04580688476562,25.265491485595703,20.344728469848633,17.19385528564453,115.46775817871094,95.68496704101562
2016-03-17,23.9189510345459,47.90060806274414,37.5665283203125,27.972000122070312,44.49566650390625,53.685752868652344,80.21551513671875,62.021461486816406,33.044639587402344,18.75832176208496,0.8016054630279541,109.96676635742188,67.91749572753906,101.50585174560547,91.10688018798828,25.496706008911133,20.570938110351562,17.37147331237793,118.30081939697266,95.4061050415039
2016-03-18,23.946075439453125,46.875301361083984,37.41447067260742,27.604000091552734,45.805912017822266,53.74958801269531,80.78666687011719,62.3212776184082,32.92190933227539,18.61927032470703,0.8257852792739868,110.39268493652344,68.51181030273438,101.87036895751953,90.74099731445312,26.05478858947754,20.6731014251709,17.43659782409668,121.25155639648438,96.1187973022461
2016-03-21,23.943811416625977,47.19955062866211,37.74879455566406,27.698999404907227,45.79075622558594,53.379356384277344,80.621337890625,62.44868087768555,32.972450256347656,18.90294075012207,0.8282279372215271,110.78888702392578,68.50250244140625,101.60669708251953,90.06410217285156,25.78371810913086,20.570938110351562,17.803686141967773,122.97130584716797,95.90960693359375
2016-03-22,24.126935958862305,47.38359069824219,37.644283294677734,28.02400016784668,45.6241569519043,53.698524475097656,80.69648742675781,62.01396560668945,32.84972381591797,18.875133514404297,0.8267622590065002,111.18511199951172,67.75035858154297,101.28092956542969,89.25914764404297,25.767776489257812,20.63661766052246,17.987232208251953,122.30150604248047,95.91734313964844
2016-03-23,23.993553161621094,47.29595947265625,37.520957946777344,28.48150062561035,45.39693832397461,53.46234130859375,81.5381851196289,62.073936462402344,32.820831298828125,18.761104583740234,0.8409286141395569,111.47233581542969,68.6325454711914,100.99398803710938,88.5730972290039,25.512649536132812,20.30824089050293,17.874738693237305,120.25593566894531,96.20399475097656
2016-03-24,23.889554977416992,47.50626754760742,37.38624572753906,29.147499084472656,45.04854202270508,53.6091423034668,81.39539337158203,62.12639236450195,32.907466888427734,18.911287307739258,0.8421496152877808,111.97750854492188,68.84609985351562,101.18016052246094,88.92981719970703,25.41697120666504,20.403106689453125,17.809612274169922,119.58612060546875,95.50679016113281
2016-03-28,23.781044006347656,46.91913604736328,37.30897521972656,28.993499755859375,44.98796081542969,53.762367248535156,81.33525848388672,61.924041748046875,33.066307067871094,18.944656372070312,0.8506980538368225,112.6114501953125,68.79036712646484,101.66097259521484,89.72563934326172,25.43292236328125,20.35932159423828,17.631982803344727,118.83485412597656,95.4138412475586
2016-03-29,24.343969345092773,47.94445037841797,37.93353271484375,29.69300079345703,44.70772933959961,53.960262298583984,82.01913452148438,62.05894470214844,33.55723571777344,18.919628143310547,0.8643759489059448,115.0381851196289,69.99757385253906,102.739013671875,89.7896728515625,25.815608978271484,20.50527000427246,17.791847229003906,118.46375274658203,96.03356170654297
2016-03-30,24.76900291442871,48.24238204956055,38.05488586425781,29.934499740600586,45.22274398803711,53.953853607177734,81.89889526367188,61.96898651123047,33.62943649291992,19.133773803710938,0.8734128475189209,113.61185455322266,71.29756927490234,103.47579956054688,90.47572326660156,26.07871437072754,20.76796531677246,17.803686141967773,116.38194274902344,97.47441864013672
2016-03-31,24.640132904052734,48.4001350402832,37.78544616699219,29.68199920654297,44.85161590576172,53.36018371582031,81.31270599365234,61.691673278808594,33.492279052734375,19.04755401611328,0.8702375888824463,113.0175552368164,71.01903533935547,103.48356628417969,90.84161376953125,25.79169273376465,20.7752685546875,17.54909324645996,114.89752197265625,97.35821533203125
2016-04-01,24.8662109375,48.69808578491211,38.12076187133789,29.924999237060547,45.34391403198242,52.958030700683594,82.05670166015625,62.606082916259766,33.8099365234375,19.206079483032227,0.8829383254051208,114.95894622802734,72.04974365234375,104.58486938476562,90.62207794189453,25.871417999267578,20.93580436706543,17.78592872619629,114.9156265258789,98.39624786376953
2016-04-04,25.121681213378906,48.57540512084961,37.8953971862793,29.659500122070312,45.16843795776367,53.0857048034668,81.60580444335938,62.366249084472656,33.853248596191406,19.217199325561523,0.8743897676467896,111.48224639892578,72.27262115478516,104.58486938476562,90.26533508300781,25.512649536132812,20.722244262695312,18.18853187561035,114.35445404052734,98.82231903076172
2016-04-05,24.825519561767578,47.812984466552734,37.57098388671875,29.30699920654297,44.527523040771484,52.47927474975586,81.8763427734375,62.328758239746094,33.593345642089844,19.089269638061523,0.8731687068939209,111.1553726196289,71.47402954101562,104.3754653930664,88.72859191894531,25.43292236328125,20.30986785888672,18.567459106445312,114.97898864746094,98.67511749267578
2016-04-06,25.085498809814453,48.303741455078125,38.041507720947266,30.104000091552734,44.870872497558594,53.18146514892578,82.22953796386719,62.8159294128418,33.723297119140625,19.200511932373047,0.8743897676467896,112.63123321533203,72.62548828125,105.04243469238281,89.16766357421875,25.576431274414062,20.619157791137695,19.497024536132812,115.79362487792969,98.78356170654297
2016-04-07,24.538400650024414,47.72534942626953,37.64775848388672,29.571500778198242,43.734039306640625,52.58140563964844,82.1168212890625,62.38874053955078,33.47060775756836,18.972463607788086,0.8653528094291687,112.56192016601562,72.04047393798828,103.82478332519531,87.96022033691406,25.153873443603516,20.324594497680664,19.396373748779297,114.95183563232422,99.26387786865234
2016-04-08,24.565532684326172,47.690303802490234,37.615562438964844,29.729999542236328,44.05447769165039,53.117637634277344,81.98905944824219,62.35874557495117,33.83881759643555,18.92797088623047,0.8709703683853149,109.58047485351562,72.45834350585938,103.63091278076172,88.19806671142578,25.217662811279297,20.390867233276367,19.242427825927734,115.74835205078125,99.12442016601562
2016-04-11,24.64691734313965,47.593910217285156,37.51996612548828,29.796499252319336,44.40543746948242,53.18784713745117,81.891357421875,62.00648498535156,33.52836227416992,18.74441909790039,0.8763437271118164,107.95602416992188,72.2633056640625,103.1578140258789,88.06084442138672,25.249549865722656,20.339324951171875,18.881261825561523,115.7755126953125,98.81455993652344
2016-04-12,24.967947006225586,47.89185333251953,37.855770111083984,30.15850067138672,45.229469299316406,53.8453483581543,82.3648452758789,62.08142852783203,33.67997741699219,19.133773803710938,0.8753666877746582,109.56066131591797,72.91338348388672,104.2203369140625,89.04875183105469,25.401031494140625,20.354047775268555,18.92270278930664,117.1875228881836,98.85328674316406
2016-04-13,25.329669952392578,48.505287170410156,38.23169708251953,30.740999221801758,47.1445426940918,54.151771545410156,82.5677261352539,61.80412292480469,33.23957443237305,19.231109619140625,0.8973487019538879,109.46160888671875,74.01839447021484,103.8015365600586,90.99713134765625,25.616294860839844,20.78852081298828,19.266109466552734,118.69910430908203,98.29553985595703
2016-04-14,25.343229293823242,48.51405334472656,38.40406036376953,31.037500381469727,47.754940032958984,54.53477478027344,82.5451431274414,61.97035217285156,33.08795928955078,19.133773803710938,0.8997909426689148,109.7884750366211,74.59408569335938,104.21257781982422,90.21958923339844,25.35318946838379,20.803255081176758,19.331239700317383,118.43659973144531,98.77584075927734
2016-04-15,24.83456802368164,48.7681999206543,38.632381439208984,31.29450035095215,47.20559310913086,54.24113845825195,82.80068969726562,62.18949508666992,33.28290557861328,19.206079483032227,0.9068742990493774,108.59986114501953,74.36197662353516,104.70895385742188,90.18302154541016,25.082120895385742,20.545515060424805,19.242427825927734,118.6900405883789,98.98500061035156
2016-04-18,24.29875946044922,49.478031158447266,39.01276397705078,31.767499923706055,47.51078796386719,54.75818634033203,83.36431121826172,62.5899772644043,33.369537353515625,19.428564071655273,0.902966320514679,109.40217590332031,75.63414001464844,106.0971908569336,92.82657623291016,25.23360252380371,20.75907325744629,19.307559967041016,119.45034790039062,99.81388092041016
2016-04-19,24.169897079467773,49.416683197021484,38.4466552734375,31.395000457763672,48.31190490722656,55.03267288208008,84.67943572998047,62.93000030517578,33.64387893676758,19.403533935546875,0.8868460059165955,111.22472381591797,74.984130859375,105.04243469238281,93.88765716552734,25.193742752075195,20.862167358398438,19.47333335876465,120.0929946899414,99.82162475585938
2016-04-20,24.21962547302246,48.71561813354492,38.380775451660156,31.649499893188477,49.01384735107422,55.4093132019043,85.35579681396484,61.62275314331055,32.03388977050781,19.24779510498047,0.8902653455734253,111.3534927368164,75.35554504394531,104.84854888916016,94.46392822265625,25.512649536132812,20.943164825439453,19.67464828491211,118.18318176269531,99.58145141601562
2016-04-21,23.95738410949707,48.882118225097656,38.632381439208984,31.549999237060547,48.52553939819336,55.40293884277344,85.34830474853516,61.056034088134766,31.521286010742188,19.041990280151367,0.8892886638641357,112.36381530761719,75.02127075195312,104.39095306396484,94.13465118408203,25.488731384277344,20.7958927154541,19.680566787719727,118.33702850341797,97.44342803955078
2016-04-22,23.891820907592773,45.37676239013672,36.540794372558594,31.024999618530273,48.80785369873047,55.87531661987305,85.160400390625,61.16937255859375,32.156612396240234,19.111522674560547,0.8858692646026611,109.51113891601562,73.46123504638672,105.21304321289062,94.92130279541016,25.225631713867188,20.729616165161133,19.698326110839844,118.61763763427734,97.2187728881836
2016-04-25,23.756166458129883,45.66595458984375,36.76069641113281,31.309999465942383,48.52553939819336,55.747642517089844,85.30323791503906,61.516971588134766,32.279354095458984,19.32010269165039,0.8902653455734253,109.05550384521484,72.56050872802734,105.20527648925781,95.653076171875,25.026308059692383,20.78852081298828,19.66280174255371,118.34608459472656,98.73709869384766
2016-04-26,23.591135025024414,45.07881546020508,35.9266357421875,30.8439998626709,48.77732849121094,55.93915939331055,84.8523178100586,60.11146926879883,32.14940643310547,19.2728271484375,0.8909982442855835,107.72820281982422,72.92263793945312,104.96488189697266,95.94580078125,25.034286499023438,20.95053482055664,19.568071365356445,120.59986877441406,98.93074798583984
2016-04-27,22.114856719970703,44.64064025878906,35.732975006103516,30.328500747680664,48.9146728515625,56.468997955322266,84.7470703125,60.3683967590332,32.257694244384766,19.306201934814453,0.9112702012062073,107.85696411132812,73.13623809814453,105.28289794921875,96.30253601074219,25.313335418701172,21.09044647216797,19.53846549987793,124.07559967041016,99.3878173828125
2016-04-28,21.438884735107422,43.729251861572266,34.92070007324219,30.100000381469727,48.52553939819336,56.19450378417969,84.52915954589844,60.27015686035156,32.22159194946289,19.164356231689453,0.8841593861579895,115.62260437011719,72.13333892822266,102.9406509399414,95.15913391113281,24.803081512451172,20.589696884155273,19.48518180847168,122.01187133789062,99.09343719482422
2016-04-29,21.192461013793945,43.70296096801758,35.06037902832031,32.97949981689453,48.22036361694336,56.430686950683594,84.22856140136719,60.54217529296875,32.344329833984375,18.597030639648438,0.8677952885627747,116.46453857421875,71.72473907470703,103.84031677246094,94.45479583740234,24.141345977783203,20.243595123291016,19.366764068603516,122.01187133789062,97.98570251464844
2016-05-02,21.16985511779785,44.3514404296875,35.383792877197266,34.192501068115234,48.67050552368164,56.89670181274414,84.73207092285156,61.184478759765625,32.47428894042969,18.797260284423828,0.8792744874954224,117.44514465332031,72.85765075683594,105.51554107666016,95.46098327636719,24.40443992614746,20.155227661132812,19.420055389404297,121.29679870605469,99.31034088134766
2016-05-03,21.51801109313965,43.62409591674805,35.088111877441406,33.566001892089844,47.7320556640625,56.245574951171875,84.68695831298828,61.282711029052734,32.37321090698242,18.6331787109375,0.8687721490859985,116.31596374511719,71.6783218383789,104.34442901611328,94.93045806884766,24.20512580871582,19.779659271240234,19.95292091369629,119.9210205078125,99.46526336669922
2016-05-04,21.294193267822266,43.70296096801758,35.23323440551758,33.54499816894531,46.9766960144043,56.13705062866211,84.33374786376953,61.66053009033203,32.47428894042969,18.686017990112305,0.8489883542060852,116.9399642944336,71.56689453125,104.82526397705078,94.829833984375,24.004093170166016,19.470373153686523,19.775291442871094,118.4728012084961,100.18570709228516
2016-05-05,21.207761764526367,43.76428985595703,35.39866256713867,32.954498291015625,46.724910736083984,56.200904846191406,84.82978057861328,61.433837890625,32.532047271728516,18.69158363342285,0.8541175127029419,116.69236755371094,71.83616638183594,104.44524383544922,95.98238372802734,24.044296264648438,19.301002502441406,19.875947952270508,119.5499038696289,100.14695739746094
2016-05-06,21.089487075805664,44.158653259277344,35.9172248840332,33.6974983215332,46.99958801269531,56.50091552734375,84.72454071044922,62.06103515625,32.71975326538086,18.98080825805664,0.862910270690918,118.3564224243164,72.17048645019531,105.24410247802734,96.54036712646484,24.156877517700195,19.536651611328125,19.881868362426758,120.61796569824219,101.15400695800781
2016-05-09,21.105403900146484,43.87822723388672,36.11286163330078,33.98749923706055,46.70203399658203,56.539207458496094,85.46101379394531,62.05347442626953,32.66200637817383,19.175487518310547,0.8616891503334045,118.1087875366211,72.63479614257812,105.66291046142578,96.35743713378906,23.96387481689453,19.521921157836914,20.023963928222656,119.56803131103516,101.34766387939453
2016-05-10,21.24870491027832,44.71074295043945,36.62052917480469,35.153499603271484,47.335296630859375,57.44569778442383,86.1749267578125,62.325496673583984,33.030208587646484,19.13098907470703,0.8782976269721985,119.35684204101562,73.5447998046875,106.6478271484375,97.50997161865234,24.237289428710938,19.90484046936035,20.012126922607422,121.93946075439453,101.94413757324219
2016-05-11,21.041717529296875,44.73703384399414,36.183197021484375,35.6614990234375,47.159812927246094,57.16887283325195,85.94950103759766,62.07615280151367,32.820831298828125,18.60432243347168,0.8807401061058044,118.3861312866211,71.90758514404297,104.15827178955078,93.5675048828125,24.17296028137207,19.661832809448242,19.809019088745117,121.36457061767578,100.03852081298828
2016-05-12,20.54815101623535,45.14016342163086,36.06036376953125,35.89649963378906,47.129302978515625,57.72248840332031,85.84429168701172,62.27261734008789,33.08795928955078,18.727581024169922,0.8687721490859985,119.13892364501953,72.45642852783203,104.07298278808594,93.0369644165039,23.931711196899414,19.639745712280273,19.826936721801758,122.66034698486328,100.79763793945312
2016-05-13,20.58909034729004,44.763336181640625,35.8998908996582,35.49599838256836,46.69438934326172,57.07231521606445,85.34078216552734,61.38093948364258,32.741416931152344,18.192506790161133,1.0009080171585083,118.67338562011719,71.47035217285156,103.25090026855469,91.94843292236328,24.052331924438477,19.536651611328125,19.826936721801758,120.56156921386719,99.79837799072266
2016-05-16,21.353328704833984,45.42059326171875,36.170806884765625,35.53300094604492,47.04536819458008,57.65810775756836,86.00211334228516,61.683197021484375,32.936344146728516,18.49506378173828,1.0304607152938843,117.54419708251953,72.3727035522461,104.96488189697266,91.80207824707031,24.438323974609375,19.860668182373047,19.940433502197266,122.40484619140625,100.42582702636719
2016-05-17,21.264625549316406,44.57340621948242,35.670074462890625,34.76350021362305,47.04536819458008,57.632362365722656,85.54368591308594,60.91999816894531,32.308231353759766,18.237335205078125,1.0326595306396484,116.23672485351562,71.43316650390625,102.37450408935547,91.41790771484375,24.108623504638672,19.62501335144043,19.73135757446289,120.96308898925781,98.915283203125
2016-05-18,21.508005142211914,44.83815002441406,35.74882888793945,34.872501373291016,48.86125564575195,57.5164909362793,85.36329650878906,60.338157653808594,32.11328887939453,17.691055297851562,1.059037446975708,116.53388977050781,72.02851867675781,102.19612121582031,90.55805206298828,24.11666488647461,19.67656898498535,19.814990997314453,119.53044128417969,97.76879119873047
2016-05-19,21.42611312866211,44.40575408935547,35.428375244140625,34.92599868774414,48.36530685424805,58.005699157714844,84.80720520019531,60.59510040283203,31.997783660888672,19.38592529296875,1.063678503036499,115.70184326171875,71.51687622070312,102.16511535644531,90.01836395263672,23.827171325683594,20.302501678466797,19.940433502197266,116.87499237060547,97.05609893798828
2016-05-20,21.658117294311523,44.67048263549805,35.745361328125,35.13999938964844,48.45687484741211,57.76755905151367,85.2537612915039,60.46661376953125,31.730661392211914,19.57081413269043,1.082728624343872,116.23672485351562,72.25177764892578,102.25818634033203,91.27153778076172,24.245328903198242,20.597063064575195,20.15549659729004,116.24536895751953,94.9412841796875
2016-05-23,21.933332443237305,44.149818420410156,35.52445983886719,34.837501525878906,48.418731689453125,57.67740249633789,84.89048767089844,60.60262680053711,31.745101928710938,19.469959259033203,1.0844388008117676,114.86980438232422,71.82384490966797,101.9246826171875,90.7226791381836,24.30966567993164,20.574970245361328,20.11368179321289,116.41874694824219,95.1349868774414
2016-05-24,22.267696380615234,45.52648162841797,36.30602264404297,35.209999084472656,49.242759704589844,57.72248840332031,85.29161071777344,61.184478759765625,32.03388977050781,19.677270889282227,1.1107633113861084,116.5833969116211,73.84244537353516,103.42925262451172,91.02456665039062,24.97711181640625,20.965261459350586,20.370553970336914,116.34574127197266,96.01806640625
2016-05-25,22.658910751342773,45.99419021606445,36.55712890625,35.41749954223633,49.9904670715332,58.10227966308594,85.7911376953125,61.56987380981445,32.041107177734375,19.7445011138916,1.1061103343963623,116.77159881591797,73.54479217529297,103.30516815185547,91.34471130371094,25.24248504638672,21.296642303466797,20.5198974609375,117.58676147460938,95.48356628417969
2016-05-26,22.838603973388672,45.79120635986328,36.49918746948242,35.74549865722656,49.61661148071289,57.806148529052734,85.45055389404297,61.37339782714844,32.264915466308594,19.848155975341797,1.1178643703460693,118.33660888671875,73.4889907836914,103.96442413330078,91.2989730834961,25.322904586791992,21.28191566467285,20.567684173583984,117.99739837646484,95.89411926269531
2016-05-27,22.8249568939209,46.17068862915039,37.02765655517578,35.61199951171875,49.92179489135742,57.941341400146484,85.5716323852539,61.532081604003906,32.32988739013672,19.820140838623047,1.1239864826202393,118.24746704101562,74.10298156738281,103.87910461425781,91.73802947998047,25.387231826782227,21.296642303466797,20.675209045410156,117.9152603149414,95.4758071899414
2016-05-31,22.71350860595703,46.77075958251953,37.08956527709961,36.13949966430664,49.799720764160156,57.304073333740234,85.29161071777344,61.237388610839844,32.19994354248047,19.82854652404785,1.1440660953521729,117.682861328125,73.43318939208984,102.99813079833984,90.75927734375,25.403324127197266,21.392375946044922,20.728973388671875,115.11384582519531,94.5539779663086
2016-06-01,22.395071029663086,46.638397216796875,37.070255279541016,35.97200012207031,50.120182037353516,57.445682525634766,85.3597412109375,61.80412292480469,32.27213668823242,19.750106811523438,1.1462703943252563,117.65316009521484,73.69361114501953,102.77208709716797,90.11897277832031,25.45960807800293,21.28191566467285,20.758848190307617,115.35111236572266,94.4842529296875
2016-06-02,22.226747512817383,46.31187438964844,36.862728118896484,36.4119987487793,50.21173858642578,56.988643646240234,86.65398406982422,61.92501449584961,32.28657913208008,19.87616729736328,1.1543513536453247,117.8017349243164,74.37272644042969,103.22427368164062,90.30191802978516,25.540023803710938,21.41446876525879,20.83053207397461,115.75260162353516,94.55448150634766
2016-06-03,22.272233963012695,45.70297622680664,36.44618606567383,36.277000427246094,49.319053649902344,56.885650634765625,86.85832977294922,62.31794357299805,32.517616271972656,19.853761672973633,1.1381884813308716,117.3460922241211,74.3634262084961,102.7019271850586,90.32937622070312,25.42744255065918,21.45128631591797,20.723005294799805,116.23624420166016,94.69496154785156
2016-06-06,22.433731079101562,46.00300979614258,36.15891647338867,36.33649826049805,49.80734634399414,57.51004409790039,87.62276458740234,62.54464340209961,32.75585174560547,19.90418815612793,1.1323121786117554,117.66307067871094,74.92155456542969,100.7139892578125,90.3568115234375,25.475692749023438,21.429187774658203,20.866371154785156,120.36080932617188,95.2021713256836
2016-06-07,22.524717330932617,45.97654342651367,36.209938049316406,36.1870002746582,49.63949203491211,58.39193344116211,87.59249114990234,62.204586029052734,32.71975326538086,19.89858627319336,1.1345163583755493,116.64282989501953,74.9773941040039,101.2830810546875,89.96347045898438,25.636518478393555,21.407102584838867,20.812610626220703,120.38816833496094,95.12416076660156
2016-06-08,22.504249572753906,45.923587799072266,36.796356201171875,36.332000732421875,49.78446578979492,58.44344711303711,87.64549255371094,62.45396041870117,32.88581085205078,19.96862030029297,1.130842924118042,117.266845703125,75.95413208007812,101.02584838867188,89.67992401123047,25.64456558227539,21.458646774291992,21.057537078857422,121.36457061767578,95.28804016113281
2016-06-09,22.66573715209961,45.552955627441406,36.77604675292969,36.38249969482422,49.40297317504883,58.36620330810547,88.55372619628906,62.846885681152344,33.03742218017578,19.91539192199707,1.1602281332015991,117.43524169921875,75.5913314819336,100.79976654052734,89.49697875976562,25.68477439880371,21.458646774291992,21.0933780670166,121.45582580566406,95.81867980957031
2016-06-10,22.479228973388672,45.42940902709961,36.31394958496094,35.89550018310547,48.70866012573242,57.922027587890625,88.5613021850586,62.86958312988281,33.20347595214844,19.929399490356445,1.131332516670227,115.5136489868164,74.5866928100586,100.43333435058594,89.03960418701172,25.76519012451172,21.377643585205078,21.08142852783203,119.66731262207031,95.48309326171875
2016-06-13,22.140317916870117,44.24689865112305,36.24907302856445,35.762001037597656,48.273773193359375,58.3147087097168,88.39478302001953,62.39350128173828,32.825164794921875,19.758506774902344,1.145780324935913,112.86896514892578,72.93085479736328,99.65375518798828,89.24998474121094,25.869731903076172,21.23772621154785,20.752872467041016,118.55402374267578,95.9747314453125
2016-06-14,22.167621612548828,43.973331451416016,36.316917419433594,35.96500015258789,47.36581802368164,58.21170425415039,88.64453125,62.98291015625,32.76698303222656,19.87616729736328,1.147984504699707,113.84957885742188,73.0889663696289,97.6346435546875,90.00920867919922,25.84560775756836,21.32609748840332,20.90221405029297,119.08331298828125,95.60015106201172
2016-06-15,22.09482765197754,43.84980010986328,36.2644157409668,35.7130012512207,47.28189468383789,58.037899017333984,88.107177734375,62.68065643310547,32.74515151977539,19.923795700073242,1.1597384214401245,113.5127944946289,72.71687316894531,98.64031982421875,89.89029693603516,25.419403076171875,21.097806930541992,20.782745361328125,118.77302551269531,95.39725494384766
2016-06-16,22.188081741333008,44.46752166748047,35.87116622924805,35.8754997253418,47.4726448059082,58.7202262878418,88.28125,63.02825927734375,32.963401794433594,19.974218368530273,1.1643911600112915,113.3047866821289,72.88431549072266,99.28736114501953,89.99091339111328,25.483736038208008,21.25982666015625,20.758848190307617,118.05213165283203,95.56895446777344
2016-06-17,21.68314552307129,44.23807907104492,34.880584716796875,35.31949996948242,47.51841735839844,58.39838409423828,87.40328979492188,62.816646575927734,32.58509826660156,19.87616729736328,1.1440660953521729,111.94779968261719,71.61920166015625,99.11585235595703,90.55805206298828,25.540023803710938,21.31873321533203,20.442235946655273,118.4627914428711,95.41287231445312
2016-06-20,21.63082504272461,44.18512725830078,34.973697662353516,35.70050048828125,47.58707809448242,58.65589141845703,88.20555114746094,62.7486686706543,32.72333526611328,19.918197631835938,1.1646358966827393,112.29447937011719,71.94477081298828,99.49004364013672,91.0794448852539,25.869731903076172,21.208274841308594,20.6095027923584,121.13644409179688,96.31026458740234
2016-06-21,21.8150634765625,45.173500061035156,35.10990524291992,35.79100036621094,48.02960968017578,58.91979217529297,87.93305969238281,63.02825927734375,32.83244323730469,20.0190486907959,1.1575345993041992,113.2948989868164,71.9354476928711,99.58360290527344,90.39340209960938,25.9903507232666,21.186176300048828,20.758848190307617,120.01406860351562,95.69380187988281
2016-06-22,21.733184814453125,44.99699401855469,35.188655853271484,35.529998779296875,47.846492767333984,58.68803787231445,88.14502716064453,63.14915084838867,32.63602066040039,20.100290298461914,1.156554937362671,112.82936096191406,71.1913070678711,99.47447967529297,90.36595153808594,25.966228485107422,21.149364471435547,20.59157943725586,120.24219512939453,94.12530517578125
2016-06-23,21.8582763671875,45.80888366699219,35.40658187866211,36.104000091552734,48.86888122558594,59.093597412109375,88.84131622314453,63.632747650146484,32.79606628417969,20.19832992553711,1.1874096393585205,113.9882583618164,72.77272033691406,100.01236724853516,90.57635498046875,26.529138565063477,21.517560958862305,20.663259506225586,121.86647033691406,94.585693359375
2016-06-24,21.244150161743164,43.973331451416016,33.93706130981445,34.948001861572266,45.473628997802734,57.54222106933594,87.51679992675781,62.15925979614258,31.959442138671875,20.15911865234375,1.1198234558105469,111.0167236328125,69.81452941894531,98.53895568847656,87.55774688720703,25.371152877807617,20.43505096435547,20.292892456054688,115.45147705078125,93.20450592041016
2016-06-27,20.934818267822266,42.737884521484375,33.73597717285156,34.56800079345703,43.95530319213867,57.20108413696289,88.2131576538086,61.38093948364258,31.850317001342773,20.030248641967773,1.1078245639801025,107.93622589111328,68.22384643554688,97.19027709960938,86.33201599121094,24.703702926635742,20.11104393005371,20.191335678100586,111.96564483642578,90.75421142578125
2016-06-28,21.287370681762695,43.629180908203125,34.23720932006836,35.397499084472656,45.41257095336914,58.520694732666016,89.48465728759766,62.310386657714844,32.141319274902344,20.03305435180664,1.1239864826202393,111.63082885742188,69.9168472290039,99.41989135742188,87.85960388183594,25.081655502319336,20.46451187133789,20.57366180419922,113.05155181884766,92.47096252441406
2016-06-29,21.471603393554688,44.599891662597656,34.43185043334961,35.779998779296875,46.69438934326172,59.518463134765625,90.31721496582031,63.40607833862305,32.33047866821289,20.29918670654297,1.1423519849777222,113.07699584960938,71.38664245605469,99.29515075683594,88.7103042602539,25.67673110961914,20.81061553955078,20.914165496826172,115.88036346435547,93.24351501464844
2016-06-30,21.74455451965332,45.15583801269531,34.84492492675781,35.78099822998047,47.411598205566406,60.3424186706543,91.80825805664062,63.98036193847656,32.977962493896484,20.456064224243164,1.1511675119400024,113.19583892822266,68.99591064453125,99.54462432861328,89.47866821289062,26.37635040283203,21.127269744873047,21.033632278442383,118.5083999633789,93.90680694580078
2016-07-01,21.810514450073242,45.14701843261719,35.17776107788086,36.284000396728516,47.10403060913086,60.40681076049805,91.8006820678711,64.06348419189453,32.825164794921875,20.397235870361328,1.142596960067749,113.10670471191406,69.28431701660156,101.04922485351562,89.67076110839844,26.336139678955078,21.208274841308594,21.248695373535156,118.34414672851562,93.95362091064453
2016-07-05,21.605806350708008,45.15583801269531,34.91227722167969,36.404998779296875,45.78917694091797,59.87895965576172,92.54239654541016,64.56220245361328,33.05070495605469,20.489683151245117,1.1594938039779663,113.1166000366211,69.46104431152344,100.83873748779297,89.3322982788086,26.27984619140625,21.05221939086914,21.392061233520508,115.86210632324219,94.23455047607422
2016-07-06,21.728633880615234,45.341163635253906,35.1143684387207,36.88050079345703,46.28128433227539,60.567718505859375,92.82245635986328,64.25239562988281,32.934303283691406,20.6801815032959,1.166839838027954,115.59288787841797,68.89361572265625,102.56942749023438,90.05493927001953,26.5130558013916,21.342031478881836,21.42193603515625,115.85298156738281,94.13308715820312
2016-07-07,21.821887969970703,45.341163635253906,35.029666900634766,36.82849884033203,46.5811653137207,59.840309143066406,92.72407531738281,64.10128021240234,32.80335235595703,20.598939895629883,1.1972044706344604,114.75096130371094,69.31221771240234,102.24978637695312,90.67227935791016,26.698017120361328,21.35689353942871,21.36817169189453,116.04459381103516,94.3593978881836
2016-07-08,21.99020004272461,46.15302658081055,35.550716400146484,37.29050064086914,47.54231643676758,60.21368408203125,92.98139190673828,64.81157684326172,33.01432800292969,20.685779571533203,1.245200753211975,116.12776184082031,71.08895111083984,104.72883605957031,91.78713989257812,27.34133529663086,21.743310928344727,21.57724952697754,118.70916748046875,94.66372680664062
2016-07-11,22.05844497680664,46.408931732177734,36.017276763916016,37.68899917602539,47.88064193725586,60.43898010253906,93.04195404052734,64.79646301269531,33.15255355834961,20.74741554260254,1.2738512754440308,116.75179290771484,71.1819839477539,105.36030578613281,92.11883544921875,27.646913528442383,21.869638442993164,21.59517478942871,120.4885482788086,95.2021713256836
2016-07-12,22.158517837524414,46.95607376098633,36.28025817871094,37.410499572753906,48.59573745727539,61.121307373046875,93.03438568115234,64.79646301269531,33.159828186035156,20.52610206604004,1.2929514646530151,116.81121826171875,72.07504272460938,105.1186294555664,92.32151794433594,28.09724235534668,22.003402709960938,21.648935317993164,119.36617279052734,95.39725494384766
2016-07-13,22.033409118652344,47.2208251953125,36.13019943237305,37.131500244140625,48.564971923828125,61.0762825012207,93.09493255615234,64.90225982666016,33.27622985839844,20.6241512298584,1.2924617528915405,115.672119140625,72.05643463134766,104.12078857421875,92.02669525146484,28.15353012084961,22.107433319091797,21.69075584411621,118.7273941040039,95.84204864501953
2016-07-14,22.470130920410156,47.42378616333008,36.44322204589844,37.060001373291016,49.30315399169922,61.121307373046875,93.23116302490234,64.88713073730469,33.23985290527344,20.646564483642578,1.3056856393814087,116.17728424072266,72.68900299072266,104.884765625,92.10961151123047,28.306324005126953,22.114864349365234,22.055152893066406,120.04142761230469,96.7082290649414
2016-07-15,22.467853546142578,47.38850021362305,36.43479919433594,36.77199935913086,49.34927749633789,61.23075866699219,93.09493255615234,64.99293518066406,33.19620132446289,20.638158798217773,1.2905033826828003,115.75137329101562,72.83781433105469,105.07184600830078,91.9529800415039,28.20178985595703,22.159452438354492,21.965547561645508,120.80792999267578,96.45853424072266
2016-07-18,22.706676483154297,47.617923736572266,37.30501937866211,36.80350112915039,49.180110931396484,61.03764343261719,93.20091247558594,64.9324951171875,33.19620132446289,20.685779571533203,1.2971144914627075,118.23756408691406,72.84713745117188,106.28801727294922,92.27547454833984,28.185705184936523,22.226329803466797,21.887889862060547,121.75697326660156,96.60680389404297
2016-07-19,22.715784072875977,46.85017395019531,37.3154182434082,36.997501373291016,49.10322189331055,60.81235885620117,94.79790496826172,65.11380004882812,33.19620132446289,20.635353088378906,1.3105829954147339,119.4657974243164,73.228515625,106.78691864013672,91.64893341064453,28.266111373901367,22.233766555786133,21.887889862060547,122.8793716430664,98.71373748779297
2016-07-20,22.736248016357422,49.33872985839844,37.49718475341797,37.2859992980957,49.157039642333984,60.46475601196289,94.71465301513672,64.97673034667969,33.108909606933594,20.67177963256836,1.3277243375778198,120.76336669921875,73.8238754272461,107.12217712402344,90.4972152709961,28.700363159179688,22.761362075805664,21.911788940429688,122.9341049194336,98.37037658691406
2016-07-21,22.615697860717773,49.24166488647461,37.36494445800781,37.221500396728516,48.972511291503906,60.4132194519043,94.7221908569336,64.93103790283203,33.065242767333984,20.59613609313965,1.3032362461090088,119.4657974243164,73.29362487792969,106.07752227783203,90.30371856689453,27.558462142944336,22.72421646118164,21.929704666137695,121.84819793701172,99.24435424804688
2016-07-22,22.440567016601562,49.92116165161133,37.606143951416016,37.24300003051758,49.24163055419922,60.5162239074707,94.63137817382812,65.2813949584961,33.34171676635742,20.604543685913086,1.3387436866760254,119.85209655761719,74.33551025390625,106.4283218383789,90.02729797363281,27.872079849243164,22.820810317993164,21.94762420654297,121.7934799194336,100.08716583251953
2016-07-25,22.140317916870117,50.0623779296875,37.51898193359375,36.980499267578125,49.11091613769531,59.35110092163086,94.5254135131836,65.34230041503906,33.15255355834961,20.660573959350586,1.363476276397705,120.47612762451172,73.43318939208984,106.4127197265625,89.73246765136719,27.896207809448242,22.880266189575195,21.971521377563477,121.30980682373047,99.41604614257812
2016-07-26,21.98792266845703,50.08883285522461,37.52541732788086,36.77949905395508,49.31082534790039,58.91979217529297,94.7221908569336,64.93865203857422,32.650577545166016,20.654966354370117,1.3867394924163818,120.07001495361328,73.01458740234375,106.60761260986328,89.08750915527344,28.217863082885742,22.947141647338867,22.00139617919922,123.0527572631836,94.97589111328125
2016-07-27,23.416336059570312,49.58583068847656,37.73938751220703,36.833499908447266,49.464622497558594,58.520694732666016,94.43457794189453,64.3218002319336,31.573854446411133,20.540111541748047,1.3727818727493286,122.16989135742188,73.05176544189453,106.26457977294922,88.75582885742188,28.008787155151367,22.857969284057617,22.013334274291992,124.06564331054688,93.23572540283203
2016-07-28,23.73249626159668,49.60347366333008,37.93105697631836,37.63050079345703,49.28775405883789,58.063663482666016,94.199951171875,64.58834075927734,31.755735397338867,20.517698287963867,1.3757202625274658,123.81414794921875,73.66571044921875,107.55091857910156,88.36884307861328,27.960542678833008,22.679624557495117,21.905813217163086,121.37371063232422,93.18888092041016
2016-07-29,23.70292854309082,50.01824188232422,39.194034576416016,37.94049835205078,49.18779754638672,57.25899887084961,94.78274536132812,65.18236541748047,31.741178512573242,20.442060470581055,1.3982489109039307,122.76419067382812,72.60525512695312,107.76919555664062,88.40569305419922,28.03290367126465,22.687055587768555,22.037233352661133,121.96682739257812,91.80765533447266
2016-08-01,24.121440887451172,49.93000793457031,39.669525146484375,38.387001037597656,49.05708694458008,55.26991271972656,94.91140747070312,65.80684661865234,31.610244750976562,20.668973922729492,1.3891884088516235,123.13067626953125,72.80061340332031,108.18241119384766,88.02793884277344,28.02486801147461,22.835676193237305,22.288135528564453,121.55621337890625,92.08858489990234
2016-08-02,23.76433563232422,49.93000793457031,39.62890625,38.02899932861328,48.94175720214844,56.02950668334961,94.49514770507812,66.07339477539062,31.668437957763672,20.48688507080078,1.372291922569275,121.9222640991211,72.81920623779297,106.97404479980469,87.53961944580078,27.791656494140625,22.753936767578125,21.73854637145996,120.08709716796875,91.84668731689453
2016-08-03,24.062299728393555,50.27416229248047,39.5694694519043,37.731998443603516,49.71836471557617,56.31918716430664,93.776123046875,65.47175598144531,31.748451232910156,20.43365478515625,1.3759653568267822,121.3477554321289,73.21924591064453,106.84929656982422,88.53468322753906,27.75115394592285,22.8282470703125,21.256669998168945,120.33344268798828,91.70623016357422
2016-08-04,24.2109432220459,50.64479446411133,39.48675537109375,38.03850173950195,49.64146041870117,56.31272888183594,93.7458267211914,65.53266906738281,31.65388298034668,20.534502029418945,1.4014323949813843,123.18022155761719,73.93548583984375,106.06194305419922,87.67781066894531,28.018537521362305,22.8876953125,21.172344207763672,119.731201171875,92.31489562988281
2016-08-05,24.579132080078125,51.147796630859375,39.9661979675293,38.29899978637695,50.979393005371094,56.36421203613281,94.03343200683594,65.32705688476562,31.632062911987305,20.663372039794922,1.425185203552246,123.96273040771484,74.54945373535156,106.73236083984375,88.29515075683594,28.34263801574707,23.066043853759766,21.347023010253906,120.20569610595703,93.02501678466797
2016-08-08,24.782663345336914,51.236045837402344,39.88199234008789,38.327999114990234,50.82559585571289,57.027252197265625,93.58690643310547,65.31182861328125,31.60295295715332,20.54571533203125,1.4384087324142456,124.0716781616211,74.37272644042969,106.18666076660156,88.2214126586914,28.39124870300293,23.043745040893555,21.039825439453125,120.62545013427734,92.30709838867188
2016-08-09,24.883283615112305,51.35959243774414,39.99343490600586,38.41550064086914,50.64874267578125,57.09807205200195,93.4203872680664,65.48699188232422,31.624788284301758,20.601743698120117,1.4420816898345947,123.87358856201172,74.47502899169922,106.10868835449219,89.06909942626953,28.29401397705078,22.99173355102539,21.130176544189453,121.01780700683594,92.32268524169922
2016-08-10,24.69805335998535,51.200740814208984,40.04345703125,38.428001403808594,50.1950798034668,56.09830093383789,93.36741638183594,65.7306900024414,31.726638793945312,20.858421325683594,1.432776689529419,123.69527435302734,74.12155151367188,105.71111297607422,90.1655044555664,27.978023529052734,22.924850463867188,21.160295486450195,121.70787048339844,92.70508575439453
2016-08-11,24.682039260864258,51.44783020019531,40.02909851074219,38.5620002746582,50.33349609375,56.29954528808594,93.6777114868164,66.05055236816406,31.828500747680664,20.816110610961914,1.4619168043136597,123.71510314941406,74.53084564208984,106.83369445800781,90.08259582519531,28.099565505981445,22.99915885925293,21.172344207763672,122.37033081054688,93.15766906738281
2016-08-12,24.739215850830078,51.130149841308594,39.972137451171875,38.62799835205078,50.22584915161133,57.03314971923828,93.26143646240234,66.2866439819336,32.032196044921875,20.84149169921875,1.5437055826187134,123.69527435302734,74.43782043457031,106.46730041503906,89.22570037841797,28.01043128967285,22.939716339111328,21.069942474365234,122.46234130859375,93.26689910888672
2016-08-15,25.036508560180664,51.28898620605469,39.91815185546875,38.42449951171875,50.53340148925781,57.00716781616211,92.57269287109375,66.27140808105469,32.18496322631836,20.680723190307617,1.5422368049621582,122.72459411621094,75.26573181152344,106.84929656982422,89.46527862548828,28.285917282104492,23.177509307861328,21.14824676513672,123.8976821899414,92.48657989501953
2016-08-16,25.013629913330078,51.00482940673828,39.68190383911133,38.20199966430664,50.52571105957031,57.07859802246094,91.07408142089844,65.9363021850586,31.886693954467773,20.559429168701172,1.5329315662384033,122.13026428222656,75.17272186279297,106.20220184326172,89.26256561279297,28.528995513916016,23.125490188598633,20.955503463745117,124.21048736572266,92.03396606445312
2016-08-17,24.9770450592041,51.111392974853516,39.89140701293945,38.23149871826172,50.66412353515625,57.20195007324219,91.8158187866211,66.2257080078125,32.05401611328125,20.570709228515625,1.4974242448806763,123.19012451171875,75.33114624023438,106.13988494873047,89.25336456298828,28.375038146972656,22.8282470703125,21.166322708129883,123.95287322998047,91.37845611572266
2016-08-18,24.945030212402344,51.146907806396484,39.7591667175293,38.222999572753906,50.71027755737305,57.72129821777344,91.36927032470703,66.59126281738281,32.0831298828125,20.957143783569336,1.5206878185272217,122.73448181152344,74.79998016357422,105.08743286132812,89.05065155029297,28.334531784057617,22.6498966217041,21.196434020996094,124.21048736572266,91.40189361572266
2016-08-19,25.009063720703125,51.164676666259766,39.605621337890625,37.865501403808594,50.64105987548828,57.00068283081055,91.36927795410156,66.49226379394531,31.95216941833496,20.536869049072266,1.524605631828308,122.38780975341797,74.98637390136719,105.60198211669922,88.81110382080078,28.553298950195312,22.679624557495117,21.069942474365234,123.69523620605469,89.74755859375
2016-08-22,24.814682006835938,51.20907211303711,39.47189712524414,37.9739990234375,50.594932556152344,57.124046325683594,90.76734161376953,66.14195251464844,31.82120132446289,20.50584602355957,1.5309723615646362,122.97220611572266,75.53616333007812,105.50840759277344,88.33199310302734,28.650531768798828,22.761362075805664,20.985618591308594,124.2012939453125,90.0675048828125
2016-08-23,24.892431259155273,51.40442657470703,39.45406723022461,38.122501373291016,50.57185363769531,56.94874954223633,91.00354766845703,66.56077575683594,31.901248931884766,20.29993438720703,1.5433608293533325,123.19012451171875,75.29386901855469,106.19446563720703,88.42411804199219,28.68294334411621,23.021451950073242,21.136201858520508,123.4192123413086,89.88801574707031
2016-08-24,24.704912185668945,51.45771408081055,39.30598068237305,37.86249923706055,50.71027755737305,57.14350891113281,90.44734954833984,66.49226379394531,31.901248931884766,20.373271942138672,1.5195645093917847,122.30857849121094,74.818603515625,105.29012298583984,88.2859115600586,28.480371475219727,23.08090591430664,20.97356605529785,122.63716125488281,89.63832092285156
2016-08-25,24.599708557128906,51.6530647277832,39.19206619262695,37.96099853515625,50.802528381347656,56.779945373535156,90.34066009521484,66.94157409667969,31.770288467407227,20.08839225769043,1.5095056295394897,122.71468353271484,74.84657287597656,105.57856750488281,88.03714752197266,28.431758880615234,23.251815795898438,20.943452835083008,122.35192108154297,90.07528686523438
2016-08-26,24.455644607543945,51.52874755859375,39.28715133666992,38.45000076293945,50.917869567871094,56.6566047668457,90.69880676269531,66.69789123535156,31.515663146972656,20.065826416015625,1.5217721462249756,123.7745132446289,75.07951354980469,104.74442291259766,87.723876953125,28.56950569152832,23.296409606933594,20.97356605529785,121.66188049316406,89.3027572631836
2016-08-29,24.42820167541504,51.59090042114258,39.415931701660156,38.56449890136719,51.47918701171875,57.02665710449219,91.36927795410156,67.24622344970703,31.67570686340332,20.139158248901367,1.5207910537719727,125.33953094482422,75.35908508300781,105.43046569824219,87.41061401367188,28.804479598999023,23.467315673828125,21.14824676513672,122.27832794189453,90.0596923828125
2016-08-30,24.240676879882812,51.40442657470703,39.22277069091797,38.37900161743164,51.9020881652832,56.81890869140625,91.02642059326172,66.66741180419922,31.45745849609375,20.113780975341797,1.5119595527648926,124.64617156982422,75.63865661621094,105.07783508300781,87.40140533447266,28.926021575927734,23.437597274780273,21.00971221923828,120.35536193847656,90.72028350830078
2016-08-31,24.2635440826416,51.02260971069336,39.120243072509766,38.45800018310547,51.9020881652832,56.572200775146484,90.9273452758789,66.49226379394531,31.595678329467773,20.150449752807617,1.5048445463180542,124.92351531982422,75.38703918457031,105.09353637695312,87.0328598022461,29.079967498779297,23.363283157348633,20.961524963378906,119.10404968261719,90.9561996459961
2016-09-01,24.407625198364258,51.138031005859375,39.197017669677734,38.53099822998047,51.679100036621094,56.377437591552734,90.72927856445312,67.25381469726562,31.53748893737793,20.545337677001953,1.5492494106292725,124.97303771972656,75.75979614257812,105.1797103881836,86.84857177734375,29.18529510498047,23.467315673828125,20.88924217224121,119.5180892944336,90.75173950195312
2016-09-02,24.636301040649414,51.20907211303711,39.467933654785156,38.62200164794922,51.89439392089844,56.75397872924805,90.91210174560547,67.17003631591797,31.763004302978516,20.44942855834961,1.534038782119751,125.3098373413086,76.41207122802734,105.90058135986328,86.99598693847656,29.23391342163086,23.65310287475586,20.943452835083008,120.67738342285156,91.08988952636719
2016-09-06,24.629446029663086,51.155792236328125,40.02018356323242,39.44350051879883,51.85594940185547,57.50058364868164,91.23975372314453,67.505126953125,31.85759735107422,20.5904598236084,1.548513412475586,128.49928283691406,76.90596771240234,105.07783508300781,86.42475128173828,29.63093376159668,23.68282127380371,20.943452835083008,122.36114501953125,92.20658874511719
2016-09-07,24.780376434326172,51.2001953125,40.01869583129883,39.2239990234375,51.64064407348633,57.286338806152344,91.13307189941406,66.97968292236328,31.748451232910156,20.325321197509766,1.5256974697113037,129.80673217773438,77.5676040649414,104.05136108398438,86.34181213378906,29.541807174682617,23.623376846313477,20.985618591308594,122.03910827636719,91.94707489013672
2016-09-08,24.130903244018555,50.99595642089844,39.76362228393555,39.202999114990234,51.709861755371094,57.812217712402344,91.02642059326172,66.8501968383789,31.741178512573242,20.26044464111328,1.5367377996444702,129.0341796875,77.31598663330078,102.85250854492188,86.69194030761719,29.52560043334961,23.385583877563477,20.913339614868164,122.27832794189453,91.35726165771484
2016-09-09,23.584352493286133,49.912635803222656,39.052391052246094,38.00699996948242,51.248512268066406,56.377437591552734,90.08160400390625,65.6773681640625,30.75177764892578,19.828895568847656,1.4601948261260986,125.89421081542969,75.78775787353516,100.09428405761719,85.15325164794922,28.71534538269043,22.924850463867188,20.539884567260742,118.25757598876953,90.10688018798828
2016-09-12,24.11261749267578,50.65854263305664,39.564517974853516,38.574501037597656,51.563743591308594,56.66958999633789,90.79020690917969,67.2081069946289,31.42108726501465,20.291473388671875,1.4903706312179565,127.46912384033203,77.31598663330078,100.76033782958984,86.27733612060547,29.23391342163086,23.363283157348633,20.871171951293945,119.72049713134766,91.18425750732422
2016-09-13,24.686614990234375,50.19678497314453,39.06427764892578,38.050498962402344,51.15623474121094,55.319217681884766,89.60926055908203,66.29426574707031,31.01036262512207,20.156091690063477,1.4687817096710205,126.00318145751953,76.3095703125,98.51145935058594,85.4112319946289,28.853099822998047,23.08090591430664,20.503742218017578,118.46919250488281,90.224853515625
2016-09-14,25.56019401550293,49.95705032348633,39.150455474853516,38.054500579833984,51.056278228759766,54.9232177734375,89.79973602294922,66.26377868652344,30.885665893554688,20.17300796508789,1.481783390045166,126.55786895751953,75.93682861328125,98.93461608886719,85.0058364868164,28.86119842529297,23.03632164001465,20.443504333496094,117.46631622314453,90.5787353515625
2016-09-15,26.429201126098633,50.78284454345703,39.68387222290039,38.484500885009766,51.24081802368164,55.23485565185547,90.38639068603516,67.06341552734375,31.069034576416016,20.421228408813477,1.537963628768921,127.13236999511719,76.42140197753906,99.48310089111328,85.22696685791016,29.622840881347656,23.266681671142578,20.563976287841797,117.55834197998047,91.33366394042969
2016-09-16,26.28055191040039,50.836124420166016,39.52241516113281,38.92599868774414,50.61030197143555,54.55315017700195,90.09686279296875,67.05582427978516,30.90766716003418,20.55379295349121,1.5416440963745117,127.84557342529297,76.4773178100586,98.81704711914062,85.28224182128906,30.5222110748291,22.917423248291016,20.443504333496094,116.57384490966797,90.6573715209961
2016-09-19,25.9741153717041,50.55198669433594,39.39463424682617,38.755001068115234,50.89480209350586,54.42331314086914,89.64733123779297,67.29952239990234,30.87833023071289,20.33378791809082,1.5620064735412598,127.42951202392578,76.88733673095703,98.9581069946289,85.34674072265625,30.108983993530273,23.051176071166992,20.26883316040039,117.29150390625,90.60233306884766
2016-09-20,25.971826553344727,50.4454231262207,39.612060546875,39.01100158691406,51.10240936279297,53.58584976196289,89.8683090209961,67.45945739746094,31.054365158081055,20.29993438720703,1.5477771759033203,127.41961669921875,76.85935974121094,99.38121795654297,85.64155578613281,30.092782974243164,23.110626220703125,20.36520767211914,117.57673645019531,91.57746887207031
2016-09-21,25.96725082397461,51.28898239135742,39.87208557128906,39.48699951171875,51.39457702636719,54.07924270629883,90.5997543334961,66.86543273925781,31.193723678588867,20.36199188232422,1.5912004709243774,128.707275390625,77.54896545410156,100.38423919677734,85.1256103515625,30.343965530395508,23.3038387298584,20.648311614990234,120.1253433227539,91.9549331665039
2016-09-22,26.211950302124023,51.34226989746094,40.41294479370117,40.23500061035156,51.817508697509766,54.23506546020508,91.018798828125,67.77168273925781,31.509092330932617,20.384552001953125,1.5951255559921265,128.845947265625,77.67942810058594,100.88569641113281,86.06541442871094,30.42498207092285,23.526771545410156,20.570005416870117,121.33065795898438,92.29310607910156
2016-09-23,25.77515983581543,50.99595642089844,40.36391067504883,40.287498474121094,51.709861755371094,54.176631927490234,90.52352142333984,66.83496856689453,31.34774398803711,20.407119750976562,1.5934083461761475,126.7460708618164,76.91526794433594,100.13346099853516,85.93640899658203,30.133291244506836,23.288972854614258,20.636260986328125,121.24783325195312,92.14369201660156
2016-09-26,25.81403160095215,50.52532958984375,39.75421142578125,39.95800018310547,50.579551696777344,53.923431396484375,89.73876190185547,66.90350341796875,30.841663360595703,20.201215744018555,1.5784434080123901,126.10222625732422,76.23503112792969,98.29989624023438,84.72940826416016,29.69575309753418,23.088335037231445,20.262805938720703,120.13455200195312,91.64038848876953
2016-09-27,25.8620548248291,51.45771408081055,40.15440368652344,40.80550003051758,51.025516510009766,54.04029846191406,90.8359146118164,67.29188537597656,31.237707138061523,20.4014835357666,1.6324156522750854,127.46912384033203,76.56119537353516,99.37340545654297,84.50830841064453,30.125186920166016,23.393009185791016,20.377248764038086,120.82461547851562,91.91563415527344
2016-09-28,26.058731079101562,51.52874755859375,40.1212158203125,41.43600082397461,51.29464340209961,56.416419982910156,90.9654541015625,68.129638671875,30.914997100830078,20.249164581298828,1.638303279876709,128.0040283203125,77.31598663330078,100.50959777832031,84.95055389404297,30.335853576660156,23.407873153686523,20.47362518310547,121.66188049316406,90.5787353515625
2016-09-29,25.65395736694336,50.96931838989258,39.75371551513672,41.45249938964844,50.479583740234375,56.13074493408203,89.35018920898438,67.19290924072266,30.826990127563477,19.95018768310547,1.6535136699676514,126.87483978271484,76.33753967285156,100.2431869506836,84.5820083618164,30.23863410949707,23.32612419128418,20.070053100585938,120.55779266357422,90.27202606201172
2016-09-30,25.8529109954834,51.146907806396484,39.824039459228516,41.865501403808594,51.202369689941406,56.663089752197266,90.00542449951172,68.35049438476562,31.03968048095703,20.342247009277344,1.6809908151626587,127.05313873291016,77.06436920166016,100.83087158203125,85.55866241455078,30.5870361328125,23.571352005004883,20.401342391967773,121.2110595703125,90.72028350830078
2016-10-03,25.731706619262695,50.987083435058594,39.641780853271484,41.83700180053711,51.1408576965332,56.513771057128906,90.52352142333984,67.52039337158203,30.826990127563477,20.31121826171875,1.6792736053466797,127.54837799072266,77.21348571777344,100.68981170654297,85.21774291992188,30.514108657836914,23.601322174072266,20.286897659301758,121.79988861083984,90.154052734375
2016-10-04,25.841472625732422,50.82724380493164,39.76114273071289,41.701499938964844,51.58233642578125,55.994415283203125,90.53116607666016,67.2842788696289,30.68762969970703,20.23788833618164,1.6755931377410889,126.97388458251953,77.09236145019531,100.45475006103516,85.30987548828125,30.416885375976562,23.488933563232422,20.310989379882812,121.68026733398438,89.25755310058594
2016-10-05,25.8529109954834,51.18243408203125,39.68387222290039,42.21799850463867,52.426551818847656,56.481327056884766,90.80545043945312,67.66505432128906,30.665630340576172,20.215320587158203,1.6738765239715576,127.25122833251953,77.67010498046875,99.96893310546875,85.18087768554688,30.781497955322266,23.66875648498535,20.41942024230957,123.8976821899414,89.18679809570312
2016-10-06,26.045007705688477,51.27122497558594,39.775508880615234,42.08300018310547,52.56595230102539,56.50729751586914,90.47781372070312,67.94686126708984,30.59228515625,19.563762664794922,1.6520416736602783,127.51869201660156,77.67942810058594,102.0140609741211,85.53102111816406,30.8463077545166,23.586339950561523,20.26883316040039,123.67684173583984,89.58784484863281
2016-10-07,26.083887100219727,51.324501037597656,39.65813064575195,41.971500396728516,52.751834869384766,56.31251525878906,90.85115051269531,68.54084014892578,30.60695457458496,19.377595901489258,1.640020728111267,127.76630401611328,77.23212432861328,100.54090881347656,85.21774291992188,30.87061882019043,23.57884979248047,20.214618682861328,123.15241241455078,89.21824645996094
2016-10-10,26.53896713256836,51.53761291503906,40.32478332519531,42.08549880981445,53.162315368652344,57.41619873046875,91.27782440185547,67.82498931884766,30.60695457458496,19.174510955810547,1.6461544036865234,129.00445556640625,77.45578002929688,99.71035766601562,85.21774291992188,30.805809020996094,23.57884979248047,20.244735717773438,124.98336791992188,90.20909881591797
2016-10-11,26.596141815185547,50.78284454345703,40.09695053100586,41.54999923706055,52.9067268371582,56.96174621582031,89.632080078125,67.42900085449219,30.46759605407715,19.008094787597656,1.6223571300506592,127.6573257446289,76.44937133789062,98.61331939697266,84.63729095458984,30.1981143951416,23.256668090820312,19.955608367919922,123.05119323730469,89.39909362792969
2016-10-12,26.833972930908203,50.711814880371094,40.2059211730957,41.704498291015625,52.767311096191406,56.56571578979492,89.88352966308594,67.45185089111328,30.64362335205078,19.02784538269043,1.6297171115875244,127.82575225830078,76.64503479003906,99.27153015136719,84.22266387939453,30.08467674255371,22.732194900512695,19.919475555419922,122.51752471923828,90.20909881591797
2016-10-13,26.75164222717285,50.543087005615234,39.82503890991211,41.4640007019043,52.465267181396484,56.1956672668457,90.10448455810547,67.20052337646484,30.628944396972656,19.245033264160156,1.6032214164733887,126.60738372802734,76.29093933105469,98.9581069946289,83.95547485351562,29.955039978027344,22.604822158813477,19.732738494873047,122.71997833251953,90.75961303710938
2016-10-14,26.90029525756836,50.987083435058594,39.850791931152344,41.14799880981445,52.29486846923828,56.18268585205078,89.57111358642578,67.34520721435547,30.562955856323242,19.307079315185547,1.618922472000122,126.66682434082031,76.83142852783203,99.05997467041016,84.12132263183594,30.343965530395508,22.612316131591797,19.67251205444336,122.83036041259766,89.72154235839844
2016-10-17,26.881994247436523,50.80948257446289,39.961734771728516,40.647499084472656,52.02379608154297,56.18268585205078,90.27971649169922,66.8882827758789,30.51160430908203,19.242210388183594,1.6096000671386719,126.33004760742188,76.55188751220703,98.05697631835938,83.68826293945312,30.21432876586914,22.64227867126465,19.576129913330078,123.2904052734375,88.40039825439453
2016-10-18,26.863704681396484,51.2001953125,40.68733215332031,40.88249969482422,52.43427658081055,56.332008361816406,87.93299865722656,66.59889221191406,30.782974243164062,19.425546646118164,1.6341328620910645,127.35030364990234,76.02071380615234,98.52713775634766,84.00154113769531,30.5870361328125,22.80712127685547,19.690582275390625,124.30253601074219,87.48814392089844
2016-10-19,26.78366470336914,51.08476257324219,40.95231246948242,40.884498596191406,52.93771743774414,56.59169006347656,87.30824279785156,65.64726257324219,30.841663360595703,19.43119239807129,1.6306980848312378,128.87567138671875,77.16688537597656,98.64468383789062,84.70177459716797,28.772066116333008,22.73968505859375,19.636363983154297,125.2961654663086,87.49600219726562
2016-10-20,26.769935607910156,50.836124420166016,40.69426727294922,40.51599884033203,52.86799621582031,56.617652893066406,87.52157592773438,65.1791000366211,30.753644943237305,19.386058807373047,1.661609172821045,128.7667236328125,76.87799835205078,98.9267578125,84.79391479492188,28.707244873046875,22.597333908081055,19.600231170654297,124.98336791992188,86.9533920288086
2016-10-21,26.664745330810547,52.97612762451172,40.81461715698242,40.949501037597656,53.0461540222168,56.23461151123047,86.43206024169922,64.71863555908203,30.90032958984375,19.27605628967285,1.656948447227478,130.81707763671875,76.73822784423828,99.20099639892578,85.71529388427734,28.480371475219727,22.589841842651367,19.383390426635742,124.79014587402344,89.5957260131836
2016-10-24,26.90486717224121,54.16598892211914,41.39311599731445,41.90449905395508,53.340457916259766,56.42290115356445,86.56155395507812,64.54212951660156,31.215707778930664,19.515804290771484,1.734717607498169,132.01560974121094,77.50238800048828,100.12561798095703,86.028564453125,28.56950569152832,22.822101593017578,19.353267669677734,126.46467590332031,89.31261444091797
2016-10-25,27.04207420349121,54.15711975097656,41.03700637817383,41.75899887084961,53.2862434387207,56.29954528808594,86.82823944091797,66.74470520019531,31.201053619384766,19.563762664794922,1.7631756067276,131.0349884033203,76.44007110595703,96.64653778076172,85.4572982788086,28.43987274169922,22.732194900512695,19.443622589111328,127.90919494628906,88.64415740966797
2016-10-26,26.433773040771484,53.83746337890625,40.7175407409668,41.12950134277344,53.54181671142578,56.53976058959961,87.2853775024414,67.07469177246094,31.127716064453125,19.628631591796875,1.7702901363372803,129.79684448242188,76.17914581298828,96.15289306640625,86.13911437988281,28.29401397705078,22.889541625976562,19.515899658203125,133.9080810546875,88.1644515991211
2016-10-27,26.17993927001953,53.366825103759766,40.4822883605957,40.917999267578125,53.619293212890625,56.429386138916016,88.15396881103516,66.44538879394531,30.893001556396484,19.696331024169922,1.7339811325073242,128.4596710205078,76.33753967285156,95.80027770996094,86.62742614746094,28.20488929748535,22.762161254882812,19.564085006713867,131.85633850097656,88.1408462524414
2016-10-28,26.006135940551758,53.16259765625,40.591739654541016,38.816001892089844,53.52634811401367,55.04007339477539,87.87207794189453,66.64491271972656,30.97368812561035,19.741458892822266,1.7310374975204468,130.04444885253906,76.61710357666016,96.83460235595703,86.47080993652344,28.148176193237305,22.919511795043945,19.232799530029297,131.58033752441406,88.15655517578125
2016-10-31,25.964969635009766,53.20699691772461,40.1132926940918,39.49100112915039,53.64250946044922,54.092227935791016,88.37492370605469,66.61425018310547,31.09836196899414,19.749919891357422,1.7457572221755981,129.74732971191406,76.88733673095703,95.6043930053711,85.40202331542969,28.25351333618164,22.986940383911133,19.100282669067383,131.04666137695312,88.52620697021484
2016-11-01,25.496158599853516,53.10044479370117,39.89438247680664,39.27050018310547,53.41789627075195,54.30646514892578,87.87969207763672,66.65260314941406,30.893001556396484,19.546833038330078,1.6939929723739624,128.271484375,76.05799102783203,93.94319915771484,85.1256103515625,27.969928741455078,22.83708953857422,18.714784622192383,131.02825927734375,88.2745590209961
2016-11-02,25.51902961730957,52.77190017700195,39.04941940307617,38.27799987792969,53.193321228027344,54.176631927490234,87.51396942138672,66.56816864013672,30.841663360595703,19.589143753051758,1.6868786811828613,125.96355438232422,75.0888442993164,94.25663757324219,84.683349609375,28.034744262695312,22.769657135009766,18.44975471496582,129.5009307861328,88.38465118408203
2016-11-03,25.2454891204834,52.576541900634766,38.74085235595703,38.35150146484375,52.960941314697266,54.31295394897461,87.64348602294922,66.46073150634766,30.826990127563477,19.639911651611328,1.6672520637512207,118.86158752441406,75.15409851074219,94.17044830322266,86.028564453125,27.70002555847168,22.717212677001953,18.004024505615234,128.82928466796875,87.85775756835938
2016-11-04,25.017932891845703,52.13255310058594,38.68687057495117,37.752498626708984,52.480751037597656,54.254520416259766,87.70446014404297,65.29422760009766,30.577617645263672,19.507339477539062,1.6576842069625854,119.60447692871094,74.88385009765625,94.74244689941406,85.18087768554688,27.438777923583984,22.619810104370117,18.07027816772461,128.38768005371094,87.32300567626953
2016-11-07,25.378814697265625,53.65097427368164,39.72350311279297,39.246498107910156,54.122718811035156,55.475059509277344,88.88543701171875,66.43002319335938,31.142362594604492,19.682222366333008,1.7484558820724487,120.9911880493164,76.88733673095703,96.96782684326172,87.00521850585938,28.320478439331055,23.181745529174805,18.29916763305664,131.5987548828125,88.72282409667969
2016-11-08,25.52822494506836,53.69538116455078,40.216312408447266,39.38750076293945,54.238895416259766,55.87458419799805,89.18257141113281,67.12075805664062,31.450414657592773,19.685041427612305,1.7457572221755981,123.04154968261719,77.23212432861328,97.35960388183594,86.9591293334961,28.36129379272461,23.22669792175293,18.25049591064453,131.8397674560547,89.73726654052734
2016-11-09,25.48684310913086,53.42898941040039,39.89982604980469,38.59400177001953,56.73280715942383,56.490238189697266,91.66641998291016,65.9465560913086,31.00301742553711,20.054548263549805,1.7163177728652954,122.01140594482422,77.5676040649414,98.74652099609375,87.19867706298828,28.36945915222168,23.496431350708008,19.540203094482422,134.51922607421875,90.42142486572266
2016-11-10,24.776582717895508,52.123680114746094,38.646751403808594,37.11899948120117,59.36614990234375,57.014190673828125,91.07975006103516,63.6672248840332,30.02752685546875,20.13634490966797,1.6625912189483643,119.65399169921875,76.29093933105469,101.10514068603516,87.49353790283203,28.16536521911621,23.22669792175293,20.373641967773438,136.92979431152344,90.05182647705078
2016-11-11,24.923694610595703,52.4078369140625,38.22377395629883,36.95050048828125,59.39712905883789,56.1103630065918,90.26449584960938,64.14305114746094,30.09353256225586,20.09120750427246,2.1581544876098633,117.89088439941406,76.30023956298828,101.74764251708984,89.99967193603516,28.255170822143555,23.496431350708008,19.826128005981445,137.6993408203125,89.82378387451172
2016-11-14,24.29847526550293,51.608646392822266,37.30601119995117,35.95349884033203,61.58123016357422,55.85491943359375,88.83969116210938,63.69793701171875,30.196216583251953,19.882488250732422,2.0519278049468994,113.9882583618164,73.03875732421875,100.03944396972656,90.22079467773438,28.149030685424805,23.503925323486328,19.698373794555664,139.06222534179688,92.6863021850586
2016-11-15,24.620275497436523,52.627784729003906,38.39266586303711,37.1619987487793,61.465049743652344,56.863555908203125,88.62635803222656,64.17375946044922,30.39425277709961,20.144798278808594,2.114485502243042,116.08815002441406,73.21581268310547,97.47713470458984,90.01808166503906,28.500078201293945,23.751174926757812,19.607126235961914,137.31918334960938,93.04805755615234
2016-11-16,25.282278060913086,53.325050354003906,38.63139724731445,37.324501037597656,59.9470100402832,56.16273880004883,88.6568374633789,63.843753814697266,30.262224197387695,20.13634490966797,2.2479448318481445,115.23629760742188,74.77998352050781,98.20586395263672,91.32645416259766,28.44292449951172,23.65376853942871,19.44286346435547,135.77084350585938,93.74796295166016
2016-11-17,25.273080825805664,54.2100830078125,38.9374885559082,37.81999969482422,60.42721939086914,55.822166442871094,88.81684112548828,63.75166320800781,30.1595458984375,19.515804290771484,2.2665903568267822,116.67253875732422,75.7044448852539,101.02674102783203,91.55679321289062,28.589887619018555,22.514917373657227,19.302946090698242,134.74171447753906,93.93672943115234
2016-11-18,25.298364639282227,53.95085144042969,38.43278884887695,38.007999420166016,60.1871337890625,55.85491943359375,88.50228118896484,62.93049240112305,30.00551986694336,19.332469940185547,2.2903859615325928,115.90985107421875,75.47099304199219,100.55659484863281,90.51563262939453,28.53273582458496,22.612316131591797,19.15085792541504,135.6874237060547,94.36923217773438
2016-11-21,25.68222999572754,54.406768798828125,38.87012481689453,39.0,60.45044708251953,56.647430419921875,88.22611236572266,63.42168045043945,30.335567474365234,19.566574096679688,2.28106427192688,120.61477661132812,76.2834243774414,100.47040557861328,89.95359802246094,28.557231903076172,22.514917373657227,19.205608367919922,136.30857849121094,93.97599792480469
2016-11-22,25.69832420349121,54.63920974731445,38.880027770996094,39.26649856567383,60.82223129272461,56.7718505859375,86.49225616455078,63.51374816894531,30.34290313720703,19.778118133544922,2.2975003719329834,120.31764221191406,74.63992309570312,102.63309478759766,90.02729797363281,28.96542739868164,22.395030975341797,19.05961036682129,138.62644958496094,94.12543487548828
2016-11-23,25.567304611206055,53.99553680419922,38.58285903930664,39.00600051879883,61.07781982421875,56.92905044555664,86.74542999267578,63.45235824584961,30.1595458984375,19.9783878326416,2.3088035583496094,119.693603515625,74.30371856689453,102.81331634521484,90.53406524658203,28.736835479736328,22.26016616821289,19.11435890197754,138.8304443359375,94.47932434082031
2016-11-25,25.696025848388672,54.11177062988281,38.64377975463867,39.01850128173828,61.05457305908203,57.06004333496094,87.55863952636719,64.05097198486328,30.46026611328125,20.09120750427246,2.313471555709839,119.23799133300781,74.82666778564453,103.09540557861328,91.05003356933594,28.932756423950195,22.544883728027344,19.278610229492188,139.10850524902344,94.88826751708984
2016-11-28,25.645458221435547,54.18327331542969,38.919158935546875,38.3385009765625,60.65956497192383,56.63432693481445,86.7914810180664,63.75166320800781,30.621627807617188,20.079927444458008,2.312242031097412,119.2677001953125,73.8461685180664,102.3666763305664,91.18824768066406,28.989919662475586,22.417509078979492,19.187358856201172,138.85824584960938,95.80052185058594
2016-11-29,25.620162963867188,54.612388610839844,39.09994125366211,38.125999450683594,61.124267578125,56.26100158691406,86.29280090332031,63.61353302001953,30.436702728271484,20.13070297241211,2.291111946105957,119.72334289550781,73.91152954101562,102.10669708251953,91.83320617675781,28.82663345336914,22.350078582763672,19.41853141784668,140.5919952392578,95.64198303222656
2016-11-30,25.40410041809082,53.870391845703125,38.42832565307617,37.528499603271484,62.09241485595703,57.17793273925781,85.38751983642578,63.28351974487305,29.844987869262695,19.865564346313477,2.265314817428589,117.29656219482422,72.20263671875,101.93341827392578,91.32645416259766,28.328649520874023,22.342586517333984,19.552364349365234,139.59068298339844,94.52452850341797
2016-12-01,25.167346954345703,52.92277908325195,37.85626983642578,37.182498931884766,63.34712219238281,57.13864517211914,85.44889068603516,62.82305908203125,29.711851119995117,19.933250427246094,2.15327787399292,114.00807189941406,70.43772888183594,101.98855590820312,91.16060638427734,27.561233520507812,22.06536293029785,19.138690948486328,141.28736877441406,93.89051055908203
2016-12-02,25.261587142944336,52.96749496459961,37.862709045410156,37.016998291015625,63.19995880126953,57.00764846801758,85.89388275146484,63.23749542236328,29.85238265991211,19.992494583129883,2.1731791496276855,114.30521392822266,70.70854949951172,102.30362701416016,90.75520324707031,27.887792587280273,21.915517807006836,19.242107391357422,141.1575469970703,93.70823669433594
2016-12-05,25.079999923706055,53.834632873535156,38.54422378540039,37.96799850463867,64.48566436767578,57.29581069946289,85.87853240966797,63.69024658203125,30.044696807861328,19.72735595703125,2.2574522495269775,116.31596374511719,72.19329833984375,102.15397644042969,92.10040283203125,28.075557708740234,22.125301361083984,19.2177734375,141.07412719726562,94.5403823852539
2016-12-06,25.273080825805664,53.59326171875,38.443180084228516,38.236000061035156,64.81869506835938,57.34822463989258,85.97059631347656,63.62890625,30.00771141052246,19.84581756591797,2.2945525646209717,116.19710540771484,72.00653076171875,101.41350555419922,92.745361328125,28.344970703125,21.975452423095703,19.19952964782715,141.1482696533203,94.5086898803711
2016-12-07,25.521329879760742,54.86268615722656,39.20048141479492,38.520999908447266,65.11302185058594,57.682254791259766,85.2341079711914,64.60353088378906,30.540258407592773,20.056041717529297,2.3358302116394043,116.8310317993164,74.06092834472656,104.34390258789062,93.97077941894531,28.981754302978516,22.43998908996582,18.974435806274414,142.90985107421875,95.03966522216797
2016-12-08,25.77187728881836,54.540855407714844,39.38373565673828,38.36650085449219,65.92625427246094,57.846004486083984,85.14971923828125,64.0816421508789,30.310956954956055,19.982173919677734,2.2967638969421387,117.78192138671875,74.03290557861328,104.39904022216797,95.98555755615234,29.14503288269043,22.43998908996582,18.822351455688477,144.06878662109375,95.45970153808594
2016-12-09,26.19251823425293,55.399078369140625,40.09100341796875,38.43299865722656,66.21279907226562,58.291351318359375,86.12403869628906,64.74934387207031,31.06542205810547,19.90831184387207,2.255979061126709,118.54462432861328,73.90216827392578,105.07646942138672,97.35971069335938,29.19400978088379,22.52240562438965,19.284698486328125,145.08865356445312,96.10164642333984
2016-12-12,26.04311180114746,55.577857971191406,40.01423263549805,38.00600051879883,65.62420654296875,59.58818435668945,88.50228118896484,65.33259582519531,30.991451263427734,20.360004425048828,2.201188087463379,116.65274047851562,73.30455017089844,106.0138931274414,96.61692810058594,29.36544418334961,22.604822158813477,19.710542678833008,145.70985412597656,96.4820556640625
2016-12-13,26.477542877197266,56.301979064941406,40.38272476196289,38.71699905395508,65.64740753173828,60.6361198425293,88.90889739990234,65.37096405029297,30.887889862060547,20.396934509277344,2.2400074005126953,119.16864776611328,73.95819854736328,107.55786895751953,96.42194366455078,30.04305076599121,22.919511795043945,19.972135543823242,145.24624633789062,97.22705841064453
2016-12-14,26.477542877197266,56.03377914428711,40.509029388427734,38.441001892089844,65.62420654296875,59.326194763183594,88.21844482421875,64.74934387207031,30.481077194213867,20.266254425048828,2.3697352409362793,119.06959533691406,73.89282989501953,107.11675262451172,96.60765838623047,29.838958740234375,22.822101593017578,19.966045379638672,143.21580505371094,97.35383605957031
2016-12-15,26.622356414794922,55.944393157958984,40.3980827331543,38.04999923706055,66.60779571533203,59.52923583984375,88.90889739990234,64.98724365234375,30.73257064819336,20.192394256591797,2.425262451171875,119.42617797851562,74.23834228515625,107.0064468383789,96.92332458496094,30.034893035888672,22.94947624206543,19.923463821411133,142.5668487548828,96.97342681884766
2016-12-16,26.65683937072754,55.69408416748047,40.11032485961914,37.88850021362305,65.78682708740234,59.71916961669922,88.90122985839844,64.98724365234375,30.873092651367188,20.163990020751953,2.467031478881836,118.73283386230469,73.16444396972656,106.43138122558594,96.47766876220703,29.643024444580078,22.919511795043945,19.97821617126465,143.24362182617188,97.67084503173828
2016-12-19,26.81084442138672,56.874122619628906,40.24207305908203,38.29999923706055,66.16634368896484,59.22140884399414,89.00861358642578,65.01026916503906,30.821332931518555,20.334434509277344,2.49700665473938,118.1087875366211,72.93099975585938,106.69137573242188,97.76824951171875,30.11652374267578,23.039384841918945,19.972135543823242,144.80123901367188,97.47271728515625
2016-12-20,26.882095336914062,56.802589416503906,40.37579345703125,38.56100082397461,67.01829528808594,59.227943420410156,88.73245239257812,64.90283203125,30.813926696777344,20.40261459350586,2.583982467651367,117.960205078125,73.17382049560547,108.00688171386719,97.91677856445312,30.377769470214844,22.897029876708984,19.98430633544922,144.99594116210938,97.74217987060547
2016-12-21,26.90737533569336,56.802589416503906,40.22721481323242,38.529998779296875,67.18870544433594,59.12971878051758,88.46392822265625,64.68028259277344,30.747364044189453,20.237850189208984,2.60019850730896,117.91069793701172,72.96837615966797,107.78629302978516,98.0096435546875,30.190004348754883,22.79212760925293,19.710542678833008,146.0065155029297,97.62329864501953
2016-12-22,26.730392456054688,56.8115348815918,40.102394104003906,38.31700134277344,67.297119140625,59.516151428222656,88.56366729736328,64.82609558105469,30.73257064819336,19.76911735534668,2.631647825241089,116.28623962402344,72.7442398071289,106.68345642089844,97.87966918945312,30.149173736572266,22.822101593017578,19.67403793334961,145.98797607421875,98.05126953125
2016-12-23,26.783260345458984,56.53441619873047,40.009281158447266,38.02949905395508,67.4210433959961,59.41135025024414,88.96260070800781,65.20214080810547,30.769546508789062,19.754915237426758,2.6972477436065674,116.15748596191406,72.97769927978516,106.38414001464844,97.62896728515625,30.181838989257812,22.874547958374023,19.75920867919922,146.3125,97.59162902832031
2016-12-27,26.953359603881836,56.570167541503906,40.11478042602539,38.56999969482422,67.48301696777344,59.43754196166992,88.92425537109375,64.92582702636719,30.776947021484375,19.800369262695312,2.8825018405914307,116.89046478271484,73.16444396972656,106.549560546875,97.64755249023438,30.26347541809082,22.986940383911133,19.789623260498047,146.0065155029297,97.5361099243164
2016-12-28,26.838424682617188,56.31092834472656,39.84930419921875,38.60649871826172,66.99505615234375,59.14281463623047,88.30281066894531,64.51911163330078,30.61421775817871,19.689573287963867,2.6842262744903564,115.81080627441406,73.1177749633789,106.39988708496094,96.83977508544922,29.90427017211914,22.79212760925293,19.680130004882812,144.72706604003906,97.22705841064453
2016-12-29,26.831531524658203,56.2304573059082,39.76560592651367,38.25749969482422,66.52261352539062,59.1755485534668,88.6020278930664,64.73399353027344,30.769546508789062,19.67537498474121,2.7377872467041016,115.24620819091797,73.14578247070312,106.42353820800781,97.08116149902344,29.928768157958984,22.822101593017578,19.76529312133789,144.34695434570312,97.31421661376953
2016-12-30,26.622356414794922,55.551055908203125,39.249019622802734,37.493499755859375,66.83241271972656,59.11662673950195,88.38721466064453,64.52677917480469,30.665998458862305,19.635604858398438,2.622556209564209,113.95854187011719,72.85631561279297,105.62004089355469,96.76549530029297,29.610370635986328,22.64227867126465,19.75920867919922,144.337646484375,96.46621704101562
2017-01-03,26.698205947875977,55.944393157958984,40.01968765258789,37.68349838256836,67.5604476928711,59.52923583984375,88.87053680419922,64.61888885498047,30.917484283447266,19.50492286682129,2.5063419342041016,115.75137329101562,74.23834228515625,105.80120086669922,98.49244689941406,29.879776000976562,22.882047653198242,20.075550079345703,145.53367614746094,94.80191040039062
2017-01-04,26.6683292388916,55.69408416748047,40.00779724121094,37.85900115966797,67.6850357055664,58.87427520751953,88.72479248046875,64.84911346435547,30.806547164916992,19.618560791015625,2.5648176670074463,117.56402587890625,74.84532165527344,106.73863983154297,99.75517272949219,29.72466468811035,22.746023178100586,20.251976013183594,147.06344604492188,94.69098663330078
2017-01-05,26.803943634033203,55.69408416748047,40.267822265625,39.022499084472656,67.06201171875,57.99664306640625,89.653076171875,65.27886199951172,30.8804988861084,19.66116714477539,2.499708414077759,119.52523040771484,75.72312927246094,105.47823333740234,99.699462890625,29.675676345825195,22.798919677734375,20.4466495513916,147.14691162109375,94.86528778076172
2017-01-06,27.102764129638672,56.17683029174805,40.87158203125,39.79949951171875,67.06982421875,57.963871002197266,89.22344970703125,65.2558364868164,30.873092651367188,19.391286849975586,2.533123254776001,122.2392349243164,76.76900482177734,105.18675994873047,101.18502807617188,29.781810760498047,22.84425926208496,20.3675594329834,147.50848388671875,95.70540618896484
2017-01-09,27.351016998291016,55.998016357421875,40.969154357910156,39.84600067138672,67.11653137207031,57.00764846801758,89.20811462402344,64.77237701416016,30.56245231628418,19.51912498474121,2.6358237266540527,123.71510314941406,76.33944702148438,105.80120086669922,100.609375,29.8879451751709,22.80647850036621,20.361478805541992,146.7853240966797,95.44387817382812
2017-01-10,27.37859535217285,55.98014450073242,40.911197662353516,39.79499816894531,67.31123352050781,56.28065490722656,89.11604309082031,64.07398986816406,30.355344772338867,19.382776260375977,2.615922689437866,123.1703109741211,75.9285659790039,107.21127319335938,100.62793731689453,29.83079719543457,22.957609176635742,20.34322166442871,147.4806671142578,95.30120086669922
2017-01-11,27.525707244873047,56.489707946777344,41.10188293457031,39.95100021362305,67.81745147705078,56.85700988769531,88.01898193359375,64.27349853515625,30.36273193359375,19.467998504638672,2.5837368965148926,124.89379119873047,76.38612365722656,106.89617919921875,101.61212921142578,30.16551399230957,22.783811569213867,19.972135543823242,147.78663635253906,95.80049896240234
2017-01-12,27.410778045654297,55.97120666503906,41.08554458618164,40.68199920654297,67.16327667236328,56.54917907714844,87.93456268310547,64.34259033203125,30.288774490356445,19.308910369873047,2.541476249694824,125.41876983642578,75.9845962524414,106.39988708496094,99.8387451171875,29.969581604003906,22.70068359375,19.83220672607422,146.75747680664062,96.76739501953125
2017-01-13,27.36250877380371,56.05166244506836,41.15537643432617,40.856998443603516,67.52149200439453,56.55573654174805,87.91922760009766,64.4730453491211,30.23699378967285,19.070281982421875,2.5412306785583496,127.1224594116211,75.79784393310547,106.3762435913086,100.33082580566406,30.034893035888672,22.723350524902344,19.78354263305664,147.25816345214844,96.2918701171875
2017-01-17,27.583171844482422,55.899696350097656,40.9830207824707,40.486000061035156,65.06829071044922,57.21722412109375,88.1263656616211,65.39398193359375,30.488473892211914,19.43674659729004,2.4842300415039062,126.65691375732422,75.88188171386719,107.0773696899414,100.24726104736328,30.04305076599121,22.662899017333984,19.50370216369629,146.18264770507812,97.28250885009766
2017-01-18,27.58086585998535,55.87287521362305,41.06028366088867,40.374000549316406,65.37203979492188,56.509883880615234,87.9959487915039,65.6956558227539,30.540258407592773,19.348682403564453,2.529437780380249,126.70645141601562,76.1900405883789,107.258544921875,100.4236831665039,30.010400772094727,22.693126678466797,19.485454559326172,146.7853240966797,97.2508316040039
2017-01-19,27.532604217529297,55.69408416748047,40.82997131347656,40.45199966430664,64.87362670898438,55.49468994140625,87.61235809326172,65.51773834228516,30.4293212890625,19.20948028564453,2.5837368965148926,126.33995819091797,76.3207778930664,106.65193939208984,99.60662078857422,29.855287551879883,22.65533447265625,19.284698486328125,147.41574096679688,96.83079528808594
2017-01-20,27.583171844482422,56.08743667602539,41.018184661865234,40.416500091552734,65.16175079345703,56.254459381103516,87.5739974975586,67.64495086669922,30.56245231628418,19.08448028564453,2.555481195449829,125.83480072021484,76.42346954345703,106.8173828125,99.95942687988281,30.157344818115234,22.746023178100586,19.32728385925293,147.90713500976562,96.8941879272461
2017-01-23,27.6015625,56.28409957885742,41.82352066040039,40.89400100708008,65.1928939819336,55.651893615722656,87.3898696899414,67.26593017578125,30.64380645751953,18.933927536010742,2.582016706466675,127.70686340332031,76.71299743652344,108.76311492919922,99.45806884765625,30.0185546875,22.874494552612305,19.138690948486328,146.3402557373047,96.19673156738281
2017-01-24,27.576274871826172,56.784725189208984,42.07611083984375,41.12200164794922,65.9794921875,55.73047637939453,85.74044036865234,67.96208953857422,30.991451263427734,19.146982192993164,2.6370527744293213,128.14266967773438,77.72148132324219,108.75521850585938,100.18228149414062,30.712486267089844,23.123865127563477,18.950103759765625,148.8528289794922,95.93524169921875
2017-01-25,28.01531410217285,56.92775344848633,42.51791000366211,41.82600021362305,66.99971771240234,55.894203186035156,86.5383071899414,67.42060852050781,31.154176712036133,19.002098083496094,2.64835524559021,130.232666015625,78.34716796875,108.29834747314453,100.31226348876953,30.85944175720215,23.199426651000977,19.0352725982666,155.16668701171875,96.52169799804688
2017-01-26,28.029102325439453,57.45518112182617,42.44510269165039,41.95750045776367,67.5604476928711,56.064510345458984,85.80181884765625,66.9874496459961,30.924880981445312,18.95665168762207,2.6940534114837646,131.52032470703125,77.7308120727539,109.07035064697266,100.33082580566406,30.66350555419922,23.22965431213379,19.02918815612793,156.79844665527344,96.59300994873047
2017-01-27,28.031400680541992,58.80508804321289,41.853233337402344,41.78850173950195,67.70063781738281,56.00556564331055,86.98329162597656,67.08030700683594,30.658601760864258,18.652685165405273,2.746140956878662,130.92605590820312,78.22574615478516,108.9678955078125,101.48213958740234,31.00638771057129,23.411026000976562,19.11435890197754,155.4818878173828,97.36968231201172
2017-01-30,27.957841873168945,58.2240104675293,40.8032341003418,41.51900100708008,66.99971771240234,55.5798454284668,86.7914810180664,67.10348510742188,30.606821060180664,18.868581771850586,2.7031443119049072,129.7374267578125,78.16039276123047,109.07821655273438,103.00482940673828,30.549211502075195,23.297670364379883,19.04743766784668,153.50711059570312,97.49649810791016
2017-01-31,27.893482208251953,57.79491424560547,40.62294006347656,41.17399978637695,65.90941619873047,54.94453048706055,86.88352966308594,67.76099395751953,30.747364044189453,18.95949363708496,2.682507276535034,129.08367919921875,77.23590850830078,108.37712097167969,102.73556518554688,30.05938720703125,23.214548110961914,19.302946090698242,151.5137481689453,97.13985443115234
2017-02-01,29.59444808959961,56.83835983276367,40.37778091430664,41.61750030517578,66.15862274169922,54.32232666015625,86.86817932128906,67.55213928222656,30.51806640625,18.814617156982422,2.799703359603882,131.96604919433594,76.98379516601562,108.26683044433594,103.33908081054688,29.814468383789062,23.048295974731445,19.46272850036621,152.02369689941406,97.02095794677734
2017-02-02,29.543872833251953,56.47183609008789,40.52734375,41.997501373291016,65.87826538085938,54.656333923339844,87.12904357910156,67.88475036621094,30.621627807617188,18.94812774658203,2.835083246231079,129.59873962402344,76.85305786132812,107.88082885742188,102.69843292236328,29.945087432861328,23.56216049194336,19.499605178833008,150.43824768066406,97.65501403808594
2017-02-03,29.670299530029297,56.92775344848633,40.61996841430664,40.5099983215332,67.89533996582031,54.715309143066406,87.18275451660156,67.61399841308594,30.725168228149414,18.89130973815918,2.810267686843872,129.7374267578125,80.38286590576172,108.69217681884766,102.41061401367188,30.02730941772461,23.667959213256836,19.720836639404297,150.56802368164062,98.4633560180664
2017-02-06,29.94843292236328,56.89198684692383,40.69377899169922,40.38199996948242,67.57603454589844,54.56465530395508,86.99861907958984,67.60626220703125,30.739967346191406,18.86290740966797,2.8822574615478516,130.8071746826172,80.14942932128906,107.51850891113281,101.73281860351562,29.82175636291504,23.652843475341797,19.806873321533203,152.03294372558594,98.62982177734375
2017-02-07,30.23345947265625,56.704261779785156,41.070682525634766,40.625,67.53707122802734,54.21095657348633,87.05999755859375,68.07813262939453,30.991451263427734,19.002098083496094,2.926973342895508,130.58924865722656,80.10271453857422,107.64451599121094,101.2035903930664,29.887529373168945,23.766197204589844,19.714698791503906,154.3693389892578,98.74076843261719
2017-02-08,30.35068130493164,56.62380599975586,41.102874755859375,40.98550033569336,66.94522094726562,53.854061126708984,86.99861907958984,68.32565307617188,31.080196380615234,19.263452529907227,2.9141979217529297,132.9268798828125,79.45838165283203,108.6134262084961,101.2035903930664,29.912193298339844,23.630170822143555,19.75156593322754,153.18177795410156,98.80415344238281
2017-02-09,30.56998634338379,57.2674674987793,41.111793518066406,41.06800079345703,67.9109115600586,54.09199523925781,87.52031707763672,68.5886459350586,30.51067352294922,19.624235153198242,2.8594069480895996,132.867431640625,79.91596221923828,109.26726531982422,101.65855407714844,29.155757904052734,23.803977966308594,19.899059295654297,153.62123107910156,98.65359497070312
2017-02-10,30.500741958618164,57.21382522583008,41.349037170410156,41.37300109863281,67.75516510009766,54.54144287109375,88.41022491455078,68.04721069335938,30.01511573791504,19.3231143951416,2.791595458984375,132.91696166992188,80.21475982666016,110.16526794433594,101.44500732421875,29.05708885192871,23.81153678894043,19.880619049072266,155.4447021484375,99.71556091308594
2017-02-13,30.770845413208008,57.857486724853516,41.55259704589844,41.826499938964844,68.65076446533203,54.858699798583984,88.90122985839844,68.31017303466797,30.044696807861328,19.252090454101562,2.6628506183624268,132.77828979492188,80.71903991699219,110.18101501464844,101.80709838867188,29.435314178466797,24.15914535522461,20.0404052734375,157.12794494628906,99.49366760253906
2017-02-14,31.17023468017578,58.07332992553711,41.6055908203125,41.81949996948242,69.7488784790039,54.73973083496094,89.26948547363281,67.96208953857422,29.97812843322754,19.50492286682129,2.6726784706115723,132.5802001953125,81.1019058227539,111.35477447509766,102.43846893310547,29.54220199584961,24.416078567504883,20.12643814086914,157.5674591064453,99.70767211914062
2017-02-15,31.283348083496094,58.037349700927734,41.47137451171875,42.1349983215332,70.551025390625,54.964454650878906,89.91393280029297,70.48380279541016,29.911558151245117,19.51344871520996,2.6780829429626465,132.17408752441406,81.90182495117188,112.00857543945312,102.29918670654297,29.64086151123047,24.801477432250977,20.593496322631836,158.31556701660156,100.23863983154297
2017-02-16,31.246408462524414,58.02834701538086,41.711585998535156,42.207000732421875,70.50431060791016,54.39604187011719,90.58905029296875,70.228515625,30.473703384399414,19.56458282470703,2.635087251663208,132.57028198242188,81.78021240234375,111.49658203125,102.79126739501953,29.936864852905273,25.390907287597656,20.661100387573242,159.72756958007812,100.41300964355469
2017-02-17,31.331823348999023,58.118309020996094,41.92852020263672,42.253501892089844,70.27068328857422,54.03915023803711,91.18744659423828,70.46058654785156,30.495878219604492,19.706615447998047,2.6345951557159424,132.26319885253906,81.82698059082031,112.64663696289062,102.18778228759766,29.994415283203125,25.496700286865234,20.661100387573242,161.5043182373047,101.2847671508789
2017-02-21,31.558069229125977,58.00137710571289,42.063236236572266,42.821998596191406,70.87811279296875,54.12504196166992,91.80119323730469,70.90923309326172,30.665998458862305,20.297508239746094,2.728943109512329,132.45138549804688,82.25736999511719,114.23789978027344,102.14136505126953,30.02730941772461,25.791419982910156,20.661100387573242,164.1693878173828,101.4749755859375
2017-02-22,31.652708053588867,57.884464263916016,42.1667594909668,42.78049850463867,70.91707611083984,53.49053955078125,91.69377136230469,70.73133087158203,30.769546508789062,20.37137222290039,2.7247602939605713,134.8286590576172,82.14509582519531,114.4190444946289,102.24347686767578,29.657318115234375,25.761194229125977,20.642662048339844,163.98233032226562,101.32439422607422
2017-02-23,31.518814086914062,58.118309020996094,42.148921966552734,42.609500885009766,70.97158813476562,54.05234146118164,93.3662338256836,70.49153900146484,30.813926696777344,20.257740020751953,2.4721121788024902,134.07589721679688,82.50060272216797,113.99372100830078,101.88137817382812,29.747760772705078,25.723411560058594,20.931499481201172,165.38507080078125,101.65726470947266
2017-02-24,31.5488224029541,58.118309020996094,41.990928649902344,42.262001037597656,70.34854125976562,53.58968734741211,94.77949523925781,70.4296646118164,30.90268898010254,20.564537048339844,2.4959747791290283,134.1550750732422,82.7345199584961,114.9704818725586,102.42918395996094,30.035531997680664,25.934999465942383,21.054407119750977,165.92742919921875,101.95842742919922
2017-02-27,31.611154556274414,57.76752853393555,42.08304977416992,42.43199920654297,70.42640686035156,53.89371109008789,94.52462768554688,70.3058853149414,30.821332931518555,20.3798885345459,2.568546772003174,135.11590576171875,82.33220672607422,114.45845031738281,102.34561920166016,30.01907730102539,25.88966178894043,21.066699981689453,167.78826904296875,101.38362121582031
2017-02-28,31.62501335144043,57.54269027709961,41.84828186035156,42.25199890136719,70.57440948486328,53.74830627441406,94.3779296875,70.44510650634766,31.035829544067383,20.149784088134766,2.4964663982391357,134.25416564941406,82.27607727050781,114.1512680053711,102.21563720703125,29.76420021057129,25.82919692993164,20.968368530273438,168.53640747070312,101.9104995727539
2017-03-01,32.27141571044922,58.4061164855957,42.433719635009766,42.65399932861328,72.89521026611328,54.871925354003906,95.65213012695312,70.90150451660156,31.183765411376953,20.013429641723633,2.528693675994873,136.11631774902344,83.25843048095703,115.54552459716797,103.0976791381836,29.54220199584961,26.02568817138672,21.152734756469727,171.97763061523438,103.02822875976562
2017-03-02,32.079795837402344,57.56967544555664,42.09197235107422,42.445499420166016,71.7581558227539,55.05699920654297,95.47451782226562,70.32134246826172,31.41304588317871,20.10149574279785,2.4354569911956787,135.4625701904297,82.82808685302734,116.54598236083984,102.67986297607422,29.5257568359375,25.98790168762207,21.208045959472656,171.11734008789062,102.37353515625
2017-03-03,32.26910400390625,57.7855339050293,42.0538330078125,42.49399948120117,72.27217102050781,54.50179672241211,95.59806823730469,70.00420379638672,31.420446395874023,19.89410972595215,2.4214353561401367,135.86868286132812,83.07132720947266,116.43569946289062,103.28335571289062,29.517532348632812,25.91233253479004,21.214189529418945,170.35987854003906,102.110107421875
2017-03-06,32.167518615722656,57.80351257324219,41.964176177978516,42.330501556396484,71.5868148803711,54.746337890625,95.53628540039062,69.90365600585938,31.198558807373047,19.851503372192383,2.4027388095855713,136.11631774902344,83.21167755126953,115.9000015258789,102.75413513183594,29.246206283569336,25.836761474609375,21.109718322753906,169.1909942626953,102.21389770507812
2017-03-07,32.20907211303711,57.92044448852539,42.15635299682617,42.30099868774414,71.18963623046875,54.54144287109375,95.62895965576172,69.84176635742188,31.058015823364258,19.84865951538086,2.4290621280670166,135.99745178222656,83.32393646240234,115.72569274902344,102.93057250976562,29.435314178466797,25.844318389892578,20.88848304748535,170.21023559570312,102.24583435058594
2017-03-08,32.089027404785156,58.45106506347656,42.27967834472656,42.525001525878906,71.03388214111328,53.556636810302734,95.83747863769531,69.72575378417969,31.058015823364258,19.97456932067871,2.424633741378784,136.4134979248047,83.23039245605469,116.43892669677734,102.9119873046875,29.287317276000977,25.708303451538086,20.839317321777344,169.94842529296875,102.26178741455078
2017-03-09,32.01516342163086,58.217227935791016,42.487701416015625,42.650001525878906,71.31425476074219,53.979644775390625,97.2661361694336,69.88043212890625,31.08759880065918,19.991743087768555,2.4241411685943604,136.92855834960938,83.37071990966797,116.20116424560547,103.08839416503906,29.45176124572754,25.7460880279541,20.92535400390625,168.8543243408203,102.30171966552734
2017-03-10,32.12134552001953,58.39711380004883,42.664520263671875,42.62300109863281,71.08840942382812,53.940006256103516,97.46693420410156,70.44510650634766,31.279909133911133,20.060422897338867,2.4384098052978516,137.47332763671875,83.95076751708984,116.3834457397461,102.98625946044922,29.5257568359375,25.88966178894043,20.96223258972168,167.1056365966797,102.17398834228516
2017-03-13,32.13519287109375,58.19923782348633,42.8215217590332,42.72949981689453,71.15071868896484,53.81440353393555,97.82989501953125,70.6307601928711,31.36199188232422,20.017499923706055,2.5055694580078125,138.27566528320312,84.30632019042969,116.84310913085938,103.5433349609375,28.909093856811523,25.768747329711914,20.96223258972168,167.43296813964844,101.87858581542969
2017-03-14,32.086727142333984,57.92943572998047,42.88740158081055,42.62649917602539,71.26752471923828,53.53020095825195,98.11566162109375,70.3909912109375,31.317209243774414,20.237852096557617,2.503847360610962,137.99830627441406,83.78235626220703,116.62914276123047,104.27682495117188,28.925537109375,25.783857345581055,21.02982521057129,167.1337127685547,102.03028106689453
2017-03-15,32.42607498168945,58.235233306884766,43.01022720336914,42.64849853515625,71.43885040283203,54.197757720947266,99.59066772460938,70.70037841796875,31.429153442382812,20.19778060913086,2.52278995513916,138.39453125,84.12853240966797,117.25525665283203,103.8683090209961,28.85976219177246,25.874542236328125,21.28179168701172,167.11502075195312,102.0941390991211
2017-03-16,32.479183197021484,58.136287689208984,43.0899772644043,42.67100143432617,71.36875915527344,54.2440299987793,99.20453643798828,70.73133087158203,31.52614974975586,20.1577205657959,2.5537872314453125,138.66195678710938,84.24081420898438,117.87342071533203,103.71975708007812,28.892648696899414,25.866992950439453,21.15888023376465,166.62875366210938,102.17398834228516
2017-03-17,32.317569732666016,58.34314727783203,43.20735549926758,42.615501403808594,70.62112426757812,54.197757720947266,98.89561462402344,70.3909912109375,31.36199188232422,20.00032615661621,2.6093838214874268,138.5133514404297,84.42793273925781,118.56295776367188,103.76617431640625,28.99954605102539,25.866992950439453,21.091283798217773,168.4148406982422,102.70091247558594
2017-03-20,32.65693664550781,58.39711380004883,42.986454010009766,42.8484992980957,70.11491394042969,54.197757720947266,98.90335083007812,70.56114959716797,31.47392463684082,20.026084899902344,2.6925339698791504,138.61239624023438,83.43621826171875,117.1363525390625,104.64823150634766,29.13109016418457,25.904769897460938,21.128158569335938,167.75086975097656,102.81266784667969
2017-03-21,32.28295135498047,57.749549865722656,42.106327056884766,42.15999984741211,68.05889129638672,54.08539581298828,98.27010345458984,70.53792572021484,31.712696075439453,20.003190994262695,2.605448007583618,137.19598388671875,82.38832092285156,116.19325256347656,103.75689697265625,28.810420989990234,25.602500915527344,21.04825210571289,164.54344177246094,102.6051254272461
2017-03-22,32.64769744873047,58.48705291748047,42.0894889831543,42.40299987792969,68.16792297363281,54.03915023803711,97.50557708740234,70.38324737548828,31.623159408569336,20.103355407714844,2.6585848331451416,138.26571655273438,82.8187255859375,116.78765106201172,104.06328582763672,29.081756591796875,25.768747329711914,21.183462142944336,165.49728393554688,103.06814575195312
2017-03-23,32.53227233886719,58.34314727783203,41.58677291870117,42.36899948120117,68.05889129638672,54.10523223876953,97.22755432128906,70.21307373046875,31.466466903686523,19.991743087768555,2.634476661682129,138.206298828125,83.1368408203125,117.2869873046875,104.21185302734375,28.99954605102539,25.662948608398438,21.072847366333008,165.7590789794922,102.98828887939453
2017-03-24,32.46763229370117,58.44209289550781,41.3634033203125,42.28049850463867,67.98101043701172,53.68882751464844,96.90320587158203,70.058349609375,31.429153442382812,19.920204162597656,2.6438252925872803,139.0086212158203,83.44557189941406,117.06507110595703,104.11898803710938,28.909093856811523,25.75363540649414,20.894622802734375,164.4125213623047,103.25975036621094
2017-03-27,32.523033142089844,58.55002212524414,41.530311584472656,42.340999603271484,67.94205474853516,53.70205307006836,97.15031433105469,69.9964599609375,31.578378677368164,19.934505462646484,2.663012742996216,138.9888153076172,83.22103118896484,116.3993148803711,104.34182739257812,29.09819793701172,25.685632705688477,21.005245208740234,164.67433166503906,103.37950897216797
2017-03-28,33.19713592529297,58.72087860107422,41.635311126708984,42.79999923706055,69.00122833251953,54.09199523925781,97.04220581054688,70.205322265625,31.660465240478516,20.12338638305664,2.6492369174957275,140.41514587402344,83.38008117675781,116.66085815429688,104.96392059326172,29.270862579345703,25.708303451538086,20.99295425415039,165.8526153564453,103.34754943847656
2017-03-29,33.27102279663086,58.88277816772461,42.09294891357422,43.715999603271484,68.74421691894531,54.210960388183594,96.4707260131836,70.0815658569336,31.65300941467285,20.243572235107422,2.6406266689300537,141.2966766357422,83.43621826171875,116.53400421142578,104.48110961914062,29.246206283569336,25.496700286865234,21.097421646118164,166.10508728027344,102.86055755615234
2017-03-30,33.227149963378906,59.0986213684082,42.073638916015625,43.81700134277344,69.33611297607422,55.32135772705078,96.2699203491211,69.77213287353516,31.787311553955078,20.48680877685547,2.6913034915924072,141.05897521972656,83.27716064453125,116.46271514892578,105.08460998535156,29.39419174194336,25.496700286865234,21.109718322753906,166.432373046875,103.24376678466797
2017-03-31,33.164817810058594,59.23355484008789,41.99043273925781,44.32699966430664,68.4093246459961,54.20435333251953,96.18498992919922,69.5014419555664,31.667922973632812,20.62703514099121,2.679741382598877,140.70240783691406,83.14616394042969,116.36760711669922,105.27959442138672,29.657318115234375,25.542041778564453,21.023679733276367,165.38507080078125,103.47530364990234
2017-04-03,33.1740608215332,58.95473098754883,42.433719635009766,44.57550048828125,68.16015625,54.2440299987793,96.2931137084961,69.36991882324219,31.645540237426758,20.55549430847168,2.6662116050720215,140.9302215576172,83.6046142578125,116.20116424560547,105.10317993164062,29.731304168701172,25.375802993774414,21.042118072509766,165.1886749267578,103.47530364990234
2017-04-04,33.421058654785156,59.11662673950195,42.22669219970703,45.34149932861328,68.38726806640625,54.442291259765625,96.28536987304688,69.54782104492188,31.846996307373047,20.607006072998047,2.4792468547821045,140.38543701171875,83.06197357177734,115.97928619384766,104.95462799072266,29.829971313476562,25.467267990112305,21.103572845458984,167.1056365966797,103.2198257446289
2017-04-05,33.24794387817383,58.963714599609375,42.045406341552734,45.4640007019043,67.51002502441406,54.54806900024414,96.37805938720703,69.59424591064453,31.76491928100586,20.503982543945312,2.460797071456909,140.5043182373047,83.29586791992188,116.21705627441406,104.91749572753906,29.78065299987793,25.154743194580078,21.011390686035156,165.5907745361328,104.11398315429688
2017-04-06,33.164817810058594,59.11662673950195,41.85670471191406,44.91400146484375,67.7371597290039,54.865318298339844,96.57115173339844,69.15333557128906,31.83955192565918,20.441028594970703,2.478754758834839,139.8307342529297,83.35200500488281,116.69255828857422,104.96392059326172,29.624425888061523,25.215723037719727,20.96223258972168,165.86195373535156,103.90641021728516
2017-04-07,33.0909423828125,59.071651458740234,41.7081184387207,44.74399948120117,67.50218200683594,54.700069427490234,96.4707260131836,69.02183532714844,31.794776916503906,20.861690521240234,2.4681766033172607,139.44444274902344,83.02454376220703,116.60537719726562,104.52753448486328,29.624425888061523,25.124248504638672,20.956079483032227,167.24594116210938,103.7547378540039
2017-04-10,33.051692962646484,58.936744689941406,41.68830871582031,45.35200119018555,67.26719665527344,54.94462203979492,96.02281188964844,69.22293853759766,31.854467391967773,20.907480239868164,2.4051992893218994,139.70196533203125,83.1368408203125,117.46133422851562,104.38826751708984,29.435314178466797,25.16236114501953,20.919204711914062,166.0395965576172,103.77068328857422
2017-04-11,32.6961784362793,58.89177322387695,41.59815979003906,45.11800003051758,67.14971160888672,54.75296401977539,95.93013763427734,69.46275329589844,31.83208656311035,21.013362884521484,2.413808584213257,138.5926055908203,83.12747192382812,117.45339965820312,104.98249053955078,29.38597869873047,25.09375,20.851608276367188,166.98411560058594,104.74467468261719
2017-04-12,32.73543930053711,58.666927337646484,41.67642593383789,44.811500549316406,66.8912353515625,54.83885955810547,96.84140014648438,69.85726165771484,32.041011810302734,21.01622772216797,2.3938822746276855,138.25582885742188,82.96839904785156,116.13780212402344,104.95462799072266,29.295541763305664,24.86507797241211,20.845458984375,164.62759399414062,104.79261016845703
2017-04-13,32.56229019165039,58.41508483886719,41.61302947998047,44.23350143432617,66.1079330444336,53.99287414550781,96.5247802734375,69.64065551757812,31.929092407226562,20.933238983154297,2.349109649658203,138.067626953125,83.14616394042969,115.63846588134766,105.10317993164062,28.98309326171875,24.712621688842773,20.820880889892578,164.22549438476562,104.39339447021484
2017-04-17,32.74235916137695,58.89177322387695,42.353477478027344,45.0994987487793,67.25154876708984,53.920166015625,97.0885238647461,69.91911315917969,32.138023376464844,21.030536651611328,2.441115617752075,140.078369140625,84.025634765625,116.74803161621094,105.64167785644531,29.172208786010742,24.85745620727539,20.894622802734375,167.40487670898438,104.8644790649414
2017-04-18,32.5969123840332,58.81083679199219,42.29701232910156,45.18899917602539,66.70323944091797,53.56985855102539,94.07672882080078,70.23625946044922,32.44395065307617,21.145002365112305,2.442591667175293,139.6227569580078,83.95076751708984,117.10469055175781,106.02236938476562,29.410640716552734,24.903188705444336,20.79629898071289,166.310791015625,105.62287902832031
2017-04-19,32.47686767578125,58.49605941772461,42.421836853027344,44.959999084472656,66.15496826171875,53.199710845947266,93.72918701171875,69.83876037597656,32.257415771484375,21.196516036987305,2.4521870613098145,140.9202880859375,83.96951293945312,116.67672729492188,105.59526824951172,29.5257568359375,24.88795280456543,20.654951095581055,166.82513427734375,105.8943099975586
2017-04-20,32.88317108154297,58.90976333618164,42.59864807128906,45.10300064086914,67.00872039794922,53.54342269897461,94.11532592773438,69.62831115722656,32.15294647216797,21.40541648864746,2.4910552501678467,142.43582153320312,85.27933502197266,117.865478515625,106.5794448852539,29.747760772705078,25.02515411376953,20.734844207763672,167.66671752929688,106.39729309082031
2017-04-21,32.843929290771484,59.71923065185547,42.54267501831055,44.92649841308594,66.20195770263672,53.331912994384766,94.03038787841797,69.07487487792969,32.138023376464844,21.445478439331055,2.501386880874634,142.3169403076172,85.27933502197266,118.87998962402344,106.25450134277344,29.862857818603516,25.017532348632812,20.673385620117188,168.67666625976562,106.50907897949219
2017-04-24,33.16020965576172,60.73550796508789,43.53226089477539,45.37049865722656,68.53609466552734,53.609519958496094,94.90304565429688,69.79978942871094,32.294708251953125,21.39969253540039,2.532630205154419,144.08993530273438,85.93425750732422,120.37784576416016,105.56742095947266,30.216413497924805,25.368173599243164,20.734844207763672,170.24766540527344,107.16370391845703
2017-04-25,33.365665435791016,61.08625793457031,44.02308654785156,45.38100051879883,69.1313705444336,54.019287109375,95.320068359375,70.15052032470703,32.16786193847656,21.47695541381836,2.576665163040161,145.1002655029297,86.17749786376953,121.28130340576172,106.94155883789062,30.31508445739746,25.47488784790039,20.747135162353516,171.60357666015625,113.12747955322266
2017-04-26,33.169437408447266,61.005340576171875,44.03794860839844,45.464500427246094,69.26453399658203,53.80118179321289,95.3818359375,68.38896179199219,32.26487350463867,21.5856990814209,2.558952808380127,145.1696014404297,85.90617370605469,122.22444915771484,107.31295776367188,30.364412307739258,25.459651947021484,20.802440643310547,169.9203643798828,112.44084167480469
2017-04-27,33.19483184814453,61.40105056762695,44.151859283447266,45.91899871826172,68.62225341796875,53.70865249633789,95.55945587158203,68.35000610351562,32.09324645996094,21.588560104370117,2.5988054275512695,146.2987823486328,85.7003402709961,123.7302017211914,107.55435943603516,30.775527954101562,25.726438522338867,20.80859375,171.33241271972656,112.46482849121094
2017-04-28,33.162506103515625,61.57195281982422,45.79027557373047,46.2495002746582,68.14445495605469,53.96644592285156,95.35094451904297,68.06940460205078,32.197715759277344,21.514162063598633,2.56584095954895,148.82460021972656,85.3448257446289,123.71442413330078,107.3315200805664,29.723094940185547,25.97037124633789,20.845458984375,172.8379364013672,111.71434020996094
2017-05-01,33.83892059326172,62.42634963989258,46.20136642456055,47.4114990234375,68.19145202636719,54.2374153137207,95.25054931640625,67.88233947753906,32.24995040893555,21.528472900390625,2.623406171798706,151.01364135742188,85.38223266601562,122.21646881103516,106.52374267578125,29.85464096069336,25.894134521484375,20.759422302246094,170.55624389648438,112.68836975097656
2017-05-02,34.05361557006836,62.327430725097656,46.412845611572266,47.34700012207031,67.75282287597656,54.230796813964844,95.52857208251953,67.20421600341797,32.376800537109375,21.6114559173584,2.545668601989746,151.33058166503906,86.57977294921875,122.80298614501953,106.18950653076172,30.397308349609375,26.099945068359375,20.654951095581055,171.53810119628906,112.75223541259766
2017-05-03,33.949737548828125,62.12956237792969,46.975502014160156,47.05149841308594,68.14445495605469,54.6604118347168,95.24284362792969,67.36788177490234,32.32457733154297,21.680139541625977,2.5646109580993652,150.35989379882812,86.48624420166016,122.84259796142578,103.63618469238281,30.631717681884766,26.107574462890625,20.56891441345215,171.49136352539062,113.86195373535156
2017-05-04,33.827369689941406,61.88673400878906,47.28603744506836,46.87649917602539,68.22278594970703,53.9598388671875,95.72164916992188,67.38346862792969,32.57826614379883,21.84611701965332,2.554769992828369,149.41891479492188,86.65464782714844,122.73162841796875,103.21837615966797,30.52403450012207,26.0542049407959,20.556623458862305,171.19210815429688,114.52460479736328
2017-05-05,34.388370513916016,62.05759811401367,47.066131591796875,46.70750045776367,68.14445495605469,54.210960388183594,95.3818359375,67.42245483398438,32.60065841674805,21.891895294189453,2.5550155639648438,148.814697265625,86.15878295898438,123.42118072509766,103.97972869873047,30.499189376831055,26.21428871154785,20.57505989074707,173.00624084472656,114.9317626953125
2017-05-08,35.323326110839844,62.0036506652832,47.48267364501953,47.45199966430664,68.22278594970703,54.78599166870117,95.18107604980469,67.46141815185547,32.74988555908203,21.783161163330078,2.528202533721924,149.6269073486328,85.99974060058594,124.3404769897461,103.45050048828125,30.267263412475586,26.1380615234375,20.556623458862305,173.9507598876953,115.15530395507812
2017-05-09,35.549564361572266,62.09360885620117,47.38460159301758,47.64099884033203,67.94862365722656,54.402645111083984,95.150146484375,67.34449768066406,32.46634292602539,21.95486068725586,2.532384157180786,149.0524139404297,86.0745620727539,124.96661376953125,104.05399322509766,30.126434326171875,25.840784072875977,20.51360511779785,174.782958984375,115.25111389160156
2017-05-10,35.38103485107422,62.33642578125,47.2919807434082,47.4474983215332,68.48125457763672,54.649505615234375,94.84127044677734,67.41465759277344,32.51111602783203,22.096025466918945,2.9838039875030518,148.8642120361328,86.30847930908203,125.32324981689453,101.8163833618164,29.828235626220703,25.71881103515625,20.494993209838867,172.6063232421875,115.37882995605469
2017-05-11,35.68702697753906,61.57195281982422,47.34398651123047,47.38100051879883,68.269775390625,55.116546630859375,95.1424331665039,67.16522216796875,32.585723876953125,21.931812286376953,3.111973524093628,148.61660766601562,86.16814422607422,123.79362487792969,101.74210357666016,29.563169479370117,25.634967803955078,20.501197814941406,173.3224639892578,115.13134002685547
2017-05-12,36.18541717529297,61.500003814697266,47.30684280395508,48.067501068115234,68.08179473876953,55.07651901245117,95.48223876953125,67.18083190917969,32.526039123535156,21.810813903808594,3.1461689472198486,148.90382385253906,86.7575912475586,124.3642807006836,101.84424591064453,29.430641174316406,25.497770309448242,20.48257827758789,172.67227172851562,116.04945373535156
2017-05-15,36.09270095825195,61.54497146606445,47.5089225769043,47.89849853515625,68.4107666015625,55.24332046508789,98.0693130493164,67.28994750976562,32.63048553466797,21.9779109954834,3.3041043281555176,148.76519775390625,87.22537231445312,124.6892318725586,101.32427978515625,29.51348304748535,26.092329025268555,20.55083656311035,171.86192321777344,116.78397369384766
2017-05-16,36.03936767578125,62.7841796875,47.775882720947266,48.30350112915039,68.62225341796875,55.07651901245117,98.67166900634766,67.21980285644531,32.72004318237305,21.637968063354492,3.3656065464019775,148.3590545654297,87.15050506591797,125.42626190185547,100.25653839111328,29.670862197875977,26.14568519592285,20.228174209594727,172.15402221679688,117.59027862548828
2017-05-17,34.829322814941406,61.038429260253906,46.664451599121094,47.237998962402344,66.0061264038086,54.70289993286133,97.82219696044922,67.2353744506836,32.77974319458008,21.64084243774414,3.1419858932495117,143.475830078125,86.00239562988281,123.70645904541016,98.70599365234375,29.024751663208008,25.77979850769043,19.99859046936035,168.4603271484375,116.8877182006836
2017-05-18,35.36017990112305,61.246456146240234,47.077030181884766,47.92449951171875,65.7633285522461,54.542755126953125,98.05386352539062,66.93138885498047,32.68273162841797,22.338014602661133,3.27359938621521,146.2591552734375,85.95551300048828,123.39739227294922,99.04953002929688,29.17384910583496,23.91986846923828,19.992387771606445,167.15997314453125,117.36675262451172
2017-05-19,35.480712890625,61.22837448120117,47.282569885253906,47.992000579833984,66.40560150146484,54.66284942626953,98.07701873779297,67.21980285644531,32.757347106933594,22.692358016967773,3.3492019176483154,146.65536499023438,86.67720794677734,123.87289428710938,99.82946014404297,29.322952270507812,23.79029083251953,20.14130973815918,170.32601928710938,118.2768783569336
2017-05-22,35.6963005065918,61.915828704833984,47.7491340637207,48.53350067138672,66.34292602539062,54.903038024902344,98.27782440185547,67.19639587402344,32.966285705566406,22.62897300720215,3.4206204414367676,146.8336639404297,87.45511627197266,123.60346221923828,99.93157958984375,29.629438400268555,24.079946517944336,19.930339813232422,173.06802368164062,118.30884552001953
2017-05-23,35.65226364135742,62.123863220214844,48.0700798034668,48.57699966430664,67.1732177734375,55.09651184082031,98.4786148071289,67.0950927734375,33.12297439575195,22.6116943359375,3.3745689392089844,146.6653289794922,87.97061920166016,122.7078857421875,99.3652114868164,29.70399284362793,24.209531784057617,19.9427490234375,172.89842224121094,118.01341247558594
2017-05-24,35.545631408691406,62.205284118652344,48.41975784301758,49.01750183105469,67.134033203125,54.903038024902344,98.47087860107422,67.42245483398438,33.60053253173828,22.51374626159668,3.412493944168091,148.61660766601562,88.86099243164062,122.84259796142578,100.005859375,29.91936683654785,24.003721237182617,19.886903762817383,174.55685424804688,119.35465240478516
2017-05-25,35.66848373413086,62.9741325378418,49.12553405761719,49.66899871826172,66.8520736694336,54.542755126953125,99.1394271850586,67.70307159423828,33.88408660888672,22.55983543395996,3.4048588275909424,150.5183868408203,89.0765609741211,123.9997329711914,99.59732818603516,30.035327911376953,23.965604782104492,19.955158233642578,176.27178955078125,119.57821655273438
2017-05-26,35.60820770263672,63.28168487548828,49.19537353515625,49.78900146484375,66.85990905761719,54.40932846069336,98.6652603149414,68.00703430175781,33.86916732788086,22.507984161376953,3.4930214881896973,150.68678283691406,88.72978210449219,122.76338195800781,100.65579986572266,30.035327911376953,24.011343002319336,19.9427490234375,175.81947326660156,119.64210510253906
2017-05-30,35.62211990356445,63.688724517822266,49.33900451660156,49.834999084472656,65.71633911132812,54.10906982421875,98.81292724609375,68.12394714355469,33.89900588989258,22.51374626159668,3.5676398277282715,150.93438720703125,88.77664184570312,122.65973663330078,100.5907974243164,29.969058990478516,24.1485538482666,19.93654441833496,176.09274291992188,119.6979751586914
2017-05-31,35.411170959472656,63.17313766479492,48.8892822265625,49.73099899291992,64.34561157226562,53.70878601074219,99.69913482666016,68.66178131103516,33.92885208129883,22.643383026123047,3.5548336505889893,150.0231170654297,89.2546615600586,122.36476135253906,100.21941375732422,29.91107177734375,24.034210205078125,20.259199142456055,176.79946899414062,120.46440887451172
2017-06-01,35.50852966308594,63.40830612182617,48.9487190246582,49.79750061035156,65.05838012695312,53.84221649169922,100.11115264892578,68.69296264648438,34.167625427246094,22.99195671081543,3.5550806522369385,150.0924530029297,89.4139633178711,123.67208862304688,100.4700927734375,29.91936683654785,24.255264282226562,20.296432495117188,176.5073699951172,122.4245834350586
2017-06-02,36.03474426269531,64.90982818603516,49.33652877807617,50.33649826049805,64.72940063476562,53.04158020019531,101.12174987792969,69.05149841308594,34.24225997924805,22.93722152709961,3.537349224090576,152.1527557373047,90.1169204711914,123.83148193359375,99.5137710571289,30.085012435913086,24.377222061157227,20.19095230102539,179.24940490722656,123.5091323852539
2017-06-05,35.68239974975586,65.38021850585938,49.72087860107422,50.56700134277344,64.8469009399414,53.45524978637695,101.33940887451172,69.1684341430664,34.316864013671875,23.121597290039062,3.6449670791625977,152.1725311279297,90.4918212890625,123.3851318359375,98.90097045898438,30.101591110229492,24.209531784057617,20.07305145263672,178.04327392578125,122.74593353271484
2017-06-06,35.802940368652344,65.59730529785156,49.3642692565918,50.150001525878906,64.98007202148438,54.18248748779297,101.70478057861328,69.21519470214844,34.30940628051758,22.738441467285156,3.6284677982330322,151.3603057861328,89.77952575683594,122.91477966308594,97.95391845703125,29.927637100219727,24.05707550048828,19.899314880371094,175.9702606201172,121.49270629882812
2017-06-07,36.01618957519531,65.47969818115234,49.60298538208008,50.503501892089844,65.72412872314453,53.98231506347656,101.64259338378906,69.19180297851562,33.958709716796875,22.80182456970215,3.67230224609375,151.66734313964844,90.06069946289062,123.52064514160156,98.3438949584961,30.035327911376953,24.095191955566406,19.855880737304688,177.2423095703125,122.06306457519531
2017-06-08,35.92811965942383,65.08170318603516,49.74068832397461,50.51350021362305,66.53875732421875,53.78885269165039,101.48712921142578,68.47467803955078,33.67515182495117,22.738441467285156,3.9387612342834473,153.24229431152344,90.06069946289062,122.35684204101562,96.85834503173828,30.21755599975586,24.095191955566406,19.700756072998047,178.9667205810547,121.65333557128906
2017-06-09,34.53493118286133,63.60732650756836,48.04877471923828,48.91550064086914,68.11312866210938,54.796287536621094,102.24896240234375,68.71633911132812,33.81692886352539,22.879608154296875,3.6841228008270264,148.18077087402344,88.62667846679688,121.9263916015625,98.06535339355469,29.579736709594727,23.912250518798828,20.333663940429688,179.06092834472656,121.69353485107422
2017-06-12,33.709693908691406,63.11886215209961,47.637203216552734,48.24549865722656,68.12876892089844,55.330055236816406,102.47440338134766,68.7787094116211,33.82439041137695,22.827754974365234,3.693234920501709,147.03176879882812,87.63320922851562,121.30461883544922,99.38378143310547,29.596303939819336,23.82077407836914,20.290220260620117,179.03265380859375,119.27539825439453
2017-06-13,33.98090744018555,63.905826568603516,48.067604064941406,49.03950119018555,68.3559341430664,55.35005187988281,102.62986755371094,68.63838958740234,33.877044677734375,22.90842056274414,3.7284507751464844,149.25050354003906,89.11408996582031,122.74742126464844,98.93810272216797,29.720552444458008,24.163799285888672,20.21576499938965,180.0597381591797,120.35992431640625
2017-06-14,33.64942932128906,63.56208801269531,47.940311431884766,48.82350158691406,68.21495056152344,54.75625991821289,103.2129135131836,68.9345932006836,34.08018112182617,23.01788902282715,3.7363312244415283,148.82460021972656,89.33897399902344,124.95543670654297,98.54815673828125,29.430641174316406,24.08757209777832,20.28402328491211,181.2752685546875,121.05086517333984
2017-06-15,33.4477424621582,63.227420806884766,47.55646514892578,48.208499908447266,67.80765533447266,54.88302993774414,103.42276000976562,69.66727447509766,34.04255676269531,22.732688903808594,3.7523388862609863,148.37887573242188,88.26114654541016,124.96339416503906,98.39959716796875,29.2484073638916,24.072324752807617,20.358478546142578,184.16806030273438,121.44449615478516
2017-06-16,32.9794921875,63.31787872314453,47.47920608520508,49.385501861572266,67.50218200683594,55.70366668701172,104.44119262695312,69.88551330566406,34.08770751953125,21.675418853759766,3.7338693141937256,149.21092224121094,88.26114654541016,124.85977172851562,97.96321868896484,29.165571212768555,24.110437393188477,20.457759857177734,185.10092163085938,122.103271484375
2017-06-19,33.9229621887207,64.10482025146484,48.301387786865234,49.75849914550781,68.98255920410156,55.21662139892578,104.22351837158203,70.04139709472656,34.14036560058594,21.750320434570312,3.874239921569824,151.4197540283203,88.84223175048828,126.58955383300781,97.83323669433594,29.414081573486328,24.38485336303711,20.612882614135742,187.58856201171875,123.02709197998047
2017-06-20,33.61465835571289,63.23645782470703,47.992820739746094,49.62950134277344,68.5517578125,54.9163703918457,104.34013366699219,69.86212158203125,34.313392639160156,21.7618465423584,3.8685758113861084,150.80564880371094,88.45799255371094,125.68077087402344,96.5055160522461,28.875654220581055,24.278139114379883,20.823854446411133,186.88182067871094,123.77422332763672
2017-06-21,33.81401443481445,63.56208801269531,48.468292236328125,50.11149978637695,68.23845672607422,54.335933685302734,104.87651062011719,69.68286895751953,34.01999282836914,21.96350860595703,3.9271862506866455,152.44992065429688,88.60794830322266,124.81988525390625,97.30402374267578,28.643726348876953,24.27051544189453,21.022415161132812,187.67337036132812,123.50105285644531
2017-06-22,33.75837326049805,63.55303955078125,48.370723724365234,50.064998626708984,68.16015625,54.095733642578125,105.76272583007812,69.39447021484375,33.907142639160156,21.75608253479004,3.9000983238220215,151.9447021484375,88.0549545288086,123.93511962890625,96.76549530029297,28.461490631103516,24.278139114379883,21.134103775024414,187.92776489257812,124.36072540283203
2017-06-23,33.90904998779297,64.41234588623047,48.83975601196289,50.1870002746582,68.0347900390625,54.44935607910156,106.05815124511719,69.69843292236328,34.04255676269531,21.56018829345703,3.7882940769195557,153.59889221191406,89.58267974853516,120.61117553710938,96.89547729492188,28.320676803588867,24.461082458496094,21.202354431152344,190.55670166015625,124.23213958740234
2017-06-26,33.80242156982422,63.79728317260742,48.14635467529297,49.69900131225586,68.33245849609375,54.202484130859375,105.98816680908203,69.65167236328125,34.177982330322266,21.750320434570312,3.7469210624694824,152.13294982910156,89.24528503417969,120.6988296508789,98.01892852783203,28.221277236938477,24.57541847229004,21.12169075012207,188.4365692138672,123.68588256835938
2017-06-27,33.317935943603516,62.60325241088867,46.95766067504883,48.8390007019043,68.9668960571289,54.11575698852539,104.95420837402344,69.06709289550781,33.89209747314453,21.897241592407227,3.6097517013549805,149.1514434814453,88.94535064697266,121.35248565673828,97.8703842163086,27.873376846313477,24.209531784057617,20.954160690307617,187.40951538085938,123.49304962158203
2017-06-28,33.80473327636719,63.136966705322266,47.59757995605469,49.51649856567383,70.35330963134766,54.39598083496094,104.02918243408203,68.8800277709961,34.09523010253906,22.04128074645996,3.737070322036743,151.78622436523438,90.19189453125,122.1415786743164,99.2166519165039,28.328956604003906,24.453458786010742,20.941747665405273,188.09735107421875,123.95903778076172
2017-06-29,33.306339263916016,61.95201873779297,46.448997497558594,48.79650115966797,71.3950424194336,53.84221649169922,103.11185455322266,67.80438232421875,33.72658920288086,21.87420082092285,3.612213373184204,149.60708618164062,88.4954605102539,121.28872680664062,98.1489028930664,27.78226089477539,23.942739486694336,20.867284774780273,186.0620574951172,123.01905059814453
2017-06-30,33.38516616821289,62.35002136230469,46.04584503173828,48.400001525878906,71.59085083007812,53.862220764160156,102.83977508544922,67.92910766601562,33.741634368896484,21.80217933654785,3.5600061416625977,149.54766845703125,87.8956298828125,122.27710723876953,98.6502914428711,27.947917938232422,23.8588924407959,20.842470169067383,186.33531188964844,123.04322814941406
2017-07-03,33.264617919921875,61.662540435791016,45.53965759277344,47.68299865722656,73.04786682128906,54.77627182006836,103.31394958496094,68.38896179199219,33.67393112182617,21.709991455078125,3.431208848953247,147.0218963623047,87.49261474609375,122.76338195800781,99.77374267578125,27.71599578857422,23.88175392150879,20.98518180847168,187.1268310546875,122.51293182373047
2017-07-05,33.401397705078125,62.485687255859375,46.173622131347656,48.56999969482422,73.78032684326172,53.94227981567383,103.88922882080078,68.33442687988281,33.71906661987305,21.698467254638672,3.522819995880127,148.9137420654297,88.1112060546875,121.71119689941406,98.07463836669922,28.44493293762207,23.93561553955078,20.873489379882812,190.1609344482422,122.97091674804688
2017-07-06,33.086124420166016,62.0244026184082,45.94728469848633,48.25699996948242,73.5440444946289,53.45524978637695,103.01856231689453,68.10057830810547,33.40309143066406,21.741682052612305,3.5334091186523438,147.4081573486328,87.39888763427734,121.2010498046875,96.67154693603516,27.8568058013916,23.635557174682617,20.612882614135742,189.8500213623047,122.98693084716797
2017-07-07,33.42225646972656,62.829410552978516,46.59709548950195,48.9379997253418,73.91419219970703,53.52196502685547,103.03410339355469,68.31880950927734,33.395565032958984,21.70134162902832,3.6141836643218994,150.00331115722656,88.02682495117188,121.34452056884766,96.64351654052734,28.06389045715332,23.774045944213867,20.69355010986328,190.68862915039062,125.54163360595703
2017-07-10,33.62625503540039,63.29977798461914,47.1017951965332,49.82350158691406,73.39439392089844,53.48191452026367,102.26451873779297,67.88233947753906,33.38805389404297,21.09636878967285,3.7850918769836426,152.04376220703125,89.12339782714844,120.50750732421875,96.89604949951172,27.873376846313477,23.835590362548828,20.730777740478516,192.1868438720703,124.93913269042969
2017-07-11,33.73518753051758,63.30882263183594,47.22710037231445,49.70650100708008,73.1108627319336,53.775489807128906,102.01573181152344,67.63291931152344,33.35042953491211,21.16551399230957,3.838777780532837,153.79701232910156,89.42337036132812,120.04521942138672,97.12987518310547,28.09701919555664,23.920228958129883,20.581865310668945,194.36351013183594,124.44905090332031
2017-07-12,33.783870697021484,64.35807037353516,47.92694091796875,50.32550048828125,72.85883331298828,54.015689849853516,102.7931137084961,67.781005859375,33.485836029052734,21.3009090423584,4.00205135345459,157.39254760742188,90.14505004882812,121.63146209716797,97.63500213623047,28.370370864868164,23.97408676147461,20.612882614135742,194.523681640625,125.7906723022461
2017-07-13,34.25444030761719,64.91891479492188,47.985877990722656,50.03150177001953,73.32351684570312,54.02235794067383,102.5055160522461,67.57835388183594,33.42566680908203,21.620681762695312,3.9557533264160156,157.74913024902344,89.92009735107422,122.18949890136719,97.55082702636719,28.362092971801758,24.0587158203125,20.650110244750977,194.32582092285156,124.55350494384766
2017-07-14,34.5488395690918,65.83248901367188,48.38507843017578,50.09049987792969,72.65409851074219,54.229183197021484,103.08077239990234,67.89012908935547,33.613739013671875,21.992313385009766,4.062138557434082,158.45237731933594,90.84798431396484,121.86263275146484,98.29911804199219,28.7265625,24.174123764038086,20.743194580078125,196.4741973876953,124.74632263183594
2017-07-17,34.66938781738281,66.34808349609375,48.33802795410156,50.50199890136719,71.97674560546875,53.94895553588867,102.73094177246094,68.24085998535156,33.651363372802734,22.000957489013672,4.044900894165039,158.21466064453125,90.75424194335938,122.66771697998047,98.01851654052734,28.552616119384766,24.235675811767578,20.63150405883789,196.93592834472656,124.73023223876953
2017-07-18,34.7899284362793,66.30284118652344,48.88234329223633,51.22249984741211,71.72476196289062,53.775489807128906,104.52668762207031,69.09046173095703,33.60621643066406,21.951980590820312,4.087011337280273,161.3149871826172,91.45718383789062,121.29667663574219,98.9164810180664,28.602310180664062,24.24336814880371,20.699752807617188,196.21978759765625,123.68588256835938
2017-07-19,35.00783920288086,66.80938720703125,49.17061233520508,51.34349822998047,71.8271255493164,53.94227981567383,105.10973358154297,69.40470123291016,33.72658920288086,21.856908798217773,4.0658345222473145,162.5828094482422,92.08514404296875,122.19740295410156,99.91735076904297,28.62715721130371,24.54343032836914,20.861085891723633,198.70741271972656,123.62960815429688
2017-07-20,34.85020065307617,67.135009765625,49.141883850097656,51.435001373291016,71.8271255493164,53.94895553588867,106.16693878173828,69.60110473632812,33.71906661987305,21.900123596191406,4.124938011169434,162.96914672851562,91.95392608642578,117.19950866699219,100.42243957519531,28.784543991088867,24.512659072875977,20.81144142150879,198.1420135498047,123.88671112060547
2017-07-21,34.833980560302734,66.74607849121094,49.223602294921875,51.28350067138672,71.58295440673828,53.45524978637695,105.18745422363281,69.60896301269531,33.877044677734375,21.937578201293945,4.139712333679199,162.87005615234375,93.35044860839844,116.89659881591797,100.1698989868164,28.767982482910156,24.497268676757812,20.774213790893555,199.89468383789062,123.65367889404297
2017-07-24,35.2558708190918,66.57421875,49.44499588012695,51.9474983215332,71.89012145996094,53.28843688964844,103.39949035644531,69.2711410522461,33.734107971191406,22.1507568359375,4.0916924476623535,164.42518615722656,94.0721435546875,115.24657440185547,100.08570861816406,28.57745933532715,24.512659072875977,20.67493438720703,199.93234252929688,121.99079895019531
2017-07-25,35.406551361083984,67.10790252685547,47.99480056762695,51.993499755859375,73.08724975585938,53.55531692504883,102.52104949951172,70.02530670166016,34.03504180908203,22.620330810546875,4.071990013122559,163.7119903564453,93.71598052978516,117.15168762207031,99.54318237304688,28.71826934814453,24.712696075439453,20.53842544555664,200.1962127685547,127.79106903076172
2017-07-26,35.573448181152344,66.98126220703125,47.810546875,52.63999938964844,72.40204620361328,53.62203598022461,101.7980728149414,70.1510009765625,34.41119384765625,22.729808807373047,4.119027137756348,164.0388946533203,94.52204132080078,116.92845153808594,100.02957916259766,28.784543991088867,24.35877799987793,20.408119201660156,219.974609375,125.73439025878906
2017-07-27,34.90118408203125,66.17621612548828,47.17658615112305,52.29999923706055,72.10277557373047,53.92894744873047,101.70478057861328,71.23506927490234,34.69708251953125,22.983318328857422,3.9830880165100098,168.8230743408203,93.32231140136719,117.75747680664062,102.89185333251953,28.966779708862305,24.289527893066406,20.476375579833984,227.0887908935547,126.0878677368164
2017-07-28,34.65547180175781,66.06764221191406,47.46483612060547,51.00199890136719,71.89012145996094,53.10829162597656,102.49771881103516,70.86585235595703,34.61433410644531,22.99195671081543,4.048349857330322,170.81399536132812,92.92867279052734,118.0365219116211,102.85441589355469,29.2484073638916,24.251060485839844,20.56945037841797,227.34323120117188,125.20425415039062
2017-07-31,34.47698974609375,65.76013946533203,46.82939147949219,49.388999938964844,72.2996826171875,53.401859283447266,103.17403411865234,71.34503173828125,34.48643493652344,23.04381561279297,4.00205135345459,167.6443328857422,93.3129653930664,119.24810028076172,102.82637023925781,29.38093376159668,24.197206497192383,20.575658798217773,228.4645233154297,124.63379669189453
2017-08-01,34.78297424316406,65.65158081054688,46.88188171386719,49.80950164794922,73.26840209960938,53.48861312866211,103.01080322265625,71.56500244140625,34.3811149597168,23.190736770629883,4.050809860229492,168.24855041503906,94.54073333740234,119.44739532470703,103.4624252319336,30.1098690032959,24.351085662841797,20.526020050048828,225.61883544921875,123.7500991821289
2017-08-02,36.42649841308594,65.36212921142578,46.93537902832031,49.794498443603516,73.33138275146484,53.775489807128906,102.73870849609375,71.51791381835938,34.2983512878418,23.19938087463379,4.048349857330322,167.6938934326172,94.92501831054688,119.96552276611328,101.64779663085938,30.35009002685547,24.251060485839844,20.626262664794922,224.21484375,125.7987060546875
2017-08-03,36.06256103515625,65.26261138916016,46.571834564208984,49.34600067138672,72.8509750366211,53.70209884643555,103.66381072998047,71.37646484375,34.35853576660156,23.297327041625977,4.099818229675293,166.9906005859375,94.27833557128906,120.1966552734375,102.0687026977539,30.452741622924805,24.281837463378906,20.945812225341797,224.49752807617188,124.29639434814453
2017-08-04,36.25265884399414,65.74201965332031,46.843753814697266,49.37900161743164,73.76458740234375,53.515296936035156,103.5316390991211,71.22721862792969,34.23064041137695,23.184980392456055,4.117797374725342,168.01083374023438,94.55950164794922,121.75898742675781,100.73110961914062,30.294178009033203,24.46649169921875,21.0773868560791,223.9886932373047,123.57341766357422
2017-08-07,36.81362533569336,65.48876953125,46.841766357421875,49.61349868774414,74.04812622070312,53.48191452026367,103.28288269042969,71.83209228515625,34.33596420288086,23.415441513061523,4.244377613067627,170.3484649658203,95.121826171875,122.2372817993164,99.47770690917969,30.402666091918945,24.497268676757812,20.87062644958496,226.3632354736328,124.4972915649414
2017-08-08,37.1080207824707,65.84152221679688,46.76450729370117,49.492000579833984,73.78032684326172,53.34848403930664,102.82421112060547,71.94207000732422,34.305870056152344,23.504749298095703,4.193892955780029,169.60556030273438,94.92501831054688,122.2372817993164,100.0669937133789,30.38597869873047,24.366472244262695,20.85182762145996,225.67539978027344,124.45709228515625
2017-08-09,37.3351936340332,65.55207824707031,46.56093978881836,49.10049819946289,73.66219329833984,53.515296936035156,103.57050323486328,72.20914459228516,34.2983512878418,23.65839195251465,4.238466739654541,169.55604553222656,94.63446807861328,123.75971221923828,96.18516540527344,30.53619384765625,24.328001022338867,20.958345413208008,222.10179138183594,124.45709228515625
2017-08-10,36.14599609375,64.59326934814453,45.74420928955078,47.84600067138672,72.6068115234375,53.19866180419922,103.46166229248047,72.06776428222656,34.41119384765625,23.382993698120117,4.056966781616211,165.81192016601562,93.24734497070312,122.65973663330078,94.80081176757812,30.160642623901367,23.850982666015625,20.939544677734375,220.74632263183594,125.8228530883789
2017-08-11,36.64866638183594,65.57921600341797,46.06615447998047,48.39950180053711,72.00035858154297,52.68669891357422,103.46946716308594,71.75352478027344,34.2983512878418,23.307619094848633,3.840747594833374,166.48544311523438,93.80970001220703,123.45687103271484,95.39944458007812,29.935317993164062,24.21259307861328,20.833030700683594,222.64212036132812,126.36908721923828
2017-08-14,37.20022201538086,66.56517028808594,46.50397872924805,49.165000915527344,72.84310150146484,52.70018768310547,103.76486206054688,71.99706268310547,34.45633316040039,23.394588470458984,4.147102355957031,169.13011169433594,95.47801208496094,122.9626235961914,94.84757995605469,30.327552795410156,24.497268676757812,20.87062644958496,224.7938232421875,126.33692169189453
2017-08-15,37.60747146606445,66.58335876464844,46.461883544921875,49.137001037597656,73.0321044921875,52.57216262817383,103.68710327148438,72.4291000366211,34.74974060058594,23.41488265991211,4.112130165100098,169.37774658203125,96.1903076171875,119.70246887207031,94.95046997070312,30.04380989074707,24.68961524963379,20.914474487304688,226.70858764648438,126.62620544433594
2017-08-16,37.456207275390625,66.97437286376953,46.768463134765625,48.909000396728516,72.5280532836914,52.188194274902344,104.30122375488281,72.61766815185547,34.75727081298828,23.47575569152832,4.067066192626953,168.38723754882812,96.9929428100586,121.3604507446289,95.59587860107422,29.88524627685547,24.881959915161133,20.901952743530273,225.21092224121094,127.65446472167969
2017-08-17,36.73710250854492,65.83768463134766,45.9457893371582,48.028499603271484,71.39395141601562,51.373050689697266,103.42276000976562,72.3270034790039,34.50148010253906,23.10468864440918,3.9764394760131836,165.3265380859375,95.90399169921875,119.30391693115234,94.82886505126953,29.35112762451172,23.881759643554688,20.645063400268555,223.31509399414062,126.84307098388672
2017-08-18,36.65332794189453,65.91951751708984,45.87248992919922,47.923500061035156,71.46484375,51.629058837890625,103.10407257080078,72.64122772216797,34.35853576660156,22.991636276245117,3.977177858352661,165.82180786132812,96.23258972167969,117.56621551513672,94.19280242919922,29.217609405517578,23.366268157958984,20.469623565673828,223.4857177734375,126.7386245727539
2017-08-21,36.58584213256836,65.6103286743164,45.609493255615234,47.66450119018555,71.37821197509766,51.45390701293945,103.74153900146484,72.94760131835938,34.366065979003906,23.107595443725586,3.9193060398101807,166.18832397460938,96.89908599853516,118.92923736572266,94.63243865966797,29.14249038696289,23.604782104492188,20.526018142700195,223.40040588378906,127.22065734863281
2017-08-22,37.18392562866211,66.5287857055664,46.57678985595703,48.345001220703125,72.11067199707031,51.6964111328125,104.7132568359375,72.89260864257812,34.305870056152344,23.19745635986328,4.006560802459717,168.03065490722656,97.69702911376953,119.49522399902344,96.1290283203125,28.917173385620117,24.0587158203125,20.77037239074707,227.25836181640625,128.24899291992188
2017-08-23,37.23048400878906,66.12864685058594,46.68476486206055,47.900001525878906,72.19728088378906,51.60884094238281,103.2362289428711,72.61766815185547,34.2607421875,23.180065155029297,4.086666584014893,167.10946655273438,96.86150360107422,118.8495864868164,94.94110107421875,28.92551612854004,23.789426803588867,20.826766967773438,225.68484497070312,127.58214569091797
2017-08-24,37.065250396728516,66.10139465332031,46.4029426574707,47.622501373291016,72.07913208007812,51.420230865478516,103.30622100830078,72.48411560058594,34.162933349609375,22.710437774658203,4.071630954742432,166.14869689941406,96.89908599853516,118.17198181152344,94.9598159790039,28.967241287231445,24.035634994506836,20.820499420166016,226.30099487304688,127.26085662841797
2017-08-25,37.20254135131836,66.21959686279297,46.08646011352539,47.26300048828125,72.37055206298828,51.68292999267578,103.01673126220703,72.67266845703125,34.28330993652344,22.794498443603516,4.037618637084961,164.74215698242188,97.02113342285156,119.28793334960938,95.79231262207031,28.93385124206543,24.18951416015625,20.920751571655273,223.59947204589844,127.59021759033203
2017-08-28,37.577213287353516,66.22869110107422,45.96907043457031,47.30099868774414,72.14215850830078,51.5145378112793,103.06368255615234,72.64122772216797,34.17045211791992,22.62057113647461,4.066207408905029,165.6534423828125,97.42479705810547,120.6749038696289,95.93260955810547,28.917173385620117,24.266456604003906,20.970874786376953,224.8222198486328,128.27310180664062
2017-08-29,37.9123420715332,66.42877197265625,46.34648132324219,47.702999114990234,71.74835968017578,51.50104904174805,103.4313735961914,72.52340698242188,34.193031311035156,22.83509063720703,4.059554576873779,166.45571899414062,97.4154052734375,120.14569854736328,95.94197082519531,28.98393440246582,24.22028160095215,20.989667892456055,227.9597930908203,128.0400848388672
2017-08-30,38.014739990234375,67.30175018310547,46.73676300048828,48.37950134277344,71.91376495361328,51.26527786254883,102.53952026367188,72.16990661621094,34.147891998291016,22.76841926574707,4.083709239959717,168.30801391601562,97.37784576416016,120.27400207519531,96.22257995605469,29.117456436157227,24.61267852783203,20.958345413208008,227.93138122558594,128.9209442138672
2017-08-31,38.165992736816406,67.99286651611328,47.311798095703125,49.029998779296875,71.58295440673828,51.420230865478516,103.5565414428711,72.48411560058594,34.26826095581055,22.632164001464844,4.176385402679443,170.3385467529297,97.18073272705078,120.16978454589844,94.6604995727539,29.267681121826172,24.781936645507812,21.252826690673828,227.17306518554688,129.27651977539062
2017-09-01,38.17763900756836,67.23809051513672,47.15082931518555,48.912498474121094,72.2209243774414,51.581905364990234,102.50821685791016,72.68836975097656,34.44129943847656,22.719125747680664,4.201526641845703,170.38807678222656,97.53744506835938,120.89945983886719,94.94110107421875,29.284364700317383,24.85118293762207,21.27788543701172,227.80812072753906,129.1471710205078
2017-09-05,37.71919631958008,66.93799591064453,46.630279541015625,48.26350021362305,70.4961166381836,51.9928092956543,101.62419128417969,72.8376235961914,34.54661560058594,23.133684158325195,4.089378833770752,169.10040283203125,96.70195770263672,122.62340545654297,95.0346450805664,29.2259521484375,24.328001022338867,21.177631378173828,224.65162658691406,128.57347106933594
2017-09-06,37.679622650146484,66.74701690673828,46.65702819824219,48.38999938964844,70.96868133544922,53.07067108154297,102.2265853881836,72.8376235961914,34.57671356201172,23.21485137939453,4.086913108825684,170.4573974609375,96.86150360107422,125.53402709960938,94.94110107421875,29.8435115814209,24.52034568786621,21.29667854309082,222.39566040039062,127.86229705810547
2017-09-07,37.52833938598633,67.6018295288086,47.04681396484375,48.9734992980957,69.72429656982422,53.23908615112305,103.41570281982422,73.03402709960938,34.81745147705078,23.226451873779297,4.105893611907959,171.5667724609375,98.15704345703125,126.63250732421875,90.78801727294922,29.65991973876953,24.435712814331055,21.29667854309082,223.99758911132812,129.21995544433594
2017-09-08,36.91630554199219,67.27448272705078,46.626808166503906,48.29499816894531,69.63764953613281,53.097625732421875,102.46910095214844,72.93187713623047,34.832496643066406,22.86697769165039,4.034659385681152,169.32821655273438,98.03495788574219,128.01966857910156,90.79736328125,29.36782455444336,24.22028160095215,21.365598678588867,226.33889770507812,129.06639099121094
2017-09-11,37.584205627441406,67.98377227783203,46.71992492675781,48.89799880981445,70.71662902832031,53.38728332519531,104.21370697021484,73.83526611328125,34.99801254272461,22.924957275390625,4.165541648864746,171.86392211914062,99.64965057373047,126.98532104492188,90.81607818603516,29.85186767578125,24.766551971435547,21.503442764282227,228.0546112060547,130.53724670410156
2017-09-12,37.43526840209961,67.91101837158203,46.886348724365234,49.12900161743164,71.58295440673828,53.55570983886719,103.75994110107422,73.45820617675781,35.14849090576172,23.078603744506836,4.180575847625732,171.3191680908203,99.70600128173828,128.22018432617188,91.56439208984375,30.11891746520996,24.93581771850586,22.161331176757812,228.0451202392578,126.33490753173828
2017-09-13,37.15367126464844,68.39298248291016,47.07405471801758,49.97999954223633,71.78775787353516,53.73759841918945,103.61913299560547,73.4896240234375,35.261329650878906,23.151079177856445,4.199309825897217,171.40829467773438,99.34925842285156,128.308349609375,92.43428802490234,30.31920623779297,24.75885581970215,21.967098236083984,229.3247528076172,126.87641906738281
2017-09-14,36.8348274230957,67.99286651611328,46.563419342041016,49.61050033569336,71.6459732055664,53.95315170288086,104.97254943847656,73.4896240234375,34.965579986572266,23.098894119262695,4.175400733947754,169.33815002441406,99.58395385742188,127.7951431274414,91.57373809814453,30.44438934326172,24.766551971435547,22.38688850402832,232.45281982421875,126.87641906738281
2017-09-15,37.20718765258789,68.4839096069336,46.323699951171875,49.339500427246094,72.15789794921875,53.939693450927734,105.18377685546875,73.26968383789062,35.01866912841797,23.301822662353516,4.439380645751953,170.01168823242188,98.85173797607422,127.00929260253906,92.15367126464844,30.878368377685547,24.958894729614258,22.155061721801758,236.0264129638672,126.81173706054688
2017-09-18,36.92560577392578,68.34752655029297,46.049312591552734,48.70949935913086,73.18173217773438,53.95315170288086,105.91133117675781,73.1754150390625,34.965579986572266,23.191661834716797,4.62276554107666,168.39712524414062,98.4104995727539,126.53629302978516,91.76081848144531,30.878368377685547,25.02044677734375,22.27411460876465,239.89382934570312,126.6177749633789
2017-09-19,36.93958282470703,68.60212707519531,46.40145492553711,48.49300003051758,73.9850845336914,54.04072570800781,105.78617095947266,73.9767074584961,34.867008209228516,23.206153869628906,4.617834091186523,170.8833465576172,98.95500183105469,126.41600036621094,92.0694808959961,31.070302963256836,24.997364044189453,22.21145248413086,239.30613708496094,127.22389221191406
2017-09-20,36.320533752441406,68.14745330810547,46.930423736572266,48.660499572753906,74.50489044189453,54.26304626464844,104.22152709960938,74.15735626220703,34.7153434753418,23.33661460876465,4.5806169509887695,170.53662109375,98.54191589355469,127.23382568359375,92.79908752441406,30.936777114868164,25.081998825073242,22.5497989654541,242.1498260498047,129.2037811279297
2017-09-21,35.69683837890625,67.4836196899414,46.9309196472168,48.23249816894531,74.84355163574219,53.81843185424805,103.07148742675781,72.77477264404297,34.42718505859375,23.194557189941406,4.455402374267578,169.4866943359375,98.86112213134766,127.64277648925781,92.49976348876953,31.045278549194336,25.158939361572266,22.53726577758789,242.69961547851562,128.5169219970703
2017-09-22,35.34778594970703,67.66551208496094,46.71844482421875,47.755001068115234,74.68604278564453,53.8386344909668,102.78986358642578,72.46054077148438,34.49542999267578,23.05540657043457,4.412024021148682,168.922119140625,99.09577941894531,128.26820373535156,92.22852325439453,31.028583526611328,25.674423217773438,22.5310001373291,243.0882568359375,128.419921875
2017-09-25,35.035919189453125,66.61972045898438,46.273681640625,46.989498138427734,74.12683868408203,54.5527229309082,102.61775970458984,72.8376235961914,34.64710235595703,22.945247650146484,4.214838027954102,161.32485961914062,96.71134185791016,129.17428588867188,93.13582611083984,31.011892318725586,25.94371223449707,22.249048233032227,241.06922912597656,126.27836608886719
2017-09-26,35.638671875,66.61972045898438,46.429683685302734,46.93000030517578,73.7960433959961,54.49208068847656,102.43780517578125,72.78265380859375,34.55609893798828,23.01482391357422,4.238499641418457,162.6521759033203,96.6362533569336,129.30259704589844,92.25656127929688,31.270605087280273,25.9744873046875,22.117473602294922,240.48150634765625,123.92670440673828
2017-09-27,35.892337799072266,67.15626525878906,47.5426025390625,47.54349899291992,74.96168518066406,54.85586929321289,101.5068359375,71.38434600830078,33.85087203979492,22.9858341217041,4.331424236297607,166.08924865722656,97.52806854248047,129.02996826171875,92.82715606689453,31.329011917114258,25.759063720703125,22.21145248413086,241.97918701171875,124.49238586425781
2017-09-28,35.67125701904297,67.17442321777344,47.785789489746094,47.81999969482422,75.11919403076172,55.36783218383789,101.28779602050781,71.4000473022461,34.05561065673828,22.887271881103516,4.330191612243652,167.1292724609375,98.17581939697266,130.18463134765625,91.71405792236328,31.5710391998291,25.659038543701172,22.305435180664062,241.0218048095703,127.27241516113281
2017-09-29,35.86674118041992,67.73822784423828,48.227081298828125,48.067501068115234,75.22157287597656,55.226383209228516,101.71025085449219,71.47074127197266,34.13143539428711,22.652462005615234,4.4063544273376465,169.24899291992188,98.79539489746094,131.14674377441406,92.20044708251953,31.779680252075195,25.87447166442871,22.36809730529785,240.96493530273438,126.6177749633789
2017-10-02,35.794593811035156,67.84738159179688,47.91753387451172,47.95949935913086,76.26905059814453,54.99058532714844,102.6568374633789,72.09134674072266,33.972190856933594,22.742326736450195,4.412024021148682,167.8622589111328,98.98314666748047,131.51564025878906,93.4070816040039,32.58084487915039,25.966793060302734,22.59992027282715,242.65220642089844,126.8440933227539
2017-10-03,35.95050811767578,67.52909851074219,48.14585876464844,47.85499954223633,76.67073059082031,55.07815933227539,103.34532165527344,72.36628723144531,34.2679328918457,22.965543746948242,4.421143531799316,168.34764099121094,99.12394714355469,132.43771362304688,94.27699279785156,32.86458969116211,26.043739318847656,22.643781661987305,242.1498260498047,126.76325988769531
2017-10-04,35.717796325683594,67.92011260986328,47.88335418701172,48.272499084472656,75.8910140991211,55.0983772277832,103.96337127685547,72.60196685791016,34.50300979614258,22.927854537963867,4.458116054534912,166.82225036621094,98.86112213134766,132.533935546875,94.05250549316406,32.831207275390625,25.950603485107422,22.5310001373291,242.43418884277344,127.04612731933594
2017-10-05,36.162296295166016,69.0841064453125,48.79518127441406,49.04249954223633,76.91292572021484,55.253326416015625,104.19805145263672,72.29560089111328,34.5181770324707,23.020620346069336,4.455649375915527,169.61549377441406,99.73414611816406,133.19944763183594,93.64093780517578,32.98977279663086,26.067018508911133,22.556062698364258,245.401123046875,128.33103942871094
2017-10-06,36.1413459777832,69.11137390136719,49.21369171142578,49.479000091552734,76.77825164794922,55.04447937011719,104.22152709960938,72.53124237060547,34.49542999267578,22.901762008666992,4.468712329864502,170.5960693359375,100.19413757324219,132.98300170898438,93.60352325439453,33.07322692871094,26.191177368164062,22.58738899230957,245.10720825195312,128.97756958007812
2017-10-09,36.26701736450195,69.37509155273438,49.147823333740234,49.54949951171875,76.37423706054688,55.260074615478516,104.40143585205078,72.36628723144531,34.43477249145508,23.345312118530273,4.569523811340332,170.863525390625,100.45699310302734,132.8707275390625,93.13582611083984,33.265159606933594,26.198936462402344,22.643781661987305,244.92718505859375,129.3977508544922
2017-10-10,36.28097152709961,69.37509155273438,48.92445755004883,49.36000061035156,76.94464111328125,55.41500473022461,104.75350189208984,71.97350311279297,34.783592224121094,24.388933181762695,4.656779766082764,169.96214294433594,100.73860931396484,132.4297332763672,93.14517974853516,33.08991241455078,26.035966873168945,22.806686401367188,247.33482360839844,129.7694549560547
2017-10-11,36.4322509765625,69.49329376220703,49.80854034423828,49.75,76.71488189697266,55.64405059814453,106.90489196777344,71.8478012084961,34.958003997802734,24.85276985168457,4.70632266998291,171.1012420654297,101.7994384765625,132.50189208984375,92.18174743652344,32.797821044921875,26.067018508911133,22.838016510009766,247.8182830810547,131.84637451171875
2017-10-12,36.30424499511719,70.12985229492188,49.80854034423828,50.04650115966797,76.04154968261719,55.52952575683594,107.04572296142578,72.38984680175781,34.965579986572266,24.96003532409668,4.708541393280029,170.9130401611328,101.48963165283203,131.97264099121094,90.66643524169922,32.70601272583008,25.81092071533203,22.775352478027344,248.2637481689453,132.4605712890625
2017-10-13,36.53463363647461,70.4663314819336,49.918495178222656,50.14699935913086,75.93856048583984,55.516056060791016,106.7327880859375,73.08899688720703,35.01866912841797,25.11077117919922,4.796287536621094,172.09178161621094,102.0059585571289,131.87643432617188,91.08733367919922,33.10660171508789,25.973892211914062,22.769086837768555,247.1547088623047,133.64044189453125
2017-10-16,37.20718765258789,70.6117935180664,49.99179458618164,50.31700134277344,77.50706481933594,55.78550720214844,106.49026489257812,73.16756439208984,35.352317810058594,24.855670928955078,4.87861442565918,172.86434936523438,101.6679916381836,131.6759796142578,91.78887176513672,33.18171310424805,26.028215408325195,22.54352569580078,246.21629333496094,133.34950256347656
2017-10-17,37.34449005126953,70.55724334716797,50.07352066040039,50.45650100708008,77.33277893066406,55.88656997680664,110.14372253417969,72.9004898071289,35.2764892578125,24.925233840942383,4.874176025390625,174.4392547607422,100.95454406738281,130.97837829589844,92.00401306152344,33.206756591796875,26.074777603149414,22.68136978149414,245.14517211914062,133.66468811035156
2017-10-18,37.17927932739258,70.57543182373047,50.15969467163086,49.849998474121094,77.62589263916016,55.7518424987793,110.05765533447266,72.87690734863281,35.18549728393555,24.99481201171875,4.8699846267700195,174.36004638671875,101.19862365722656,131.05859375,91.901123046875,33.59065246582031,26.035966873168945,22.449552536010742,246.4911651611328,133.96368408203125
2017-10-19,36.299598693847656,70.8482437133789,49.61982727050781,49.330501556396484,77.72096252441406,55.73834991455078,111.12163543701172,72.48908233642578,35.32957458496094,25.046987533569336,4.875409126281738,172.90396118164062,100.46637725830078,130.8901824951172,92.61202239990234,33.457130432128906,26.191177368164062,22.706432342529297,245.54327392578125,134.55360412597656
2017-10-20,36.362430572509766,71.66666412353516,49.779815673828125,49.14550018310547,78.83001708984375,55.98760223388672,111.40328216552734,69.84564208984375,35.17033386230469,25.34848403930664,4.853225231170654,173.32000732421875,100.96394348144531,131.04254150390625,92.97681427001953,33.74086380004883,26.579198837280273,22.819217681884766,250.95578002929688,134.39199829101562
2017-10-23,36.34381103515625,71.68485260009766,48.81250762939453,48.314998626708984,78.69535064697266,56.07516860961914,112.35771942138672,69.09376525878906,35.124820709228516,25.69926643371582,4.846323490142822,169.6451873779297,100.94515991210938,132.09295654296875,92.3220443725586,34.07468795776367,26.656797409057617,22.806686401367188,248.65240478515625,131.99993896484375
2017-10-24,36.560237884521484,71.7121353149414,48.958621978759766,48.79499816894531,79.94701385498047,56.23014450073242,110.80873107910156,68.84052276611328,35.01866912841797,25.505029678344727,4.897098064422607,170.17019653320312,101.77127075195312,133.12728881835938,91.93854522705078,34.174835205078125,26.83528709411621,22.72523307800293,252.14064025878906,132.43634033203125
2017-10-25,36.39966583251953,71.50299072265625,49.10572814941406,48.64550018310547,80.02621459960938,56.02802276611328,111.37195587158203,68.74552917480469,34.92008972167969,25.649980545043945,4.773364067077637,168.98155212402344,102.78514862060547,133.15936279296875,91.48021697998047,34.03296661376953,26.617996215820312,22.65631103515625,244.9556121826172,132.1939239501953
2017-10-26,36.63236618041992,71.6212158203125,49.10374450683594,48.621498107910156,80.59658813476562,56.23014450073242,110.94170379638672,69.25205993652344,35.05657196044922,25.690561294555664,4.823400497436523,169.0112762451172,103.07614135742188,134.4261932373047,92.19109344482422,34.50864791870117,26.594728469848633,22.393152236938477,245.76129150390625,132.54136657714844
2017-10-27,37.944915771484375,76.21347045898438,51.196327209472656,55.04750061035156,80.62033081054688,56.391788482666016,110.91824340820312,68.88797760009766,34.93525314331055,25.560110092163086,4.975480079650879,176.1925048828125,102.99166107177734,134.1776885986328,91.9572525024414,37.054039001464844,26.71887969970703,22.305435180664062,243.0977020263672,133.65660095214844
2017-10-30,38.79900360107422,76.2862319946289,51.169586181640625,55.54249954223633,80.33514404296875,56.27727127075195,109.52569580078125,68.27857971191406,34.776004791259766,25.206438064575195,5.024284362792969,178.16360473632812,103.30144500732422,132.54998779296875,91.70470428466797,37.02899169921875,26.416229248046875,22.023483276367188,245.7423553466797,134.33541870117188
2017-10-31,39.33890151977539,75.64057922363281,51.16512680053711,55.263999938964844,79.70140838623047,56.14927291870117,109.0641098022461,68.3339614868164,34.867008209228516,25.310802459716797,5.0974884033203125,178.351806640625,103.24512481689453,132.92681884765625,91.48954772949219,37.963687896728516,26.501596450805664,21.967098236083984,244.53854370117188,134.88499450683594
2017-11-01,38.838558197021484,75.64057922363281,51.63862609863281,55.183998107910156,79.94701385498047,56.49959182739258,109.51002502441406,68.76927947998047,34.73050308227539,25.493432998657227,5.1071014404296875,180.9271240234375,104.26834869384766,132.6061553955078,92.6307144165039,38.98184585571289,26.866323471069336,22.092409133911133,245.03140258789062,134.4485626220703
2017-11-02,39.12247848510742,76.43171691894531,51.656944274902344,54.71099853515625,80.47775268554688,56.27054214477539,109.4709243774414,68.46851348876953,34.791175842285156,25.742746353149414,5.076045513153076,177.22262573242188,104.18389892578125,130.46522521972656,91.99465942382812,39.307308197021484,26.548158645629883,22.217716217041016,248.9462432861328,135.84664916992188
2017-11-03,40.14411926269531,76.51358032226562,52.004638671875,55.58000183105469,80.33514404296875,56.034786224365234,109.58826446533203,68.52391815185547,34.85941696166992,25.997854232788086,5.143827438354492,177.22262573242188,104.54061126708984,131.81227111816406,92.26591491699219,38.673065185546875,26.749923706054688,22.27411460876465,248.11209106445312,136.29110717773438
2017-11-06,40.55137634277344,76.81365203857422,51.64258575439453,56.03300094604492,79.83609771728516,56.41874313354492,109.33792114257812,68.10444641113281,34.48027038574219,25.713760375976562,5.166996002197266,178.4607391357422,105.06629943847656,131.6759796142578,94.1366958618164,39.20445251464844,26.70336151123047,22.130002975463867,250.3112335205078,137.4386444091797
2017-11-07,40.68169403076172,76.63177490234375,52.123504638671875,56.15850067138672,78.22795867919922,56.30424118041992,109.34574890136719,68.84052276611328,34.836666107177734,25.786230087280273,5.226151943206787,178.54000854492188,105.22589874267578,131.22698974609375,95.04400634765625,39.271629333496094,26.695602416992188,22.155061721801758,252.263916015625,138.00433349609375
2017-11-08,41.01449203491211,76.8955078125,52.41572570800781,56.64400100708008,77.34864807128906,56.23014450073242,110.55834197998047,69.31537628173828,35.01866912841797,26.165990829467773,5.1554107666015625,177.85653686523438,105.58263397216797,131.53965759277344,94.64179992675781,39.20445251464844,26.77320098876953,22.142534255981445,251.73309326171875,137.462890625
2017-11-09,40.93070983886719,76.46808624267578,51.8922119140625,56.45650100708008,77.34072875976562,56.566951751708984,109.79950714111328,69.4736557006836,35.05657196044922,26.17759895324707,5.060762405395508,177.59901428222656,105.2728271484375,130.91427612304688,96.04486083984375,38.8686637878418,26.423994064331055,22.25634002685547,250.3512420654297,134.95770263671875
2017-11-10,40.79523849487305,76.26802825927734,51.71539306640625,56.26750183105469,77.24567413330078,56.390193939208984,109.18146514892578,69.7743911743164,35.291664123535156,26.35732650756836,5.327455997467041,176.76699829101562,105.02877044677734,131.58778381347656,98.00916290283203,38.26422119140625,26.377426147460938,22.243694305419922,248.58819580078125,133.81822204589844
2017-11-13,40.63174819946289,76.32261657714844,51.56929016113281,56.458499908447266,77.52289581298828,56.3561897277832,109.33792114257812,70.43922424316406,35.42815399169922,26.37761688232422,5.240940570831299,177.0740203857422,104.57817840576172,132.58206176757812,97.97174835205078,38.406944274902344,26.346389770507812,22.319578170776367,250.08441162109375,135.25669860839844
2017-11-14,40.017494201660156,76.43171691894531,51.59107971191406,56.84199905395508,77.0555191040039,55.914249420166016,109.12671661376953,70.33634948730469,35.966556549072266,26.406600952148438,5.279146671295166,176.3806915283203,105.1226577758789,134.75497436523438,96.50318908691406,38.4992790222168,26.416229248046875,22.37015724182129,249.45542907714844,135.85472106933594
2017-11-15,39.48966598510742,75.83766174316406,51.33203887939453,56.33449935913086,77.78433990478516,55.213966369628906,108.82157135009766,69.82981872558594,35.49639892578125,26.041339874267578,5.175624370574951,176.26182556152344,103.49858093261719,132.6782989501953,96.98959350585938,38.16347885131836,26.470552444458008,22.357507705688477,250.50367736816406,135.21630859375
2017-11-16,39.961463928222656,76.03872680664062,51.929351806640625,56.864498138427734,78.00614166259766,54.77204895019531,108.64167022705078,70.63710021972656,35.299232482910156,28.879419326782227,5.215799331665039,177.88626098632812,104.40609741210938,134.3059844970703,96.9053955078125,38.3229866027832,27.844139099121094,22.483964920043945,251.30422973632812,135.83856201171875
2017-11-17,39.73957824707031,75.30757904052734,51.3062744140625,56.49399948120117,77.74473571777344,54.55448532104492,107.9610366821289,69.98809814453125,34.662254333496094,28.256139755249023,5.209637641906738,177.30189514160156,103.27759552001953,134.49838256835938,96.75574493408203,37.46670150756836,27.859649658203125,22.36383628845215,249.9319305419922,134.7313995361328
2017-11-20,39.699886322021484,75.42640686035156,51.245365142822266,56.31549835205078,78.43394470214844,54.76523208618164,107.90628051757812,69.8614730834961,34.47269058227539,28.25904083251953,5.276682376861572,177.04432678222656,103.39984893798828,136.67135620117188,96.11034393310547,37.45829391479492,28.325275421142578,22.351184844970703,252.1904754638672,134.901123046875
2017-11-21,40.437904357910156,76.51397705078125,52.019989013671875,56.9744987487793,78.37054443359375,54.98280334472656,108.22704315185547,70.21764373779297,34.7153434753418,27.980741500854492,5.325238227844238,180.1347198486328,104.81046295166016,138.60374450683594,96.34417724609375,37.726951599121094,28.441682815551758,22.4713191986084,254.43960571289062,136.00828552246094
2017-11-22,40.86299133300781,75.95648956298828,52.1002311706543,57.80799865722656,78.14083099365234,55.13917922973633,107.40557098388672,69.90895080566406,34.76084518432617,27.9488468170166,5.3013129234313965,179.1540985107422,104.21800231933594,137.96231079101562,96.10096740722656,37.483489990234375,28.286476135253906,22.40176773071289,252.68609619140625,136.61434936523438
2017-11-24,40.865318298339844,76.09354400634766,52.328067779541016,59.29999923706055,77.8873291015625,55.35675048828125,107.96882629394531,70.00394439697266,34.791175842285156,28.009729385375977,5.351383209228516,181.0459747314453,105.29951477050781,138.17880249023438,96.00743865966797,37.567447662353516,28.317516326904297,22.43970489501953,253.38177490234375,136.66282653808594
2017-11-27,40.659786224365234,76.65106201171875,53.09526062011719,59.791500091552734,77.578369140625,55.14598083496094,108.70086669921875,70.4075698852539,34.80634307861328,28.009729385375977,5.281825542449951,181.2936248779297,105.68507385253906,139.64614868164062,96.14776611328125,37.34917449951172,28.612411499023438,22.43970489501953,253.09584045410156,136.54164123535156
2017-11-28,40.42156219482422,77.57412719726562,52.663368225097656,59.68000030517578,80.29556274414062,55.52671813964844,110.21215057373047,70.75581359863281,34.75325012207031,28.053213119506836,5.197225093841553,180.6894073486328,106.60667419433594,141.57858276367188,96.72769165039062,37.55065155029297,29.279796600341797,22.667325973510742,255.392578125,138.46493530273438
2017-11-29,39.58309555053711,76.16667938232422,51.38009262084961,58.063499450683594,82.17303466796875,55.93464660644531,110.0468521118164,70.73998260498047,34.50300979614258,28.2822265625,4.844757556915283,173.46856689453125,103.31521606445312,142.8438262939453,98.43941497802734,36.89584732055664,29.085798263549805,22.894948959350586,256.6409912109375,137.7295684814453
2017-11-30,40.13661575317383,76.92523956298828,51.32015609741211,58.837501525878906,82.79883575439453,56.62815475463867,109.66902923583984,71.22276306152344,34.9923095703125,28.18656349182129,4.9505720138549805,175.49913024902344,105.882568359375,144.91493225097656,98.04656982421875,37.64300537109375,28.946102142333984,22.92656898498535,263.7884216308594,139.80262756347656
2017-12-01,39.949771881103516,77.00749969482422,50.770389556884766,58.11750030517578,83.0127182006836,56.74372482299805,110.18064880371094,71.5156021118164,35.14522171020508,28.221359252929688,4.8758368492126465,173.43885803222656,104.13338470458984,145.39849853515625,98.44878387451172,37.5086784362793,29.178918838500977,22.98346710205078,258.62322998046875,140.5342559814453
2017-12-04,39.6578369140625,74.1012191772461,50.11660385131836,56.6974983215332,84.72386169433594,56.81851577758789,109.41716003417969,72.34664154052734,35.3439826965332,28.122791290283203,4.604023456573486,169.8433074951172,101.02996826171875,149.0088348388672,103.09761810302734,37.34917449951172,29.272037506103516,22.80010414123535,264.9034423828125,138.72950744628906
2017-12-05,39.62045669555664,74.56729888916016,50.49946594238281,57.07849884033203,83.74945068359375,56.3561897277832,109.9366226196289,72.33869934082031,35.36692428588867,28.360502243041992,4.630661964416504,171.1903839111328,102.1114501953125,147.35679626464844,100.29150390625,36.46770477294922,28.9538631439209,22.528226852416992,262.5876770019531,140.6318359375
2017-12-06,39.473323822021484,75.65486145019531,51.1492805480957,57.61750030517578,83.12367248535156,55.94145584106445,111.03076934814453,72.21998596191406,35.51219177246094,28.201059341430664,4.668154239654541,174.38973999023438,103.20233917236328,145.70465087890625,98.64520263671875,36.476097106933594,29.031465530395508,22.483964920043945,265.1893310546875,141.03009033203125
2017-12-07,39.54572677612305,75.38986206054688,51.7361946105957,57.989498138427734,82.8780517578125,56.12501525878906,110.2042465209961,71.3098373413086,34.99995803833008,28.203969955444336,4.735489368438721,178.4310302734375,104.76346588134766,146.67176818847656,98.45813751220703,36.16548538208008,29.02370834350586,22.44602394104004,268.7154235839844,140.56680297851562
2017-12-08,39.557403564453125,76.91608428955078,51.974422454833984,58.099998474121094,83.91583251953125,56.19981384277344,110.66079711914062,71.5235366821289,34.640628814697266,28.136951446533203,4.7231574058532715,177.30189514160156,105.89197540283203,147.80809020996094,98.27899932861328,36.39215087890625,29.186670303344727,22.5977783203125,272.460693359375,140.7618865966797
2017-12-11,40.328147888183594,77.89401245117188,52.10270309448242,58.44599914550781,83.67024230957031,56.45137405395508,111.0937271118164,71.41270446777344,34.65592575073242,28.247692108154297,4.801347255706787,177.3414764404297,105.67568969726562,146.8732452392578,100.73053741455078,36.65239334106445,29.458288192749023,22.894948959350586,269.8494873046875,140.84320068359375
2017-12-12,40.10159683227539,78.2138671875,51.9442138671875,58.25400161743164,84.64461517333984,56.26780700683594,112.24291229248047,71.11197662353516,34.62533187866211,28.1806583404541,4.707126617431641,175.2812042236328,106.70075225830078,146.51058959960938,101.29627990722656,36.3753662109375,29.41948699951172,23.12889289855957,276.3107604980469,140.0139923095703
2017-12-13,40.23471450805664,78.003662109375,52.073978424072266,58.20650100708008,83.58311462402344,56.51256561279297,112.47117614746094,71.92716217041016,35.09170913696289,28.48957633972168,4.592182636260986,176.60853576660156,106.5596923828125,147.50180053710938,101.46600341796875,36.383758544921875,29.60573959350586,23.166833877563477,278.1214294433594,141.08705139160156
2017-12-14,40.22304916381836,77.40049743652344,52.375118255615234,58.7130012512207,82.90975952148438,56.36299133300781,111.49515533447266,72.02213287353516,35.19109344482422,28.305973052978516,4.599339008331299,176.6976318359375,106.19290161132812,146.7764892578125,104.25699615478516,36.31659698486328,29.41173553466797,23.05301856994629,280.0655517578125,140.7537384033203
2017-12-15,40.63174819946289,79.37456512451172,53.094764709472656,58.957000732421875,84.08218383789062,56.45137405395508,112.13273620605469,72.72652435302734,35.313411712646484,28.300142288208008,4.724884033203125,178.47067260742188,107.03929138183594,147.13919067382812,104.91703033447266,37.40794372558594,29.636768341064453,23.520906448364258,280.1226806640625,141.50164794921875
2017-12-18,41.2039680480957,78.94501495361328,53.74309539794922,59.52899932861328,84.73178100585938,56.390193939208984,111.61322784423828,72.71861267089844,35.11464309692383,28.53036880493164,4.88126277923584,179.10459899902344,106.78538513183594,148.87185668945312,104.69075012207031,38.835086822509766,29.861831665039062,23.476638793945312,282.2193298339844,141.61544799804688
2017-12-19,40.7648811340332,78.44235229492188,53.480098724365234,59.36899948120117,84.37528991699219,56.05025100708008,111.59748840332031,72.56031036376953,35.26755142211914,28.792652130126953,4.837110996246338,177.8070068359375,105.45938110351562,149.87918090820312,105.42620849609375,39.48988723754883,29.72213363647461,23.35651397705078,283.2771301269531,140.95700073242188
2017-12-20,40.72051239013672,78.1590347290039,53.172027587890625,58.88100051879883,84.08218383789062,56.34260177612305,111.10942077636719,72.44161224365234,35.229312896728516,28.778072357177734,4.85413122177124,176.20237731933594,105.4405746459961,150.9510498046875,103.42726135253906,39.92642593383789,30.06361198425293,23.05301856994629,283.8965759277344,139.96514892578125
2017-12-21,40.87466812133789,78.14075469970703,53.037811279296875,58.737998962402344,85.42098236083984,57.00888442993164,111.03076934814453,72.55241394042969,34.862335205078125,28.576990127563477,4.831685543060303,175.76657104492188,105.71327209472656,151.57156372070312,103.31409454345703,39.25483322143555,29.900630950927734,22.913915634155273,281.1614685058594,139.70498657226562
2017-12-22,40.87466812133789,78.14988708496094,52.93925476074219,58.417999267578125,85.11993408203125,57.09046173095703,110.29084014892578,72.91648864746094,34.85469436645508,28.62070655822754,4.81639289855957,175.51895141601562,105.97662353515625,151.61184692382812,102.46549224853516,39.20445251464844,29.91614532470703,22.850692749023438,281.22821044921875,139.3555145263672
2017-12-26,39.83767318725586,78.04936981201172,52.790164947509766,58.8380012512207,84.77928161621094,57.09727096557617,110.26725769042969,73.19347381591797,35.02289581298828,28.897565841674805,4.86991548538208,174.32041931152344,106.25875854492188,153.4090118408203,101.94689178466797,38.6839714050293,29.861831665039062,22.894948959350586,281.4759521484375,139.249755859375
2017-12-27,39.84467697143555,78.33268737792969,52.51032257080078,59.112998962402344,84.93775177001953,57.04288101196289,110.64507293701172,72.89273071289062,35.11464309692383,28.92669105529785,4.86325740814209,175.93495178222656,107.22737884521484,153.27197265625,101.49429321289062,38.70915985107422,29.92390251159668,22.9708251953125,281.7237548828125,140.37167358398438
2017-12-28,39.956783294677734,78.34182739257812,52.299835205078125,59.30500030517578,85.38926696777344,57.12443923950195,110.63719940185547,72.86898803710938,34.95408248901367,28.96750259399414,4.868929862976074,176.23211669921875,107.53772735595703,152.9415740966797,101.61686706542969,38.80150604248047,29.94718360900879,22.996110916137695,282.41943359375,140.72122192382812
2017-12-29,39.52471160888672,78.17733001708984,52.173526763916016,58.4734992980957,84.71592712402344,56.86609649658203,109.97600555419922,72.71861267089844,35.076412200927734,28.778072357177734,4.772735595703125,174.78598022460938,107.22737884521484,152.74008178710938,101.37171173095703,38.751121520996094,29.72213363647461,22.901268005371094,281.047119140625,139.92453002929688
2018-01-02,40.23236846923828,78.55205535888672,53.15468978881836,59.45050048828125,85.51602935791016,57.8111457824707,109.59033966064453,71.74513244628906,34.81647491455078,28.731454849243164,4.917026996612549,179.6988983154297,107.68817901611328,151.53131103515625,105.41679382324219,39.33038330078125,30.156715393066406,23.04037094116211,282.88641357421875,140.8187713623047
2018-01-03,40.22536849975586,78.91759490966797,54.06156539916992,60.209999084472656,85.60316467285156,58.946563720703125,110.63719940185547,71.6581039428711,34.74001693725586,28.982074737548828,5.240635395050049,182.91807556152344,108.76025390625,152.32102966308594,105.869384765625,37.99558639526367,30.39728355407715,23.211088180541992,283.80126953125,140.225341796875
2018-01-04,40.41221618652344,79.61221313476562,54.27157211303711,60.47949981689453,86.82948303222656,59.028160095214844,110.62934112548828,72.16459655761719,35.229312896728516,29.0083065032959,5.268260478973389,182.58128356933594,109.1646499633789,153.5299072265625,105.82223510742188,37.29880142211914,30.483291625976562,23.261676788330078,282.7243957519531,141.20896911621094
2018-01-05,40.87232208251953,80.5992202758789,54.99121856689453,61.457000732421875,86.2720718383789,58.980552673339844,111.54237365722656,72.21208953857422,35.221675872802734,29.18025016784668,5.312905311584473,185.07740783691406,111.77906036376953,155.13360595703125,105.2470474243164,37.559051513671875,30.905471801757812,23.305925369262695,294.3222961425781,141.49354553222656
2018-01-08,40.72051239013672,80.68146514892578,55.185367584228516,62.34349822998047,86.39945220947266,59.245723724365234,111.6840591430664,72.59199523925781,35.168148040771484,29.61155128479004,5.475696563720703,186.4938201904297,112.23043060302734,154.76287841796875,103.73839569091797,37.559051513671875,31.22602081298828,23.04669952392578,295.5707702636719,141.39601135253906
2018-01-09,40.71583557128906,80.62662506103516,55.11503982543945,62.6349983215332,86.83744812011719,58.994178771972656,113.45506286621094,72.06169891357422,35.3439826965332,29.256017684936523,5.474216461181641,186.0876922607422,112.01416015625,155.6171417236328,103.66297912597656,36.618804931640625,31.03057098388672,23.02140998840332,303.4615173339844,141.0789794921875
2018-01-10,40.70649337768555,80.26106262207031,54.983787536621094,62.71649932861328,87.79302978515625,58.52504348754883,113.32128143310547,71.6026611328125,35.221675872802734,29.046186447143555,5.517134189605713,186.05796813964844,111.89189147949219,154.56947326660156,103.21980285644531,35.6785774230957,31.202560424804688,23.059329986572266,305.20550537109375,141.05455017089844
2018-01-11,40.937713623046875,80.49870300292969,55.078392028808594,63.83399963378906,88.26286315917969,59.10294723510742,113.9666976928711,71.34941101074219,35.198734283447266,29.14818000793457,5.5269999504089355,185.9886474609375,112.70067596435547,156.890380859375,104.65301513671875,36.44252014160156,31.35111427307129,23.116252899169922,312.69598388671875,140.95700073242188
2018-01-12,41.36045455932617,81.88786315917969,55.999629974365234,65.26000213623047,89.72010803222656,59.504093170166016,114.73019409179688,70.92202758789062,35.282833099365234,29.395902633666992,5.499866485595703,177.66835021972656,112.93575286865234,158.29270935058594,106.04853057861328,36.2998046875,31.9531192779541,23.10360336303711,320.40570068359375,141.1033172607422
2018-01-16,41.15025329589844,80.74542999267578,56.00210189819336,65.24299621582031,89.40155792236328,59.13014221191406,115.59605407714844,71.40482330322266,35.5733528137207,29.343435287475586,5.429078102111816,176.6976318359375,113.2179183959961,158.20407104492188,104.37014770507812,36.21585464477539,31.695117950439453,23.141538619995117,319.40509033203125,141.19271850585938
2018-01-17,41.82989501953125,82.38139343261719,56.418148040771484,64.75,89.97489929199219,59.8304328918457,115.69048309326172,72.1803970336914,35.795066833496094,29.929210662841797,5.542786121368408,175.91514587402344,114.71316528320312,161.03271484375,105.57707214355469,37.265220642089844,32.211124420166016,23.508264541625977,334.5100402832031,142.24951171875
2018-01-18,41.867271423339844,82.3448486328125,56.26311492919922,64.66600036621094,90.18989562988281,59.442909240722656,115.64324188232422,71.91727447509766,35.84092330932617,30.39547348022461,5.5358805656433105,178.09426879882812,115.77583312988281,159.83193969726562,104.11555480957031,37.34077453613281,32.289306640625,23.388126373291016,324.1700439453125,141.9163055419922
2018-01-19,41.68042755126953,82.25345611572266,56.636070251464844,64.72899627685547,89.9908218383789,59.252525329589844,115.98957061767578,72.62701416015625,36.05500030517578,30.4799861907959,5.675731182098389,179.57012939453125,115.3902816772461,162.2495880126953,104.2758560180664,37.6262092590332,32.28148651123047,23.35651397705078,321.8542785644531,143.1763153076172
2018-01-22,41.33943176269531,83.72486114501953,57.65933609008789,66.3655014038086,91.0419692993164,60.000404357910156,116.6035385131836,73.28095245361328,36.223201751708984,30.73062515258789,5.764033794403076,183.61141967773438,116.92316436767578,164.7720184326172,104.75674438476562,38.406944274902344,32.57077407836914,23.350194931030273,322.1116027832031,143.24952697753906
2018-01-23,41.348777770996094,83.98990631103516,58.25416946411133,68.12699890136719,90.94640350341797,60.03440856933594,111.6368408203125,71.0160903930664,36.276702880859375,30.861757278442383,5.892786026000977,187.55369567871094,117.22411346435547,165.12661743164062,104.10614013671875,38.66717529296875,32.914772033691406,23.280643463134766,319.8148498535156,143.7372283935547
2018-01-24,40.69013977050781,83.91678619384766,58.01247024536133,67.87550354003906,92.10902404785156,60.1907844543457,111.82576751708984,70.42594909667969,36.567230224609375,30.82970428466797,5.816078186035156,184.78024291992188,117.13007354736328,166.19044494628906,104.19100189208984,38.20545196533203,32.96949005126953,23.350194931030273,318.9572448730469,143.1763153076172
2018-01-25,39.96378707885742,84.38288879394531,58.54985427856445,68.89749908447266,92.13289642333984,60.08198165893555,113.6596908569336,70.44989013671875,36.57488250732422,31.065752029418945,5.829642295837402,185.70140075683594,117.76016235351562,165.50537109375,104.2381591796875,38.02916717529297,32.75839614868164,23.539875030517578,326.9813537597656,142.80235290527344
2018-01-26,40.05719757080078,85.96399688720703,58.81830596923828,70.10250091552734,92.62661743164062,60.51031494140625,114.39176177978516,69.96341705322266,37.10240173339844,31.587406158447266,6.001806735992432,188.19747924804688,118.79460906982422,167.00433349609375,105.78450775146484,42.041954040527344,33.2744026184082,24.665346145629883,327.08624267578125,144.9973602294922
2018-01-29,39.228092193603516,85.83602142333984,58.76481628417969,70.88400268554688,92.53105163574219,59.83721923828125,113.09300994873047,69.26961517333984,36.467838287353516,31.925439834594727,6.088627815246582,184.2156219482422,117.40279388427734,165.14273071289062,105.171630859375,41.9580078125,33.501129150390625,24.671659469604492,324.79901123046875,144.51771545410156
2018-01-30,38.996856689453125,84.7575912475586,58.31360626220703,71.89099884033203,91.66307830810547,59.00096893310547,112.1091079711914,69.34138488769531,36.24613571166992,31.395050048828125,5.986762046813965,185.34481811523438,116.18962860107422,162.63641357421875,103.82325744628906,40.959007263183594,33.03202438354492,23.900285720825195,321.8352355957031,140.21722412109375
2018-01-31,39.10429763793945,86.83219146728516,58.55381393432617,72.54450225830078,92.10902404785156,59.35450744628906,108.7717056274414,68.85490417480469,36.38374328613281,31.065752029418945,6.0627312660217285,185.11700439453125,116.82913208007812,161.90304565429688,102.46549224853516,40.41334533691406,32.47693634033203,23.41973876953125,337.7121276855469,139.1278533935547
2018-02-01,39.18603515625,86.14678955078125,58.52261734008789,69.5,93.06458282470703,60.55790710449219,110.21215057373047,68.46414947509766,36.276702880859375,30.751007080078125,5.932003498077393,191.25820922851562,118.23038482666016,161.09719848632812,104.18156433105469,40.001983642578125,32.60203170776367,23.502696990966797,340.1612548828125,139.74571228027344
2018-02-02,37.48576354980469,83.88023376464844,55.43252182006836,71.49749755859375,91.00215148925781,57.471195220947266,108.37028503417969,67.18815612792969,35.726253509521484,30.447938919067383,5.75984001159668,188.47483825683594,113.70691680908203,156.31825256347656,102.4937744140625,38.742733001708984,32.0000114440918,23.362306594848633,332.5088195800781,137.6970672607422
2018-02-05,36.54920196533203,80.42557525634766,52.618797302246094,69.5,86.63837432861328,54.20094299316406,102.6322021484375,64.64418029785156,34.31952667236328,29.168588638305664,5.270974636077881,179.54039001464844,109.34333801269531,147.5663299560547,98.7221450805664,37.374359130859375,30.319103240966797,22.12432098388672,313.4203186035156,133.20144653320312
2018-02-06,38.07666015625,83.46897888183594,53.710411071777344,72.14199829101562,89.274169921875,53.269466400146484,103.76567077636719,65.69686126708984,34.151336669921875,29.40464210510254,5.563998222351074,183.552001953125,112.82291412353516,153.95697021484375,100.10820770263672,37.95753860473633,31.405841827392578,22.513578414916992,324.8847961425781,134.28268432617188
2018-02-07,37.261539459228516,81.89700317382812,52.27308654785156,70.83899688720703,89.87935638427734,52.31084060668945,103.44295501708984,65.26620483398438,34.06723403930664,29.97291374206543,5.643421173095703,178.47067260742188,112.5219955444336,154.1584014892578,98.77872467041016,38.2026481628418,31.538753509521484,22.3221435546875,331.7558898925781,134.71356201171875
2018-02-08,36.236228942871094,77.69293212890625,49.91056823730469,67.5250015258789,85.9057846069336,51.71934127807617,99.46011352539062,63.974300384521484,32.951026916503906,29.14818000793457,5.3651957511901855,169.95225524902344,107.07689666748047,146.04318237304688,95.56342315673828,36.131935119628906,30.31129264831543,21.460651397705078,315.7144470214844,129.2342529296875
2018-02-09,36.67945098876953,80.5901107788086,51.82039260864258,66.9800033569336,87.62580108642578,52.04901123046875,101.95530700683594,63.73504638671875,32.97396469116211,28.95876121520996,5.724321365356445,174.4392547607422,109.39032745361328,148.38026428222656,97.2040786743164,37.14616012573242,30.905471801757812,21.798871994018555,318.7503662109375,130.72198486328125
2018-02-12,38.15685272216797,81.45832061767578,52.230987548828125,69.3115005493164,88.9795150756836,52.48858642578125,102.53775024414062,64.8595199584961,33.616172790527344,29.011220932006836,5.624427318572998,174.7364044189453,111.4122543334961,148.3319091796875,97.4869384765625,37.88993835449219,31.74203109741211,22.117937088012695,329.25628662109375,133.24212646484375
2018-02-13,38.53910446166992,82.09807586669922,52.210182189941406,70.72550201416016,89.52899932861328,52.40617752075195,102.29374694824219,64.99508666992188,33.784358978271484,29.42795753479004,5.737888813018799,171.5073699951172,111.2994155883789,148.05787658691406,98.17527770996094,37.577205657958984,32.23456954956055,22.296619415283203,328.64337158203125,132.02267456054688
2018-02-14,39.249664306640625,83.38359069824219,53.12942886352539,72.55249786376953,91.59938049316406,52.51605987548828,102.06547546386719,64.34114074707031,33.715545654296875,29.637779235839844,5.9546966552734375,177.8169403076172,113.6316909790039,148.83966064453125,98.62786102294922,38.35478591918945,32.90693664550781,22.45615005493164,330.26190185546875,130.0635223388672
2018-02-15,40.567596435546875,85.0822982788086,54.05364227294922,73.08799743652344,91.98160552978516,52.34436798095703,103.29337310791016,65.72077941894531,34.23542785644531,30.083656311035156,6.079996585845947,178.25271606445312,115.19548797607422,149.30697631835938,99.17475128173828,38.811180114746094,34.4627685546875,22.787986755371094,341.3807067871094,130.70570373535156
2018-02-16,40.43628692626953,84.47625732421875,54.258689880371094,72.43450164794922,91.32066345214844,52.571014404296875,104.80461883544922,65.872314453125,34.388336181640625,30.535367965698242,6.014387130737305,175.67742919921875,114.7904281616211,150.6770477294922,100.44766998291016,38.50690841674805,34.65822982788086,23.13896942138672,340.0207824707031,128.2749786376953
2018-02-20,40.300254821777344,85.13738250732422,54.65937805175781,73.4175033569336,91.34457397460938,52.02839660644531,103.010009765625,64.86747741699219,33.63145446777344,27.425870895385742,6.143633842468262,174.3402099609375,114.94111633300781,150.467529296875,99.92906188964844,39.14926528930664,34.4471321105957,22.979429244995117,338.40228271484375,127.76286315917969
2018-02-21,40.117347717285156,84.00797271728516,55.16259002685547,74.14600372314453,91.7267837524414,51.43772506713867,102.25438690185547,63.990264892578125,33.1345100402832,26.67108917236328,5.956915855407715,176.2222137451172,113.45270538330078,147.52603149414062,99.05216979980469,38.828086853027344,33.86076354980469,22.819894790649414,337.4637756347656,128.96600341796875
2018-02-22,40.452693939208984,84.22835540771484,54.971900939941406,74.26699829101562,91.55955505371094,52.10395431518555,102.25438690185547,64.46873474121094,33.27212905883789,27.03536605834961,5.976414203643799,177.2919464111328,113.40559387207031,149.4681854248047,99.23130798339844,38.70977020263672,33.571495056152344,22.807130813598633,340.8636169433594,130.60816955566406
2018-02-23,41.15623092651367,86.36781311035156,55.87282943725586,75.0,93.41494750976562,53.25099563598633,103.91520690917969,64.63621520996094,33.66968536376953,27.070331573486328,6.069706439971924,181.55116271972656,115.80784606933594,151.78912353515625,101.1265640258789,40.34098434448242,34.40022659301758,23.13896942138672,341.572265625,132.55921936035156
2018-02-26,41.9699592590332,87.61654663085938,56.64597702026367,76.09750366210938,94.57756805419922,54.15074920654297,104.6202392578125,65.0987548828125,33.66203689575195,27.137365341186523,6.085749626159668,183.17559814453125,117.37166595458984,151.87779235839844,103.54039001464844,41.507347106933594,35.4635009765625,23.668617248535156,348.1037902832031,132.98196411132812
2018-02-27,41.83395004272461,86.49633026123047,55.348819732666016,75.5989990234375,93.45478057861328,53.23039245605469,104.3033676147461,64.2294921875,33.34858703613281,26.67108917236328,6.072916030883789,179.73851013183594,116.22234344482422,149.0733184814453,98.8824462890625,42.183494567871094,35.21332550048828,23.483556747436523,349.2147216796875,130.60816955566406
2018-02-28,41.77062225341797,86.10151672363281,54.675724029541016,75.62249755859375,91.97366333007812,52.02153778076172,102.88540649414062,62.618560791015625,33.04277038574219,26.231037139892578,5.972712516784668,176.62832641601562,115.81726837158203,146.8893585205078,97.27007293701172,41.659481048583984,35.010047912597656,23.170869827270508,346.887451171875,129.0456085205078
2018-03-01,41.038963317871094,85.25675964355469,53.06554412841797,74.67250061035156,90.32528686523438,51.65064239501953,100.82577514648438,62.76213455200195,33.20332717895508,25.960010528564453,5.731088161468506,174.27088928222656,113.4244155883789,144.7698516845703,96.71376037597656,40.4339485168457,34.24385452270508,22.736934661865234,334.89715576171875,127.3766860961914
2018-03-02,41.32271957397461,85.44037628173828,53.696048736572266,75.01249694824219,90.23770904541016,51.89104080200195,102.04572296142578,63.40011215209961,33.42502975463867,25.869670867919922,5.837955474853516,174.94444274902344,113.77295684814453,143.8188934326172,97.10978698730469,41.3974723815918,34.4471321105957,22.94113540649414,330.0895080566406,121.29826354980469
2018-03-05,41.46576690673828,85.98213958740234,54.22203826904297,76.18049621582031,91.62326049804688,52.38556671142578,102.8140869140625,64.03013610839844,33.55500411987305,26.222293853759766,5.815991401672363,178.68856811523438,114.81867980957031,146.4622344970703,97.50581359863281,42.04826354980469,34.806766510009766,23.049623489379883,337.8276672363281,123.55622100830078
2018-03-06,41.43059158325195,85.68831634521484,54.52614212036133,76.88200378417969,91.70289611816406,52.32375717163086,101.5704116821289,63.81480026245117,33.58557891845703,25.954181671142578,5.97666072845459,178.07443237304688,114.04618835449219,146.38160705566406,98.94844055175781,42.859657287597656,34.626956939697266,22.89647102355957,334.15972900390625,123.69530487060547
2018-03-07,41.04599380493164,86.18415832519531,55.226478576660156,77.25,91.36048126220703,51.005008697509766,102.21996307373047,63.12895584106445,33.5014762878418,25.569507598876953,5.9687628746032715,181.96719360351562,114.7904281616211,144.73638916015625,97.67552185058594,43.37522506713867,34.55659484863281,22.92837905883789,332.3592224121094,124.66065979003906
2018-03-08,41.49391555786133,86.70752716064453,55.93672561645508,77.59300231933594,91.36843872070312,50.90886306762695,104.61227416992188,63.774940490722656,33.9831428527832,25.774721145629883,5.952473163604736,180.61016845703125,115.13897705078125,144.21762084960938,98.09040832519531,42.885013580322266,34.66604995727539,23.2921199798584,333.9777526855469,126.34590911865234
2018-03-09,42.20681381225586,88.64497375488281,57.49488830566406,78.94450378417969,93.99626159667969,51.2110595703125,105.99066162109375,64.03013610839844,34.26600646972656,26.009244918823242,6.054898738861084,183.47274780273438,117.29632568359375,147.63787841796875,98.75045013427734,44.110530853271484,35.4713249206543,23.46441078186035,339.5228271484375,128.6365509033203
2018-03-12,42.61486053466797,88.85619354248047,57.74700164794922,79.91950225830078,93.69367218017578,51.678123474121094,105.06382751464844,63.687191009521484,34.044307708740234,25.81869125366211,6.1642327308654785,183.00718688964844,117.04193115234375,145.65223693847656,99.16532897949219,43.54425048828125,35.61204147338867,23.362306594848633,329.62982177734375,129.0456085205078
2018-03-13,42.2044792175293,86.6891860961914,56.45825958251953,79.40899658203125,92.57087707519531,51.190460205078125,106.42635345458984,63.57555389404297,34.07487869262695,25.886117935180664,6.113638401031494,180.15452575683594,116.06219482421875,144.5499267578125,97.80754852294922,43.763999938964844,35.307132720947266,23.451656341552734,324.34332275390625,129.43826293945312
2018-03-14,41.845680236816406,86.17497253417969,56.90302276611328,79.55000305175781,91.5356674194336,50.551692962646484,104.81827545166016,63.00136184692383,33.76637649536133,25.701433181762695,6.139058589935303,182.442626953125,115.4781265258789,143.78810119628906,97.96781921386719,43.83161926269531,35.40096664428711,23.196395874023438,316.2890625,129.4546661376953
2018-03-15,41.894920349121094,86.47801208496094,56.98822021484375,79.11599731445312,91.7666244506836,51.114906311035156,105.40445709228516,62.73820877075195,33.68152618408203,25.654525756835938,6.153866767883301,182.11575317382812,116.26004028320312,144.322998046875,97.34552001953125,43.00333023071289,35.440040588378906,23.343168258666992,316.02093505859375,132.21160888671875
2018-03-16,41.7471923828125,86.86363220214844,56.18634796142578,78.58399963378906,91.92586517333984,51.595706939697266,105.89562225341797,62.977447509765625,33.51955032348633,26.14117431640625,6.182002067565918,183.3340606689453,117.31514739990234,145.04437255859375,96.99662780761719,43.248435974121094,35.18986129760742,23.470796585083008,316.4901428222656,132.82516479492188
2018-03-19,41.10931396484375,85.2934799194336,54.485042572021484,77.24649810791016,91.20123291015625,50.92947006225586,103.17061614990234,62.730220794677734,33.36530685424805,25.636934280395508,5.948032379150391,170.9229278564453,116.07162475585938,143.53684997558594,95.68600463867188,42.96107864379883,34.61131286621094,23.18363380432129,317.72564697265625,130.0845947265625
2018-03-20,41.095245361328125,85.51384735107422,54.27355194091797,79.32550048828125,91.28883361816406,50.81956100463867,103.93897247314453,62.45109176635742,33.288185119628906,25.78350830078125,6.159792900085449,166.55479431152344,117.67311096191406,144.3959197998047,95.56342315673828,43.56962203979492,34.68949508666992,23.18363380432129,323.3472595214844,130.3872833251953
2018-03-21,40.16425704956055,84.91699981689453,54.18439865112305,79.09300231933594,91.36843872070312,51.54074478149414,103.92313385009766,61.43830490112305,33.16477966308594,25.85093879699707,6.134616374969482,167.7830352783203,116.08104705810547,144.282470703125,96.006591796875,43.57806396484375,34.64258575439453,23.145347595214844,322.8396911621094,129.79824829101562
2018-03-22,39.596736907958984,82.44699096679688,52.16114807128906,77.24600219726562,87.55412292480469,50.48299789428711,100.90499114990234,60.93588638305664,32.979671478271484,25.546052932739258,5.969008922576904,163.32571411132812,113.03816986083984,142.0698699951172,94.85623931884766,42.96107864379883,33.67313003540039,22.71778678894043,306.0895690917969,128.472900390625
2018-03-23,38.6798095703125,80.05043029785156,50.843685150146484,74.77799987792969,85.21298217773438,50.06402587890625,99.098876953125,60.537139892578125,32.64802551269531,25.04181671142578,5.7498459815979,157.87789916992188,110.221435546875,139.2412567138672,92.91386413574219,41.71864700317383,33.164939880371094,22.009450912475586,307.4207763671875,126.78765106201172
2018-03-26,40.516014099121094,86.11067962646484,52.20770263671875,77.79299926757812,87.8408203125,50.82643127441406,100.91292572021484,60.93588638305664,32.925682067871094,25.65159034729004,6.033918380737305,158.54153442382812,113.65052032470703,142.9532928466797,94.90339660644531,44.35564422607422,34.4471321105957,22.36043357849121,315.0536804199219,129.26649475097656
2018-03-27,39.477134704589844,82.15316009521484,49.8724365234375,74.85250091552734,86.1366958618164,50.62038040161133,100.77033233642578,62.03641891479492,33.079925537109375,25.226511001586914,5.565976142883301,150.77590942382812,110.59822845458984,141.57550048828125,93.6870346069336,43.26534652709961,33.36820983886719,22.34128761291504,307.5357360839844,128.8329315185547
2018-03-28,39.040958404541016,82.07970428466797,49.78525161743164,71.57099914550781,86.0013427734375,50.00908279418945,100.96044921875,62.87377166748047,33.41159439086914,25.730743408203125,5.463056564331055,151.57823181152344,110.21197509765625,141.64024353027344,92.91386413574219,41.921478271484375,32.57077407836914,22.52635383605957,306.4822082519531,129.59375
2018-03-29,39.3458137512207,83.80596923828125,51.36819839477539,72.36699676513672,87.57005310058594,51.24540710449219,101.51496887207031,63.22467041015625,33.496429443359375,26.082542419433594,5.715787410736084,158.27410888671875,112.68962860107422,144.4607696533203,94.70537567138672,44.017555236816406,33.53239059448242,22.647592544555664,314.0097351074219,127.93302917480469
2018-04-02,39.08784866333008,81.2808609008789,50.15424346923828,68.59950256347656,85.88187408447266,50.29069137573242,98.67111206054688,61.72539520263672,32.91026306152344,25.079925537109375,5.455652713775635,153.91583251953125,111.53086853027344,140.13279724121094,93.0270004272461,41.34675216674805,32.06257247924805,22.366811752319336,308.79986572265625,129.0292205810547
2018-04-03,39.4888801574707,82.3735580444336,50.45389175415039,69.60250091552734,87.0604248046875,51.52701187133789,101.67338562011719,62.57072067260742,33.45785903930664,25.446378707885742,5.561779499053955,154.62901306152344,112.29393005371094,140.82980346679688,93.74361419677734,42.04826354980469,32.35184860229492,22.76883888244629,316.82537841796875,131.2217559814453
2018-04-04,40.243988037109375,84.77926635742188,51.00019836425781,70.52850341796875,88.38228607177734,51.423988342285156,103.30524444580078,63.0412483215332,34.12114715576172,25.569507598876953,5.583744049072266,153.62860107421875,112.86860656738281,143.8124237060547,95.18626403808594,42.2511100769043,32.47006607055664,23.056007385253906,313.58837890625,132.3097686767578
2018-04-05,40.523048400878906,84.82518768310547,51.14531326293945,72.5875015258789,89.54279327392578,52.2138557434082,103.54290008544922,62.84184646606445,34.24455261230469,25.742467880249023,5.4637980461120605,157.828369140625,114.16864013671875,145.1820831298828,96.28004455566406,42.58073806762695,32.95869445800781,22.800750732421875,322.1693420410156,134.1259002685547
2018-04-06,39.48652648925781,82.85102081298828,50.02151107788086,70.2614974975586,87.30982971191406,51.423988342285156,101.47535705566406,62.54679489135742,33.87434005737305,25.41413116455078,5.28782320022583,155.7086639404297,110.88084411621094,141.3890380859375,94.62051391601562,41.236881256103516,32.09965515136719,22.443391799926758,312.3241882324219,131.91709899902344
2018-04-09,39.87814712524414,83.34685516357422,50.52373504638672,70.30400085449219,88.35829162597656,51.423988342285156,102.56853485107422,62.331459045410156,33.804931640625,25.293935775756836,5.316454887390137,156.4317626953125,111.90771484375,139.8166961669922,94.00762176513672,41.87921905517578,32.4464111328125,22.62844467163086,308.83819580078125,131.9007568359375
2018-04-10,40.62857437133789,85.2843017578125,51.33649826049805,71.81099700927734,90.04701232910156,52.93503952026367,103.17849731445312,62.49895477294922,33.92833709716797,25.343767166137695,5.624962329864502,163.47430419921875,113.72586822509766,140.61097717285156,95.582275390625,43.33296585083008,33.502479553222656,22.94113540649414,320.6657409667969,133.16064453125
2018-04-11,40.438621520996094,84.34771728515625,50.769893646240234,71.35250091552734,88.53435516357422,53.18230056762695,102.6873779296875,62.419189453125,33.92833709716797,25.18546485900879,5.583744049072266,164.74215698242188,112.8403549194336,140.1003875732422,95.0448226928711,43.18926239013672,33.4394416809082,22.83903694152832,313.5116882324219,133.6269073486328
2018-04-12,40.83729553222656,85.92704772949219,51.37561798095703,72.42500305175781,90.73531341552734,53.03806686401367,103.32107543945312,62.03641891479492,33.95918655395508,25.044748306274414,5.790074348449707,162.3153839111328,114.05561065673828,140.5056610107422,94.65821838378906,44.55848693847656,34.156612396240234,23.1772518157959,323.20367431640625,132.2198028564453
2018-04-13,40.97565841674805,85.46794891357422,51.31371307373047,71.53949737548828,88.27825927734375,53.46391296386719,103.47158813476562,62.49895477294922,34.329402923583984,25.217710494995117,5.713564872741699,162.95919799804688,113.75414276123047,140.05177307128906,94.62051391601562,43.83161926269531,33.88865661621094,23.1772518157959,315.35052490234375,132.3097686767578
2018-04-16,41.231266021728516,86.46879577636719,51.81197738647461,72.07499694824219,88.2061996459961,53.9447021484375,104.3746337890625,62.69034194946289,34.46052551269531,25.458101272583008,5.71331787109375,163.2662811279297,114.81867980957031,141.37283325195312,94.51679992675781,44.288021087646484,34.12509536743164,23.311260223388672,317.7351989746094,132.22793579101562
2018-04-17,41.798770904541016,88.21341705322266,53.45929718017578,75.19149780273438,88.2061996459961,53.800479888916016,103.4082260131836,62.54679489135742,34.614768981933594,25.768850326538086,5.862637519836426,167.05996704101562,116.62744140625,141.76187133789062,96.33660125732422,45.25154495239258,35.14175033569336,23.18363380432129,322.47576904296875,132.98065185546875
2018-04-18,41.70497131347656,88.55315399169922,53.26266860961914,76.39199829101562,87.493896484375,54.411746978759766,101.17435455322266,62.36337661743164,34.329402923583984,25.67211151123047,5.833759307861328,164.7817840576172,117.26801300048828,145.76565551757812,95.43140411376953,45.310707092285156,35.173282623291016,23.285737991333008,326.57470703125,132.375244140625
2018-04-19,40.523048400878906,88.25013732910156,53.95903778076172,77.84549713134766,89.41474914550781,54.54913330078125,101.03968811035156,60.32466506958008,34.175140380859375,25.76592254638672,5.652852535247803,166.50527954101562,116.77816772460938,143.52064514160156,95.12968444824219,44.13589859008789,35.11811447143555,23.311260223388672,326.2299499511719,130.50999450683594
2018-04-20,38.862728118896484,87.23091125488281,53.35825729370117,76.37449645996094,89.21465301513672,54.26064682006836,100.33466339111328,59.39908218383789,33.735530853271484,25.499147415161133,5.644705295562744,164.70252990722656,117.0042724609375,143.46385192871094,94.51679992675781,43.552711486816406,34.7476921081543,23.375078201293945,324.34332275390625,129.8882293701172
2018-04-23,38.750160217285156,87.55227661132812,53.184410095214844,75.89299774169922,88.782470703125,54.65214920043945,100.46931457519531,58.75516128540039,33.92062759399414,25.24117088317871,5.525498390197754,164.26670837402344,117.24919891357422,143.99072265625,94.43194580078125,43.18926239013672,34.87379837036133,23.483556747436523,324.506103515625,130.06825256347656
2018-04-24,38.21079635620117,85.50466918945312,50.650028228759766,73.00450134277344,88.36627960205078,53.81419372558594,99.96234893798828,58.35273361206055,33.2187614440918,25.36722183227539,5.459356307983398,158.175048828125,114.2440185546875,142.8560333251953,93.78133392333984,43.48509979248047,34.47185134887695,23.649473190307617,315.1397705078125,128.70196533203125
2018-04-25,38.37728500366211,84.76090240478516,50.667362213134766,73.00849914550781,88.0301284790039,54.604061126708984,100.41387939453125,58.1917610168457,32.72515106201172,25.554847717285156,5.347304344177246,158.175048828125,114.1875,143.77186584472656,95.37483978271484,43.425933837890625,34.448219299316406,23.406986236572266,328.3560791015625,127.57302856445312
2018-04-26,38.51097106933594,86.55145263671875,51.67378616333008,75.89800262451172,88.11817169189453,55.538177490234375,101.40404510498047,58.553958892822266,32.97195816040039,25.780580520629883,5.55856990814209,172.50779724121094,119.7174072265625,150.5232391357422,94.13963317871094,44.83740234375,34.84226608276367,23.51546859741211,328.2890625,129.99456787109375
2018-04-27,38.06539535522461,87.98384857177734,51.08637619018555,78.63099670410156,87.55792236328125,53.429561614990234,101.61003875732422,58.602237701416016,33.403873443603516,25.590028762817383,5.585966110229492,171.9431610107422,118.70941162109375,151.12301635742188,93.56446838378906,44.56693649291992,35.236324310302734,23.611183166503906,326.4598083496094,129.5037384033203
2018-04-30,38.75485610961914,85.87195587158203,50.448951721191406,78.30650329589844,87.06170654296875,53.402095794677734,100.20000457763672,58.22394561767578,33.326751708984375,25.933027267456055,5.550673484802246,170.36827087402344,119.52899169921875,149.777587890625,94.6016616821289,43.62877655029297,34.90532302856445,23.362306594848633,319.4494323730469,136.98110961914062
2018-05-01,39.65536880493164,87.23091125488281,51.54698944091797,79.11299896240234,87.06170654296875,52.85262680053711,99.81975555419922,57.9181022644043,32.84855270385742,25.625207901000977,5.605957508087158,172.21063232421875,120.12247467041016,149.6398468017578,94.3470687866211,45.07405090332031,35.33090591430664,22.59015655517578,315.59954833984375,133.70872497558594
2018-05-02,41.40715026855469,85.86277770996094,50.81892776489258,78.48400115966797,86.37342834472656,52.74958801269531,97.83145141601562,57.09714889526367,32.43978500366211,25.311525344848633,5.58547306060791,174.39964294433594,119.05797576904297,150.67726135253906,93.93220520019531,44.21195602416992,34.56642150878906,22.264713287353516,310.4758605957031,131.4508056640625
2018-05-03,41.482177734375,86.37699127197266,50.831302642822266,78.60399627685547,85.82918548583984,52.571014404296875,97.4591293334961,57.4351806640625,32.30866622924805,25.279273986816406,5.750339031219482,172.3690948486328,119.81160736083984,148.47267150878906,93.12129211425781,44.18659973144531,35.023536682128906,22.1817569732666,316.70086669921875,130.95989990234375
2018-05-04,43.10966873168945,87.37785339355469,52.05466079711914,79.04750061035156,86.78156280517578,52.81829071044922,98.37803649902344,58.296390533447266,32.67116165161133,25.660381317138672,5.900149822235107,174.93450927734375,120.73485565185547,149.9639892578125,95.37483978271484,44.86664962768555,35.7013053894043,22.232805252075195,320.28265380859375,135.0094757080078
2018-05-07,43.42156982421875,88.35115051269531,52.47367858886719,80.00700378417969,87.53392791748047,53.395225524902344,97.90274047851562,57.934200286865234,32.50148010253906,25.05647850036621,6.13757848739624,176.28163146972656,121.77107238769531,148.77259826660156,96.62889862060547,45.33419418334961,36.040191650390625,22.290231704711914,326.02880859375,134.98492431640625
2018-05-08,43.63027572631836,87.97467041015625,52.43058776855469,79.61949920654297,88.83047485351562,53.635616302490234,97.12640380859375,57.499576568603516,32.24696731567383,25.13562774658203,6.180027961730957,177.22262573242188,122.37399291992188,149.9720916748047,95.9782943725586,45.58921432495117,36.0244255065918,22.3221435546875,324.0559997558594,134.7967987060547
2018-05-09,43.93748092651367,89.01228332519531,53.93427658081055,80.4000015258789,90.76732635498047,54.89942169189453,97.83936309814453,58.248104095458984,32.223819732666016,24.34994888305664,6.312811851501465,180.9271240234375,123.25956726074219,151.0419158935547,94.2622299194336,46.19276428222656,36.284507751464844,22.443391799926758,329.92669677734375,134.3632049560547
2018-05-10,44.56597137451172,89.90294647216797,54.75249481201172,80.4540023803711,91.47164916992188,56.12885284423828,99.29690551757812,58.87590789794922,32.53233337402344,24.394201278686523,6.420171737670898,183.76991271972656,123.4102554321289,151.69032287597656,95.87458801269531,46.7368049621582,36.48943328857422,22.578710556030273,331.1586608886719,135.0421905517578
2018-05-11,44.39646911621094,89.7101058959961,54.64897537231445,80.14550018310547,91.1274642944336,56.39250946044922,100.7940902709961,59.0529899597168,32.50148010253906,24.597759246826172,6.28195858001709,185.216064453125,124.18279266357422,154.24337768554688,96.24231719970703,46.47328186035156,36.197811126708984,22.875118255615234,329.6090087890625,135.3040008544922
2018-05-14,44.29288101196289,90.01313018798828,54.8084602355957,80.0770034790039,91.15947723388672,56.774112701416016,99.8593521118164,58.98053741455078,32.42436599731445,24.89571189880371,6.3024444580078125,184.86935424804688,123.60814666748047,154.86740112304688,96.59119415283203,46.668800354003906,36.01655578613281,23.107093811035156,331.65911865234375,134.75582885742188
2018-05-15,43.890342712402344,89.36119842529297,53.73219680786133,78.80599975585938,90.46319580078125,56.746360778808594,99.1226577758789,58.714927673339844,32.17755889892578,24.93406867980957,6.060575485229492,182.57139587402344,123.5044937133789,152.35488891601562,97.04377746582031,45.835731506347656,35.843170166015625,22.997547149658203,329.2817687988281,133.39781188964844
2018-05-16,44.299949645996094,89.59172821044922,53.69356918334961,79.36399841308594,90.71128845214844,56.90593338012695,99.29690551757812,59.18174362182617,32.046424865722656,25.40903091430664,6.071681022644043,181.46200561523438,123.30667114257812,151.0581512451172,99.04273986816406,46.447792053222656,35.590965270996094,22.991104125976562,328.1749267578125,133.24244689941406
2018-05-17,44.019805908203125,88.69722747802734,53.55339813232422,79.08799743652344,90.40717315673828,56.808799743652344,98.10870361328125,59.52783966064453,32.62488555908203,24.92521858215332,6.113638401031494,182.01669311523438,122.5989761352539,150.20712280273438,98.3827133178711,46.5922966003418,34.251190185546875,23.010438919067383,331.22601318359375,131.9661865234375
2018-05-18,43.859737396240234,88.86318969726562,52.97787857055664,78.71849822998047,88.94253540039062,56.40639114379883,98.41763305664062,59.11735153198242,32.53233337402344,24.67445945739746,6.069953918457031,180.94692993164062,122.5989761352539,151.90101623535156,97.9961166381836,45.47871398925781,34.05417251586914,22.96533203125,338.0499267578125,131.69619750976562
2018-05-21,44.17048263549805,90.00675964355469,53.689605712890625,79.27300262451172,89.7588882446289,57.086326599121094,98.00569915771484,59.60832595825195,32.70972442626953,24.931129455566406,6.027994632720947,182.73976135253906,123.28778839111328,153.82186889648438,98.11868286132812,46.17576217651367,34.479732513427734,23.06842803955078,350.26373291015625,132.10523986816406
2018-05-22,44.05982208251953,89.91449737548828,53.25870895385742,79.06999969482422,90.4471664428711,56.64228057861328,97.36405944824219,59.58417892456055,32.586326599121094,24.594812393188477,5.989986896514893,182.0563201904297,123.33500671386719,151.4552764892578,98.12812042236328,46.28628158569336,34.40092086791992,23.016878128051758,341.6977233886719,130.4445343017578
2018-05-23,44.34233474731445,90.9842529296875,53.786190032958984,80.09300231933594,90.03101348876953,56.99612808227539,97.79182434082031,59.70490264892578,32.702022552490234,24.488609313964844,6.113219738006592,185.12689208984375,124.43896484375,151.29319763183594,97.01548767089844,46.93232727050781,34.42456817626953,23.177974700927734,345.73046875,132.2198028564453
2018-05-24,44.29288101196289,90.6614761352539,53.76092529296875,80.15350341796875,89.02257537841797,55.6917610168457,96.84123992919922,59.37490463256836,32.64030838012695,24.441410064697266,6.116925239562988,184.1660919189453,124.44834899902344,151.68218994140625,96.28004455566406,46.541290283203125,34.337886810302734,23.126420974731445,345.52838134765625,132.84971618652344
2018-05-25,44.394107818603516,90.70759582519531,53.69307327270508,80.50749969482422,88.56637573242188,54.60942840576172,96.93699645996094,59.809532165527344,32.702022552490234,24.32635498046875,6.156191349029541,183.16566467285156,123.87279510498047,151.4390411376953,96.36488342285156,47.127830505371094,34.09355926513672,22.991104125976562,346.5775146484375,133.52053833007812
2018-05-29,44.23402786254883,90.38482666015625,52.900115966796875,80.64350128173828,84.78070831298828,54.40822219848633,95.28509521484375,59.60027313232422,32.91796875,24.30865478515625,6.139151096343994,183.97793579101562,122.37251281738281,149.93966674804688,93.99820709228516,47.02582550048828,33.86501693725586,23.00399398803711,339.2530517578125,131.40170288085938
2018-05-30,44.1398811340332,91.25167846679688,53.365684509277344,81.24449920654297,86.71755981445312,56.545143127441406,96.5379867553711,60.276363372802734,33.26504135131836,24.816068649291992,6.247812747955322,185.88961791992188,123.26892852783203,152.4824981689453,94.27164459228516,47.33186721801758,33.770442962646484,23.229520797729492,344.7487487792969,132.38343811035156
2018-05-31,43.99155044555664,91.1502456665039,54.4815673828125,81.48100280761719,85.64510345458984,56.364749908447266,95.46064758300781,58.89200210571289,33.16477966308594,24.34994888305664,6.228055953979492,189.96060180664062,123.34442901611328,152.04241943359375,93.79075622558594,46.923824310302734,33.66010284423828,23.15220069885254,338.9450378417969,130.90267944335938
2018-06-01,44.78489303588867,92.94853973388672,56.21507263183594,82.0770034790039,86.75760650634766,56.774112701416016,96.76941680908203,59.11735153198242,33.25732421875,24.482707977294922,6.362154960632324,192.149658203125,123.46708679199219,152.69447326660156,93.6870346069336,48.52195739746094,34.40879821777344,23.358396530151367,343.33392333984375,131.03433227539062
2018-06-04,45.15921401977539,93.76007080078125,57.108577728271484,83.26349639892578,86.79759979248047,56.17742919921875,97.32005310058594,59.70490264892578,33.54270553588867,25.19957733154297,6.540706157684326,191.44638061523438,125.56181335449219,155.9626922607422,94.51679992675781,48.30943298339844,34.34576416015625,23.487268447875977,347.1934814453125,131.9070587158203
2018-06-05,45.50761413574219,94.2396011352539,57.00852584838867,84.81749725341797,86.30938720703125,55.9762077331543,96.94498443603516,59.53587341308594,33.249610900878906,24.963573455810547,6.546140670776367,191.109619140625,126.02416229248047,156.43539428710938,94.23394012451172,48.054412841796875,34.41669845581055,23.480819702148438,346.58709716796875,131.2978515625
2018-06-06,45.66535186767578,94.51631164550781,56.80693817138672,84.7874984741211,88.32626342773438,56.933685302734375,97.99041748046875,59.84172439575195,33.51955032348633,24.94586944580078,6.548114776611328,189.52481079101562,128.59066772460938,157.78016662597656,96.09144592285156,48.47944641113281,34.88166809082031,23.442163467407227,357.6170654296875,133.6853790283203
2018-06-07,45.54293441772461,93.03153991699219,56.18634796142578,84.46499633789062,88.67843627929688,57.502593994140625,98.42134094238281,60.97659683227539,33.50413513183594,25.060922622680664,6.492551326751709,186.39476013183594,126.28839874267578,159.8829803466797,96.61946868896484,47.50187301635742,34.40092086791992,23.51304817199707,354.70074462890625,139.5306854248047
2018-06-08,45.12860870361328,93.72319030761719,56.10165023803711,84.19950103759766,88.92652893066406,58.00215530395508,99.00389862060547,62.11949157714844,33.897483825683594,24.886869430541992,6.477237224578857,187.30604553222656,127.13756561279297,161.64340209960938,98.04326629638672,46.79631423950195,34.26694869995117,23.629024505615234,355.63433837890625,139.0614013671875
2018-06-11,45.01797103881836,93.18832397460938,56.507293701171875,84.45600128173828,88.70243072509766,57.65522766113281,97.88667297363281,62.40119552612305,34.03632736206055,24.869169235229492,6.4362406730651855,189.722900390625,126.35443878173828,162.71107482910156,98.39214324951172,46.34576416015625,34.432456970214844,23.390609741210938,357.0202941894531,137.06912231445312
2018-06-12,45.26514434814453,93.42811584472656,56.86836624145508,84.9375,88.19020080566406,57.1834602355957,97.79090118408203,62.16780471801758,34.25227737426758,24.810163497924805,6.484646797180176,190.57472229003906,127.25080108642578,164.0721435546875,98.3732681274414,46.60079574584961,34.62947082519531,23.390609741210938,356.71234130859375,137.2666778564453
2018-06-13,44.893192291259766,93.0038833618164,56.67222213745117,85.24299621582031,88.01412200927734,56.55208969116211,97.86272430419922,61.54804229736328,34.07488250732422,24.807214736938477,6.480201244354248,190.5846710205078,126.8167724609375,163.2571258544922,100.24022674560547,46.7793083190918,34.68464279174805,23.339059829711914,350.1963806152344,137.14321899414062
2018-06-14,44.91673278808594,93.52953338623047,57.458740234375,86.19300079345703,86.46145629882812,56.81572723388672,97.68714141845703,61.16168975830078,33.91146469116211,24.718713760375977,6.591580390930176,194.94288635253906,127.38294219970703,162.7355194091797,102.5409164428711,47.21284103393555,35.220558166503906,23.300403594970703,348.820068359375,137.53013610839844
2018-06-15,44.455326080322266,92.33988189697266,57.41714096069336,85.79850006103516,86.357421875,55.96235656738281,97.8467788696289,62.280460357666016,34.331661224365234,24.69215965270996,6.550832748413086,193.99200439453125,127.477294921875,163.44456481933594,102.63520050048828,46.84732437133789,34.87379837036133,23.429283142089844,344.4504089355469,137.04444885253906
2018-06-18,44.431785583496094,93.01309204101562,58.62118148803711,86.18949890136719,86.5815200805664,56.073360443115234,96.81729888916016,61.040977478027344,33.88813018798828,24.485660552978516,6.546634197235107,196.4286651611328,128.5152130126953,163.5668487548828,100.9474105834961,45.24067687988281,34.84226608276367,23.300403594970703,341.4281921386719,136.89622497558594
2018-06-19,43.713775634765625,93.01309204101562,58.37898254394531,86.73899841308594,86.07727813720703,55.990089416503906,97.81484985351562,61.435367584228516,33.927032470703125,24.66561508178711,6.425128936767578,195.616455078125,127.48676300048828,162.36065673828125,100.0422134399414,44.994163513183594,34.5349006652832,23.339059829711914,328.3193359375,135.81771850585938
2018-06-20,43.90446090698242,93.94451904296875,58.64544677734375,87.50399780273438,86.06929016113281,55.81665802001953,97.3918685913086,61.049034118652344,33.66246795654297,24.66561508178711,6.477978706359863,200.08364868164062,127.85469818115234,162.2546844482422,101.03227233886719,45.444705963134766,34.47185134887695,23.493709564208984,329.8304138183594,133.8335723876953
2018-06-21,43.659629821777344,93.27131652832031,57.92084503173828,86.51100158691406,86.04527282714844,55.28936004638672,96.92103576660156,61.523902893066406,33.530181884765625,24.84261703491211,6.349559307098389,199.58840942382812,126.93942260742188,163.2571258544922,99.84420776367188,44.365116119384766,34.014766693115234,23.390609741210938,324.9891662597656,132.1623077392578
2018-06-22,43.532501220703125,92.5981216430664,57.91341781616211,85.78350067138672,84.63665771484375,56.4619026184082,98.03030395507812,62.32071304321289,33.65468215942383,25.0225772857666,6.197433948516846,199.82614135742188,127.6943130493164,160.8935546875,100.26852416992188,44.628639221191406,34.046287536621094,23.525928497314453,326.1922912597656,135.471923828125
2018-06-25,42.8851318359375,90.73528289794922,56.42705154418945,83.15750122070312,83.86833953857422,55.32403564453125,97.8307876586914,62.61048889160156,33.91146469116211,25.50933837890625,5.905282497406006,194.48727416992188,123.54255676269531,160.05413818359375,98.4864273071289,43.107025146484375,33.329097747802734,23.442163467407227,318.7715759277344,131.56956481933594
2018-06-26,43.41716003417969,91.37157440185547,56.097198486328125,84.55449676513672,83.92435455322266,55.948482513427734,97.6392822265625,62.77949142456055,33.71692657470703,25.36478042602539,5.976157188415527,197.1121063232422,125.07113647460938,160.03775024414062,98.30728149414062,42.222938537597656,33.53401565551758,23.442163467407227,318.8678283691406,132.47515869140625
2018-06-27,43.353607177734375,89.95138549804688,55.320587158203125,83.02549743652344,82.62779235839844,56.69084930419922,97.04874420166016,62.529991149902344,33.514617919921875,25.633235931396484,5.821314811706543,193.98211669921875,123.62748718261719,158.94569396972656,98.0244140625,41.44937515258789,33.360626220703125,23.332622528076172,317.4433898925781,129.60186767578125
2018-06-28,43.669044494628906,90.95658111572266,55.807945251464844,85.07250213623047,83.98038482666016,56.87123107910156,97.35997009277344,62.81973648071289,33.82586669921875,25.329381942749023,5.9482526779174805,194.36842346191406,125.25042724609375,159.10049438476562,98.78814697265625,41.865909576416016,33.841373443603516,23.429283142089844,322.0921325683594,128.6962890625
2018-06-29,43.57725143432617,90.93816375732422,55.927310943603516,84.98999786376953,83.39612579345703,57.398536682128906,96.83325958251953,62.827789306640625,34.129356384277344,25.26742935180664,5.850455284118652,192.4765167236328,124.9767837524414,159.0108642578125,98.82586669921875,42.25693893432617,33.912296295166016,23.377729415893555,322.91986083984375,129.00088500976562
2018-07-02,44.064537048339844,92.22921752929688,56.56722640991211,85.68900299072266,84.10041809082031,56.72552490234375,97.0247802734375,62.884124755859375,34.04375076293945,24.780670166015625,5.982333183288574,195.4876708984375,125.02399444580078,158.13063049316406,99.31619262695312,42.67347717285156,33.738922119140625,23.409948348999023,323.46844482421875,129.1490936279297
2018-07-03,43.297096252441406,91.34393310546875,55.287899017333984,84.697998046875,82.9239501953125,57.058555603027344,97.92656707763672,62.699005126953125,34.230506896972656,24.910470962524414,5.848976135253906,190.90158081054688,124.033203125,157.80462646484375,98.09983825683594,42.052921295166016,33.62858200073242,23.42283058166504,320.4366760253906,128.82798767089844
2018-07-05,43.6455078125,91.9986801147461,56.526607513427734,84.98650360107422,83.46306610107422,57.10713577270508,99.75405883789062,63.75337600708008,34.751861572265625,24.948820114135742,5.994434833526611,196.5673370361328,125.7694320678711,158.44851684570312,99.32560729980469,43.14101028442383,33.803321838378906,23.757902145385742,320.6772766113281,129.51953125
2018-07-06,44.250518798828125,93.28976440429688,57.209617614746094,85.53150177001953,83.73666381835938,57.121002197265625,100.35261535644531,63.833866119384766,34.73630905151367,24.931129455566406,6.108034133911133,201.30198669433594,126.52422332763672,158.50555419921875,99.59175109863281,43.668067932128906,33.92245101928711,23.912555694580078,322.0824890136719,131.24842834472656
2018-07-09,44.86494445800781,93.92606353759766,57.813865661621094,86.95099639892578,86.32776641845703,57.516475677490234,100.59199523925781,62.66682052612305,34.54954147338867,25.35003662109375,6.15545129776001,202.79769897460938,127.87358856201172,159.8096160888672,100.77034759521484,44.08460235595703,33.89068603515625,23.944772720336914,329.08929443359375,131.67652893066406
2018-07-10,44.81079864501953,94.1750717163086,57.80693054199219,87.15350341796875,85.79670715332031,58.04378128051758,101.65337371826172,64.24433898925781,34.99309158325195,25.727638244628906,6.2542338371276855,201.60903930664062,128.9775848388672,161.05654907226562,100.77984619140625,44.33960723876953,34.041595458984375,24.118749618530273,334.1326904296875,132.2363739013672
2018-07-11,44.229331970214844,94.04598236083984,58.02089309692383,87.75,85.61157989501953,57.30139923095703,100.7436294555664,63.71315383911133,34.85302734375,25.52703857421875,6.112974643707275,200.6185302734375,130.35520935058594,160.5186309814453,102.69033813476562,43.5235481262207,33.8112678527832,23.976991653442383,327.81884765625,130.58982849121094
2018-07-12,44.97087860107422,96.08403778076172,59.49684143066406,89.83100128173828,85.98177337646484,57.370792388916016,101.95662689208984,63.495811462402344,34.75965118408203,25.524085998535156,6.204347133636475,204.95700073242188,132.0064697265625,161.3336639404297,102.88992309570312,44.501121520996094,34.61346435546875,24.17674446105957,333.0450744628906,131.00148010253906
2018-07-13,45.04150390625,97.22754669189453,59.653358459472656,90.65149688720703,85.58747863769531,57.80094528198242,100.49625396728516,63.833866119384766,34.81411361694336,25.872196197509766,6.1571807861328125,205.35321044921875,131.5535430908203,161.9368133544922,104.55329132080078,44.390625,33.18380355834961,24.183195114135742,337.6264953613281,130.499267578125
2018-07-16,44.94263458251953,96.74803924560547,59.2615852355957,91.12449645996094,88.9832763671875,57.23200607299805,99.50667572021484,64.01094055175781,34.806339263916016,25.854496002197266,6.129520893096924,205.2640380859375,130.64768981933594,162.09165954589844,104.74337005615234,44.212100982666016,33.75566482543945,24.08654022216797,342.73724365234375,130.72158813476562
2018-07-17,45.06975555419922,97.70709228515625,60.082275390625,92.19650268554688,88.91891479492188,57.10713577270508,103.03397369384766,64.41336059570312,35.21097183227539,26.016748428344727,6.265100479125977,207.99786376953125,131.76107788085938,163.9010467529297,104.83843231201172,43.9910888671875,33.62858963012695,24.260515213012695,343.4879455566406,131.52012634277344
2018-07-18,44.82257080078125,96.94168090820312,60.073856353759766,92.14600372314453,89.74774169921875,57.04469680786133,101.98857879638672,64.16387176513672,35.10980987548828,25.98134422302246,6.215956687927246,207.37380981445312,132.94998168945312,163.7950439453125,105.2091064453125,43.965579986572266,33.525325775146484,24.266958236694336,346.71221923828125,130.0218048095703
2018-07-19,45.17098617553711,96.2776870727539,59.389869689941406,90.64849853515625,88.42804718017578,56.89899444580078,100.50421142578125,63.94215393066406,35.102020263671875,25.878103256225586,6.2241058349609375,206.11590576171875,132.22348022460938,165.14797973632812,106.57781982421875,44.18660354614258,33.67624282836914,24.073638916015625,341.99609375,129.59364318847656
2018-07-20,45.06739807128906,98.00223541259766,59.329444885253906,90.68499755859375,89.54658508300781,56.475772857666016,100.43238830566406,63.90152359008789,35.23431396484375,25.9783935546875,6.195951461791992,207.94834899902344,133.03492736816406,165.0012664794922,105.95999145507812,44.127105712890625,33.366477966308594,24.054309844970703,341.58221435546875,130.05467224121094
2018-07-23,45.1074333190918,99.5699234008789,59.979251861572266,90.0999984741211,91.21228790283203,56.475772857666016,101.05484771728516,63.76347732543945,34.97751998901367,25.851543426513672,6.159401893615723,208.90914916992188,132.1291046142578,164.8219757080078,105.58930969238281,44.46712112426758,33.40618896484375,23.976991653442383,340.0133972167969,130.6968994140625
2018-07-24,45.43464279174805,99.28406524658203,62.31453323364258,91.46199798583984,91.8560562133789,57.59280014038086,103.23348236083984,64.15328979492188,35.218746185302734,25.948902130126953,6.142114162445068,212.63345336914062,132.1291046142578,164.62637329101562,105.21862030029297,44.35660171508789,33.66828918457031,24.29273223876953,344.8257751464844,130.0299835205078
2018-07-25,45.863094329833984,102.20746612548828,63.195655822753906,93.18049621582031,92.68489837646484,57.99519348144531,102.6429214477539,64.54315185546875,35.8646125793457,25.931194305419922,6.220154762268066,215.4365997314453,134.59185791015625,163.8195037841797,105.67485046386719,44.56913375854492,34.279869079589844,24.479595184326172,342.5639953613281,130.8121795654297
2018-07-26,45.7194938659668,101.0915756225586,63.66913986206055,90.4000015258789,92.41934204101562,58.446170806884766,103.9676742553711,65.04672241210938,35.9813346862793,26.028549194335938,6.2935004234313965,174.58786010742188,134.4597625732422,162.51541137695312,107.88948059082031,44.33960723876953,34.57374572753906,24.589143753051758,345.8363952636719,128.54803466796875
2018-07-27,44.959110260009766,99.3025131225586,62.054012298583984,90.8635025024414,93.3688735961914,56.83653259277344,104.9811782836914,65.44464874267578,35.957984924316406,25.99905014038086,6.22385835647583,173.23085021972656,132.77072143554688,160.6735076904297,107.0435562133789,40.531307220458984,33.8112678527832,24.750240325927734,347.116455078125,129.65130615234375
2018-07-30,44.70722198486328,97.17222595214844,60.92228317260742,88.96099853515625,93.9321517944336,56.711669921875,105.4759521484375,65.13602447509766,35.973541259765625,26.220306396484375,6.0290069580078125,169.4371795654297,128.7794189453125,160.78758239746094,107.05305480957031,40.5398063659668,33.493560791015625,24.86621856689453,337.8863525390625,130.6062774658203
2018-07-31,44.796669006347656,97.82698822021484,60.78261184692383,88.87200164794922,92.4997787475586,56.55208969116211,105.75528717041016,65.68832397460938,36.28480529785156,26.32356071472168,6.0470356941223145,170.9427490234375,129.02474975585938,160.98318481445312,107.9369888305664,40.888328552246094,33.5888671875,25.729673385620117,342.9297180175781,129.70066833496094
2018-08-01,47.43564987182617,98.01142883300781,61.06839370727539,89.8584976196289,93.0711441040039,55.7750244140625,105.85101318359375,65.50150299072266,36.098052978515625,26.03150177001953,6.086796283721924,170.02159118652344,130.44952392578125,159.9889373779297,107.37622833251953,41.491886138916016,33.247352600097656,25.948762893676758,339.5225524902344,129.19027709960938
2018-08-02,48.822235107421875,99.20105743408203,61.47154998779297,91.71649932861328,93.46544647216797,55.44200134277344,104.74176788330078,66.59794616699219,35.934635162353516,26.18490219116211,6.189285755157471,174.69680786132812,131.0817413330078,159.46730041503906,107.1671142578125,42.06142807006836,33.779502868652344,25.766801834106445,336.6062316894531,127.94709014892578
2018-08-03,48.963478088378906,99.6344985961914,61.324459075927734,91.16449737548828,94.22185516357422,55.643192291259766,105.30038452148438,66.86595916748047,36.27702713012695,26.43271255493164,6.225833415985107,176.09344482421875,131.9309539794922,159.4510040283203,108.44075775146484,42.18893051147461,34.01776123046875,26.345172882080078,335.3646240234375,128.6056671142578
2018-08-06,49.21772003173828,99.71749877929688,61.30018615722656,92.38749694824219,94.24598693847656,55.62932586669922,105.35623168945312,67.02027130126953,36.30037307739258,26.45336151123047,6.273497104644775,183.92840576171875,131.8271484375,159.49166870117188,110.19915771484375,42.16328048706055,34.39106369018555,26.670103073120117,333.5648193359375,129.0255889892578
2018-08-07,48.756324768066406,100.40913391113281,62.20012664794922,93.1240005493164,94.5920181274414,56.385562896728516,104.90937042236328,67.11773681640625,36.183650970458984,26.482864379882812,6.34561014175415,182.0662384033203,132.36502075195312,160.60015869140625,110.78844451904297,42.5053825378418,34.61346435546875,26.54013442993164,337.5975646972656,128.4657440185547
2018-08-08,48.78927993774414,100.97168731689453,62.472042083740234,94.32599639892578,94.78512573242188,56.01091384887695,104.67791748046875,66.88219451904297,35.91130447387695,26.56546401977539,6.381911277770996,183.42323303222656,132.74244689941406,161.3907470703125,108.33621215820312,42.72773742675781,34.81996536254883,26.91054344177246,334.7294006347656,130.8367919921875
2018-08-09,49.17300033569336,101.13770294189453,62.62705993652344,94.9260025024414,94.05286407470703,55.7264518737793,104.70187377929688,66.11062622070312,36.06692886352539,26.411170959472656,6.333507061004639,181.35304260253906,132.11024475097656,161.4396209716797,108.5073013305664,42.88167953491211,34.772300720214844,26.644105911254883,332.4564514160156,131.14962768554688
2018-08-10,49.02653884887695,100.51980590820312,62.035194396972656,94.31500244140625,93.12747955322266,55.67038345336914,104.34274291992188,66.13500213623047,35.856834411621094,26.75833511352539,6.292265892028809,178.54986572265625,131.84603881835938,159.9889373779297,107.10057830810547,41.77842712402344,34.772300720214844,26.598617553710938,328.2876281738281,130.63922119140625
2018-08-13,49.343082427978516,99.791259765625,61.8435173034668,94.80999755859375,91.64682006835938,55.067543029785156,103.91979217529297,66.20809936523438,35.662288665771484,26.59810447692871,6.3251118659973145,178.3418731689453,132.29898071289062,158.2284393310547,106.56830596923828,41.43633270263672,34.748477935791016,26.52063751220703,327.2720642089844,130.19461059570312
2018-08-14,49.55098342895508,101.0362548828125,62.31403732299805,95.98249816894531,92.25839233398438,54.892295837402344,103.34519958496094,66.03752136230469,35.70897674560547,26.957130432128906,6.456244945526123,179.391845703125,132.8179473876953,157.3808135986328,107.1671142578125,41.15409469604492,34.94704055786133,26.455652236938477,328.0264892578125,132.21994018554688
2018-08-15,49.666725158691406,99.66613006591797,61.03025817871094,94.13099670410156,91.4939193725586,53.9320068359375,104.08735656738281,66.84160614013672,35.856834411621094,26.77020263671875,6.398212432861328,177.82681274414062,132.0253143310547,158.10618591308594,107.26214599609375,40.589637756347656,34.83583068847656,26.748088836669922,320.88836669921875,131.6271514892578
2018-08-16,50.394344329833984,99.64759826660156,60.626102447509766,94.32599639892578,92.35494995117188,54.675018310546875,105.72334289550781,67.97048950195312,35.96577453613281,29.26859474182129,6.357710361480713,173.0426483154297,132.9136199951172,159.24725341796875,106.91049194335938,40.341617584228516,35.86837387084961,26.917051315307617,334.64239501953125,133.15029907226562
2018-08-17,51.40073013305664,99.59208679199219,60.2194709777832,94.11100006103516,92.35494995117188,54.85727310180664,107.31143951416016,67.97048950195312,36.261474609375,29.034183502197266,6.046048164367676,172.15121459960938,133.55618286132812,159.38577270507812,106.91049194335938,40.28175354003906,36.432281494140625,27.352453231811523,335.0486145019531,132.67271423339844
2018-08-20,50.899906158447266,98.93479919433594,60.5215950012207,93.83550262451172,92.2342529296875,55.2427978515625,109.23466491699219,67.9299087524414,36.36261749267578,28.485248565673828,6.120628833770752,170.863525390625,133.1876983642578,161.31739807128906,106.44474029541016,39.768611907958984,36.710289001464844,27.50841522216797,339.2463684082031,133.1090545654297
2018-08-21,50.800682067871094,98.11087036132812,60.29672622680664,94.1709976196289,92.79754638671875,55.25682830810547,108.01371002197266,68.14105987548828,35.96577453613281,28.50899314880371,6.25596284866333,170.9823760986328,132.337158203125,163.19192504882812,106.82493591308594,40.72647476196289,36.36080551147461,27.397939682006836,342.17706298828125,132.58216857910156
2018-08-22,50.803043365478516,99.1106948852539,60.511688232421875,95.24500274658203,92.51590728759766,56.04888916015625,107.42316436767578,67.72685241699219,35.7401008605957,28.387332916259766,6.490573883056641,171.99270629882812,133.3766632080078,162.16502380371094,106.39722442626953,40.23899459838867,36.5275993347168,27.33945083618164,338.5596008300781,132.17877197265625
2018-08-23,50.906982421875,99.57356262207031,60.48246765136719,95.1449966430664,92.32279205322266,55.43205642700195,107.8221664428711,67.60502624511719,35.56113815307617,28.241945266723633,6.589850902557373,171.25973510742188,134.28382873535156,163.13490295410156,106.4542465209961,40.17913055419922,36.551429748535156,27.423933029174805,336.09326171875,130.94381713867188
2018-08-24,51.065269470214844,100.35118865966797,61.25461959838867,95.26950073242188,92.28253173828125,55.810585021972656,108.49252319335938,67.70248413085938,35.50666427612305,28.1737003326416,6.722715377807617,172.9931182861328,136.26834106445312,164.0640106201172,106.3877182006836,40.76068878173828,36.789703369140625,27.55390167236328,337.9309387207031,131.21554565429688
2018-08-27,51.48576736450195,101.46210479736328,62.2214241027832,96.38400268554688,93.91607666015625,56.35731506347656,108.38810729980469,67.76747131347656,35.55335235595703,28.052032470703125,6.813595771789551,175.7764892578125,137.40240478515625,164.61825561523438,106.76791381835938,41.35079574584961,37.004146575927734,27.021024703979492,342.1480712890625,132.12112426757812
2018-08-28,51.901554107666016,102.0730972290039,61.70582962036133,96.64099884033203,93.45738983154297,56.273216247558594,107.90608978271484,67.7999496459961,35.30434799194336,28.50602149963379,6.776058673858643,174.58786010742188,137.21336364746094,164.6100616455078,107.00553894042969,41.53894805908203,37.290077209472656,26.969039916992188,339.7009582519531,133.07615661621094
2018-08-29,52.676414489746094,103.70240783691406,62.636470794677734,99.90499877929688,93.1516342163086,56.67976379394531,108.33988189697266,67.80807495117188,35.27322006225586,28.378433227539062,6.881320476531982,174.2312469482422,138.9426727294922,165.21627807617188,106.8819580078125,41.692893981933594,37.71103286743164,26.969039916992188,338.71441650390625,134.28636169433594
2018-08-30,53.160709381103516,103.63761901855469,62.13078689575195,100.11900329589844,92.69291687011719,56.43444061279297,108.41218566894531,67.74308776855469,34.97751998901367,28.514921188354492,6.864517688751221,175.95477294921875,138.6686248779297,163.2338104248047,106.3781967163086,41.25672912597656,37.44893264770508,26.969039916992188,335.5321960449219,134.03118896484375
2018-08-31,53.7749137878418,103.98936462402344,61.00945281982422,100.635498046875,92.20207977294922,56.19609832763672,108.20328521728516,67.36949920654297,34.68183898925781,28.443706512451172,6.9354352951049805,174.0628662109375,138.81036376953125,164.47080993652344,106.47325134277344,41.41922378540039,37.94136047363281,26.982027053833008,331.55694580078125,134.39561462402344
2018-09-04,53.94737243652344,103.41542053222656,59.99460983276367,101.97550201416016,92.6607666015625,56.28022766113281,107.42405700683594,67.16645050048828,34.829681396484375,28.295351028442383,7.010056018829346,169.53623962402344,139.67025756835938,168.00155639648438,105.3611831665039,41.017269134521484,37.909603118896484,26.884544372558594,334.9035339355469,133.9731903076172
2018-09-05,53.59537124633789,100.43450164794922,59.389869689941406,99.74099731445312,92.21012115478516,57.030242919921875,109.14321899414062,67.64566040039062,35.3121223449707,28.669221878051758,6.879589080810547,165.59396362304688,134.82249450683594,167.2396697998047,104.42971801757812,40.81200408935547,37.54423522949219,27.19648551940918,335.31939697265625,135.2323760986328
2018-09-06,52.70475769042969,100.66593933105469,58.64148712158203,97.91549682617188,91.81581115722656,56.39936828613281,109.9546127319336,67.12583923339844,35.615596771240234,28.618778228759766,6.738746166229248,160.9881134033203,136.5518798828125,168.6650848388672,104.80039978027344,40.41859817504883,37.55217742919922,27.150991439819336,339.759033203125,135.64663696289062
2018-09-07,52.27952194213867,100.17530059814453,58.32450485229492,97.60350036621094,91.99285125732422,57.359703063964844,110.31615447998047,66.52483367919922,35.576690673828125,28.434803009033203,6.717496871948242,161.49327087402344,135.3233642578125,168.94361877441406,105.47525024414062,39.72584533691406,37.369503021240234,27.423933029174805,337.8341979980469,135.77914428710938
2018-09-10,51.577903747558594,101.25841522216797,58.19919204711914,96.95050048828125,91.5019760131836,57.27558517456055,110.2277603149414,66.90657806396484,35.84126281738281,28.752300262451172,6.7884135246276855,162.62242126464844,136.15499877929688,172.59727478027344,105.19960021972656,39.597564697265625,37.3853874206543,27.33295249938965,330.6573486328125,136.74839782714844
2018-09-11,52.881935119628906,102.98033905029297,58.938655853271484,99.35749816894531,92.08135223388672,58.081695556640625,111.2721176147461,66.6060562133789,35.81013870239258,28.675151824951172,6.740725517272949,164.36575317382812,137.4873504638672,175.18597412109375,104.17308807373047,38.42588424682617,37.353614807128906,27.49541664123535,333.9363098144531,136.3756103515625
2018-09-12,52.22520446777344,103.41542053222656,58.027828216552734,99.5,90.9950180053711,58.27094650268555,111.95496368408203,67.49945068359375,35.9813346862793,28.476348876953125,6.627060413360596,160.46311950683594,138.50802612304688,173.65402221679688,104.04002380371094,38.42588424682617,37.24242401123047,27.560405731201172,341.8288879394531,136.47506713867188
2018-09-13,53.48671340942383,104.52633666992188,58.54985427856445,99.49349975585938,91.34909057617188,57.70317840576172,112.3807144165039,67.77558135986328,35.96563720703125,28.224136352539062,6.704649448394775,159.82920837402344,139.5096435546875,171.5814971923828,105.19010162353516,38.973243713378906,37.52040481567383,27.846342086791992,343.8117370605469,134.5364990234375
2018-09-14,52.879581451416016,104.9521713256836,58.34381866455078,98.5094985961914,91.33300018310547,58.12374496459961,112.0594253540039,67.90552520751953,36.0911979675293,28.066877365112305,6.830419540405273,160.78012084960938,139.70811462402344,171.27017211914062,103.84992980957031,38.94758224487305,37.64748764038086,27.917821884155273,348.0094909667969,133.24417114257812
2018-09-17,51.47160720825195,103.8134536743164,57.44487380981445,95.40149688720703,91.6065902709961,58.46721649169922,112.43699645996094,68.4253158569336,36.35016632080078,28.13511848449707,6.768645286560059,159.05657958984375,138.13943481445312,170.72128295898438,103.94497680664062,38.84495162963867,37.41716384887695,27.950319290161133,344.29534912109375,131.0074005126953
2018-09-18,51.55664825439453,104.80404663085938,57.805442810058594,97.05249786376953,91.97676086425781,58.62141036987305,112.90291595458984,68.2222671508789,36.04411697387695,28.31612205505371,6.696740627288818,158.77928161621094,139.5096435546875,172.86758422851562,104.1065444946289,39.42652130126953,37.69514465332031,28.275249481201172,351.66558837890625,130.70086669921875
2018-09-19,51.58734893798828,103.4061508178711,58.16006851196289,96.32099914550781,94.64836883544922,59.32240295410156,112.83867645263672,68.2222671508789,36.06764221191406,28.259746551513672,6.720461368560791,161.51309204101562,139.31126403808594,173.40826416015625,104.35368347167969,39.46928405761719,37.55217742919922,28.11278533935547,353.2519226074219,131.86895751953125
2018-09-20,51.97950744628906,105.13733673095703,59.01691818237305,97.21499633789062,95.46107482910156,59.45555877685547,114.05970764160156,69.32682037353516,36.60128402709961,28.41107177734375,6.579619407653809,164.44497680664062,141.03115844726562,172.90032958984375,106.09305572509766,40.367279052734375,37.909603118896484,28.431209564208984,355.41845703125,133.2027130126953
2018-09-21,51.41961669921875,105.77607727050781,58.05358123779297,95.75050354003906,94.83341979980469,59.7009162902832,114.78277587890625,69.70040893554688,36.554203033447266,28.455577850341797,6.509690284729004,161.38430786132812,141.7965850830078,173.98989868164062,104.93348693847656,39.90544509887695,38.568817138671875,28.632665634155273,360.03216552734375,136.93890380859375
2018-09-24,52.15904998779297,106.15563201904297,58.42207336425781,96.71800231933594,93.92412567138672,60.70327377319336,112.8466567993164,68.44155883789062,36.15397644042969,28.164794921875,6.565288066864014,163.8407745361328,140.9082794189453,170.38543701171875,107.18611907958984,40.1192626953125,38.473506927490234,28.548185348510742,355.9311218261719,135.29037475585938
2018-09-25,52.489784240722656,105.95196533203125,59.13182830810547,98.72750091552734,93.65857696533203,60.63318634033203,111.37655639648438,67.50756072998047,35.84791946411133,28.21820068359375,6.632248401641846,163.34555053710938,141.35238647460938,169.9512481689453,108.00352478027344,39.26403045654297,38.49734115600586,28.45720863342285,355.196044921875,137.8584747314453
2018-09-26,52.071632385253906,105.5168685913086,59.140235900878906,98.74250030517578,92.55613708496094,60.12849426269531,110.9909439086914,67.62126922607422,35.98133087158203,28.066877365112305,6.595432758331299,165.36618041992188,141.05947875976562,170.00038146972656,109.50530242919922,39.08442687988281,38.449676513671875,28.385725021362305,353.068115234375,137.3200225830078
2018-09-27,53.14180374145508,105.91494750976562,59.79896926879883,100.64900207519531,92.1537857055664,60.12149429321289,111.03913879394531,67.29638671875,36.106895446777344,27.93037986755371,6.60729455947876,167.23822021484375,141.76820373535156,169.4434051513672,110.2942123413086,39.238365173339844,38.38614273071289,28.528688430786133,355.35076904296875,137.9579620361328
2018-09-28,53.328433990478516,105.87793731689453,59.78510284423828,100.1500015258789,90.80191040039062,59.59575653076172,110.99897003173828,67.59688568115234,36.24814987182617,27.865102767944336,6.943835735321045,162.89981079101562,141.83436584472656,169.6973114013672,111.14965057373047,40.444252014160156,38.64030456542969,28.63916778564453,359.7129821777344,138.5874786376953
2018-10-01,53.6875,107.02582550048828,59.85691833496094,100.21800231933594,91.33300018310547,60.149513244628906,112.2200927734375,67.95426940917969,36.279537200927734,28.010499954223633,7.149911880493164,160.89898681640625,142.49588012695312,170.06597900390625,110.48429870605469,39.72584533691406,38.815040588378906,28.76913833618164,369.7624816894531,138.07388305664062
2018-10-02,54.16470718383789,106.59999084472656,59.81283950805664,98.56549835205078,91.71119689941406,60.605159759521484,112.85472106933594,68.51466369628906,36.49927520751953,28.233043670654297,7.07874870300293,157.8184814453125,141.43746948242188,167.73121643066406,111.83399200439453,41.13699722290039,38.92623519897461,28.736642837524414,373.70880126953125,136.8395538330078
2018-10-03,54.82383346557617,106.61852264404297,60.00550842285156,97.63800048828125,92.57221984863281,60.38784408569336,111.6898422241211,67.4344711303711,35.99702453613281,27.91258430480957,7.084926605224609,160.8890380859375,141.15394592285156,166.90380859375,111.12113952636719,41.701454162597656,39.029483795166016,29.120059967041016,379.4444580078125,136.40875244140625
2018-10-04,53.859962463378906,104.41522979736328,58.298744201660156,95.47100067138672,93.40684509277344,59.98829650878906,111.94695281982422,66.532958984375,35.98133087158203,27.954120635986328,6.901088237762451,157.343017578125,138.6875457763672,162.8979034423828,110.37974548339844,41.16265106201172,38.68565368652344,29.048568725585938,377.21014404296875,137.35317993164062
2018-10-05,52.98588180541992,103.80424499511719,57.841094970703125,94.48249816894531,92.8801498413086,59.820072174072266,111.74607849121094,66.71977233886719,36.0048713684082,27.687068939208984,6.668078422546387,155.8374481201172,137.36456298828125,160.87452697753906,109.09659576416016,40.221893310546875,38.48575210571289,29.185041427612305,373.8055114746094,137.99105834960938
2018-10-08,52.863040924072266,102.61927032470703,57.25121307373047,93.22100067138672,93.44737243652344,60.37382888793945,111.97903442382812,66.92281341552734,36.475738525390625,28.096546173095703,6.567016124725342,155.7582244873047,134.08541870117188,162.53749084472656,110.27519989013672,40.221893310546875,37.99798583984375,29.425495147705078,373.12847900390625,138.98513793945312
2018-10-09,53.59537124633789,103.9245834350586,56.718780517578125,93.51599884033203,92.7990951538086,60.64018249511719,111.82640838623047,66.76036071777344,36.40509796142578,28.805713653564453,6.561335563659668,156.40200805664062,134.4822998046875,160.3583984375,111.10211181640625,39.811370849609375,37.97399139404297,29.548961639404297,372.80926513671875,140.6916961669922
2018-10-10,51.11251449584961,98.27752685546875,54.093265533447266,87.76249694824219,90.32759094238281,59.24528121948242,110.64546966552734,66.14311218261719,35.84791946411133,28.414039611816406,6.070853233337402,149.9438934326172,128.06576538085938,158.67906188964844,107.27165985107422,38.314720153808594,36.48668670654297,28.925098419189453,355.42816162109375,139.4822235107422
2018-10-11,50.66128921508789,98.04611206054688,54.02293014526367,85.96800231933594,87.62110900878906,57.19847106933594,107.52046203613281,64.05586242675781,35.031776428222656,27.868074417114258,5.809921741485596,151.89517211914062,126.374267578125,155.43505859375,105.6463394165039,37.82721710205078,35.279266357421875,27.82034683227539,346.3748474121094,135.00869750976562
2018-10-12,52.47087860107422,101.434326171875,55.49888610839844,89.43049621582031,86.66492462158203,57.04425811767578,107.54452514648438,64.21015167236328,35.06315994262695,28.13215446472168,6.091854572296143,152.281494140625,132.35609436035156,157.67144775390625,107.03404235839844,38.38313293457031,36.550662994384766,28.450700759887695,348.309326171875,135.71282958984375
2018-10-15,51.348751068115234,99.61058044433594,54.602420806884766,88.04750061035156,86.17060089111328,56.65171432495117,107.60882568359375,65.07917785644531,35.243648529052734,27.838397979736328,5.816099166870117,152.06358337402344,129.68173217773438,156.60646057128906,107.82295227050781,38.08379364013672,35.71906280517578,28.021804809570312,347.1196594238281,135.588623046875
2018-10-16,52.48032760620117,102.75814056396484,56.1199836730957,90.99800109863281,88.01818084716797,56.918087005615234,109.70557403564453,65.79389190673828,35.69881057739258,28.42887306213379,6.074310779571533,157.27369689941406,133.9436492919922,158.58071899414062,110.43678283691406,39.2896728515625,36.63862228393555,28.548185348510742,356.1825866699219,135.9199981689453
2018-10-17,52.253536224365234,102.48967742919922,55.84806823730469,91.58650207519531,88.99864959716797,57.128360748291016,112.03528594970703,66.48423767089844,35.98918151855469,28.651416778564453,6.0058674812316895,157.90762329101562,134.61459350585938,151.69125366210938,111.33023071289062,39.246917724609375,36.73457717895508,28.964096069335938,353.5227355957031,138.15673828125
2018-10-18,51.03218460083008,100.44376373291016,54.3780517578125,88.53600311279297,87.58869171142578,57.37371826171875,112.06743621826172,65.74436950683594,35.79298782348633,28.535694122314453,5.918642997741699,153.45030212402344,131.62838745117188,147.81643676757812,110.42727661132812,38.46010208129883,36.35075759887695,28.593679428100586,347.5742492675781,138.18984985351562
2018-10-19,51.80941390991211,100.59188079833984,54.73812484741211,88.20149993896484,87.44283294677734,57.45783615112305,111.70591735839844,71.5289535522461,36.35801315307617,28.826480865478516,5.662652969360352,152.5885467529297,132.375,147.33316040039062,113.01258850097656,37.63050842285156,36.25481033325195,28.918601989746094,344.58551025390625,138.7532196044922
2018-10-22,52.125980377197266,101.4898681640625,55.04471206665039,89.46499633789062,86.18682098388672,56.883033752441406,111.40866088867188,70.95540618896484,36.075496673583984,28.82351303100586,5.7133073806762695,153.31163024902344,132.9041748046875,146.43202209472656,112.41378021240234,38.49430465698242,36.59065246582031,28.834131240844727,344.3146667480469,138.04075622558594
2018-10-23,52.61734390258789,100.07347106933594,55.22004699707031,88.43499755859375,85.28734588623047,55.964786529541016,111.60952758789062,71.41422271728516,36.381553649902344,29.01934814453125,5.462259769439697,152.9253387451172,131.46775817871094,146.25177001953125,112.01457977294922,38.05812454223633,36.31877517700195,28.658666610717773,338.5790100097656,146.75579833984375
2018-10-24,50.812496185302734,94.72264862060547,52.35778045654297,83.20999908447266,83.69910430908203,54.40863800048828,110.43663024902344,73.29872131347656,36.67192077636719,28.948137283325195,4.927299499511719,144.654541015625,126.87507629394531,144.9738311767578,106.08354949951172,36.27923583984375,35.239288330078125,27.60589599609375,343.0282287597656,146.92149353027344
2018-10-25,51.92517852783203,100.25862121582031,54.65937805175781,89.1084976196289,84.9713134765625,54.892295837402344,111.23997497558594,72.92182922363281,36.49927520751953,29.428821563720703,5.13560152053833,149.51795959472656,132.79078674316406,146.69418334960938,108.5073013305664,37.89563751220703,36.35874557495117,28.210262298583984,351.849365234375,145.23153686523438
2018-10-26,51.09833908081055,99.01811218261719,53.67673110961914,82.1405029296875,83.80443572998047,54.3455696105957,110.03497314453125,71.98777770996094,36.03626251220703,29.357608795166016,4.899627208709717,143.9908905029297,130.1636962890625,141.09085083007812,107.58531951904297,39.075862884521484,35.38322067260742,27.68387794494629,347.4968566894531,143.59950256347656
2018-10-29,50.13921356201172,96.1390151977539,51.248836517333984,76.94400024414062,84.96321868896484,54.00909423828125,110.50090026855469,72.29914093017578,36.46003341674805,29.612791061401367,4.586558818817139,140.74200439453125,126.94124603271484,141.88548278808594,107.44275665283203,38.82784652709961,35.05537796020508,28.093284606933594,324.5928649902344,143.5083465576172
2018-10-30,50.389625549316406,96.02793884277344,51.980865478515625,76.52100372314453,86.46235656738281,55.22175598144531,113.07164001464844,73.0775146484375,37.37821578979492,30.390199661254883,5.016007900238037,144.8328399658203,125.45760345458984,144.37583923339844,109.07758331298828,40.84622573852539,35.647090911865234,27.872337341308594,338.44354248046875,147.86590576171875
2018-10-31,51.70310974121094,98.87923431396484,54.01500701904297,79.90049743652344,88.34230041503906,55.85264587402344,112.46107482910156,72.6596450805664,37.574405670166016,29.755226135253906,5.209481239318848,150.35000610351562,130.26760864257812,144.0808868408203,109.14411926269531,40.093589782714844,36.58264923095703,27.98281478881836,343.2313537597656,146.54864501953125
2018-11-01,52.49687576293945,98.0553207397461,53.787174224853516,83.27649688720703,88.30989074707031,56.54658126831055,113.12786102294922,73.4052505493164,37.464542388916016,29.844242095947266,5.389368057250977,150.3103790283203,133.083740234375,147.83287048339844,110.35122680664062,41.2396240234375,36.502689361572266,28.37921714782715,351.1723327636719,144.87525939941406
2018-11-02,49.01471710205078,98.27752685546875,53.06950759887695,83.27649688720703,87.82369995117188,57.44381332397461,113.01534271240234,73.58549499511719,37.66856002807617,30.069747924804688,5.310544013977051,148.9236602783203,132.09149169921875,147.398681640625,109.47679138183594,40.29030990600586,36.36676025390625,27.89832878112793,346.0267028808594,146.42440795898438
2018-11-05,47.62326431274414,99.52726745605469,52.28893280029297,81.38999938964844,88.39903259277344,57.22650909423828,114.23648834228516,74.7243881225586,38.210052490234375,30.535602569580078,5.2327094078063965,147.26950073242188,132.11038208007812,149.25009155273438,109.73340606689453,41.025814056396484,36.89450454711914,28.281740188598633,350.1180725097656,149.43988037109375
2018-11-06,48.13827133178711,99.72169494628906,52.97441101074219,82.1405029296875,88.8122787475586,57.471866607666016,114.53374481201172,74.97840881347656,38.539649963378906,30.660221099853516,5.215165615081787,148.5175323486328,133.0458984375,149.1026153564453,110.93103790283203,40.66436004638672,37.1823616027832,27.950319290161133,354.4609069824219,151.36190795898438
2018-11-07,49.59822463989258,103.6468505859375,54.889686584472656,87.77449798583984,90.33572387695312,58.200843811035156,116.28499603271484,74.7981185913086,38.74367904663086,30.953983306884766,5.282620906829834,150.0924530029297,136.8164825439453,153.3788604736328,111.25419616699219,41.929466247558594,38.30183792114258,28.853614807128906,359.82904052734375,152.6376495361328
2018-11-08,49.42516326904297,103.45246124267578,54.215599060058594,87.74549865722656,91.06501007080078,57.27558517456055,116.72686004638672,74.85549926757812,38.71229934692383,31.120136260986328,5.0898895263671875,146.46717834472656,137.24172973632812,154.00961303710938,110.25617980957031,42.16183853149414,38.73362350463867,28.716100692749023,360.2760314941406,153.65655517578125
2018-11-09,48.472171783447266,101.434326171875,53.34340286254883,85.62149810791016,90.1817626953125,57.26142120361328,116.75900268554688,75.71580505371094,38.98696517944336,31.3219051361084,5.081981182098389,143.58480834960938,136.01319885253906,152.36306762695312,112.15714263916016,41.40449142456055,37.670143127441406,28.9976863861084,358.8865051269531,154.0376739501953
2018-11-12,46.030433654785156,98.93479919433594,51.97343826293945,81.84249877929688,88.28556823730469,56.5250244140625,116.9839096069336,75.95342254638672,39.13606643676758,30.820449829101562,4.683419704437256,140.20713806152344,132.03477478027344,146.98904418945312,110.92152404785156,40.147979736328125,36.478694915771484,28.886356353759766,346.9249267578125,152.73704528808594
2018-11-13,45.5705451965332,98.9996109008789,51.90459060668945,81.55850219726562,88.80416870117188,55.22926712036133,116.2287826538086,76.58431243896484,39.128231048583984,30.54450225830078,4.924830436706543,140.8113555908203,132.03477478027344,146.63682556152344,111.0640869140625,40.78483200073242,36.07887649536133,28.499980926513672,339.61773681640625,152.4387969970703
2018-11-14,44.28327941894531,97.59564971923828,52.23196792602539,79.95050048828125,86.97283172607422,54.7973518371582,115.88337707519531,76.6006851196289,39.049747467041016,30.126123428344727,4.8724470138549805,142.85182189941406,131.8174285888672,147.37413024902344,111.32073974609375,40.52665328979492,35.44719696044922,28.100509643554688,334.96331787109375,152.3062744140625
2018-11-15,45.37613296508789,99.74337768554688,53.0477180480957,80.97200012207031,89.1931381225586,55.3637809753418,116.08418273925781,76.87931060791016,39.0340576171875,29.535648345947266,5.00093412399292,142.48532104492188,134.27882385253906,145.29331970214844,111.31121826171875,41.40449142456055,37.39826202392578,28.296974182128906,331.9024963378906,152.0659942626953
2018-11-16,45.878719329833984,100.68243408203125,52.910030364990234,79.67050170898438,89.1283187866211,55.90900802612305,117.28118133544922,76.87110137939453,39.37150573730469,28.98670768737793,4.062966823577881,138.206298828125,132.7073211669922,145.01478576660156,110.43678283691406,42.024131774902344,37.06241989135742,28.493440628051758,326.4415588378906,155.4045867919922
2018-11-19,44.060447692871094,97.27024841308594,50.886775970458984,75.614501953125,89.8089828491211,56.093101501464844,118.67903900146484,76.43682861328125,39.63832092285156,28.71668815612793,3.5754501819610596,130.302001953125,127.57620239257812,142.2049560546875,109.70490264892578,41.309818267822266,36.58264923095703,28.93219566345215,311.8563537597656,154.68386840820312
2018-11-20,41.955326080322266,94.56470489501953,51.03684997558594,74.77300262451172,87.88041687011719,54.49995040893555,117.65071105957031,75.46180725097656,38.75154495239258,27.939287185668945,3.683676242828369,131.1736602783203,126.26030731201172,138.48583984375,106.3306884765625,40.78483200073242,35.57512664794922,28.506534576416016,308.7080993652344,152.19027709960938
2018-11-21,41.90791320800781,95.86634826660156,51.67973709106445,75.83650207519531,87.22402954101562,54.91770935058594,114.06777954101562,74.89646911621094,38.2414436340332,27.942249298095703,3.5756962299346924,133.54100036621094,127.25438690185547,138.69064331054688,107.43324279785156,40.47501754760742,35.89497756958008,28.224939346313477,308.3388366699219,151.3701629638672
2018-11-23,40.84351348876953,95.82915496826172,51.01951599121094,75.10299682617188,86.42182159423828,53.45201873779297,114.26055145263672,75.00296783447266,38.46902084350586,28.21820068359375,3.5828633308410645,130.48031616210938,125.7869873046875,138.32192993164062,106.53028869628906,40.053306579589844,35.615108489990234,28.251134872436523,303.4803466796875,150.71568298339844
2018-11-26,41.39585876464844,98.99030303955078,52.29933547973633,79.06649780273438,88.53678131103516,54.50702667236328,114.29293823242188,75.3307113647461,38.35130310058594,28.233043670654297,3.781773567199707,135.08619689941406,128.69337463378906,139.11656188964844,106.97701263427734,40.83647537231445,36.43871307373047,28.382104873657227,307.4059753417969,152.33941650390625
2018-11-27,41.3057746887207,99.61325073242188,52.11806106567383,79.07099914550781,88.90950775146484,54.55659484863281,115.78861236572266,75.96981048583984,38.74367904663086,28.200407028198242,3.7985754013061523,133.71929931640625,128.6649627685547,141.90182495117188,108.26016998291016,41.37005615234375,36.87850570678711,28.860172271728516,309.02874755859375,152.95242309570312
2018-11-28,42.894100189208984,103.3136215209961,54.07493209838867,83.88749694824219,89.89813232421875,55.54789352416992,118.39183807373047,76.20743560791016,39.01050567626953,28.918466567993164,3.9552340507507324,135.4625701904297,133.84336853027344,146.2201385498047,110.35122680664062,42.049957275390625,37.8140754699707,29.40369987487793,324.0608825683594,155.61996459960938
2018-11-29,42.564579010009766,102.44895935058594,54.2131233215332,83.67849731445312,89.1850357055664,55.97981262207031,117.91484832763672,76.05175018310547,38.741580963134766,28.868019104003906,3.8921613693237305,137.36434936523438,131.6848907470703,144.76148986816406,110.83598327636719,41.051631927490234,37.854034423828125,29.803190231323242,332.8644714355469,156.7880859375
2018-11-30,42.33462905883789,103.09979248046875,54.95952224731445,84.50849914550781,90.10070037841797,56.29135513305664,118.76374053955078,77.43643951416016,39.86476135253906,28.97484588623047,4.04229736328125,139.2760467529297,134.15577697753906,148.60177612304688,109.77143859863281,42.43723678588867,38.2778434753418,30.274688720703125,336.9455871582031,157.12977600097656
2018-12-03,43.81390380859375,104.21549987792969,55.291866302490234,88.61799621582031,90.9515609741211,57.509239196777344,118.20588684082031,76.46142578125,39.30316162109375,29.301231384277344,4.205789566040039,139.75149536132812,137.27035522460938,149.77200317382812,110.00906372070312,43.1429443359375,38.9735221862793,30.117521286010742,349.7720031738281,154.5124969482422
2018-12-04,41.88658142089844,100.89627075195312,52.62275695800781,83.41999816894531,86.89181518554688,56.241817474365234,118.06036376953125,76.45321655273438,39.216163635253906,28.42887306213379,3.8859779834747314,136.6214599609375,131.24935913085938,144.46481323242188,107.28117370605469,41.094669342041016,37.862030029296875,29.560871124267578,332.80615234375,154.23741149902344
2018-12-06,41.4195671081543,101.51923370361328,53.395896911621094,84.95950317382812,85.23872375488281,55.50541687011719,117.96338653564453,76.64985656738281,39.05797576904297,28.273740768432617,3.9151642322540283,138.3053741455078,133.53094482421875,145.0087127685547,108.66886901855469,41.62825012207031,38.69364547729492,29.456090927124023,322.50616455078125,154.57919311523438
2018-12-07,39.94266891479492,97.45623016357422,51.83573913574219,81.45649719238281,83.69910430908203,54.9743766784668,117.57526397705078,75.74858856201172,38.828590393066406,27.80235481262207,3.6510040760040283,136.11631774902344,129.8009796142578,142.39625549316406,107.26083374023438,39.795127868652344,37.1343879699707,28.76194190979004,314.07183837890625,152.50367736816406
2018-12-10,40.205806732177734,100.03163146972656,52.16263961791992,82.05149841308594,82.1351547241211,54.19548416137695,117.4378662109375,76.22380828857422,38.94722366333008,28.02611541748047,3.7561233043670654,140.5043182373047,130.52992248535156,141.48980712890625,107.14588928222656,40.62992858886719,37.47023391723633,29.076269149780273,317.11328125,153.912353515625
2018-12-11,39.975860595703125,100.96138000488281,52.58214569091797,82.16200256347656,81.33293914794922,54.294639587402344,118.44033813476562,76.9448471069336,39.18452072143555,27.999265670776367,3.6653499603271484,140.7321014404297,129.51693725585938,141.91835021972656,107.25125122070312,40.7762451171875,37.654136657714844,28.82087516784668,312.91552734375,153.02883911132812
2018-12-12,40.08728790283203,101.41693115234375,53.18044662475586,83.177001953125,81.85963439941406,53.82728958129883,118.9254150390625,77.04314422607422,38.93141555786133,27.778491973876953,3.6829113960266113,143.129150390625,130.45419311523438,143.5665283203125,107.48113250732422,41.163516998291016,37.91801071166992,28.919103622436523,317.4436340332031,152.9371337890625
2018-12-13,40.52583312988281,101.76092529296875,53.171043395996094,82.91899871826172,81.94066619873047,54.50702667236328,119.52368927001953,79.05873107910156,39.129150390625,27.733741760253906,3.682663679122925,143.63430786132812,130.2080078125,143.28634643554688,108.61140441894531,41.55940628051758,37.95799255371094,29.187604904174805,316.2581787109375,155.39602661132812
2018-12-14,39.2291145324707,98.58119201660156,52.0898323059082,79.59549713134766,81.26811218261719,53.515743255615234,107.52606201171875,79.18162536621094,39.02633285522461,27.402587890625,3.622311592102051,142.69332885742188,127.8886489868164,141.98423767089844,107.47154235839844,41.189334869384766,36.63862228393555,28.6833553314209,309.7283935546875,152.7787628173828
2018-12-17,38.86404037475586,95.66178894042969,50.79911422729492,76.04550170898438,80.23090362548828,52.42532730102539,104.40536499023438,76.0107650756836,38.227455139160156,27.080381393432617,3.5513253211975098,138.86004638671875,124.39533233642578,138.42413330078125,105.95814514160156,40.51804733276367,35.34324645996094,28.231481552124023,307.1824951171875,150.69485473632812
2018-12-18,39.36897659301758,96.66593170166016,51.67873764038086,77.5739974975586,79.85002136230469,50.98087692260742,105.4402084350586,75.7813491821289,38.21954345703125,27.172863006591797,3.634432315826416,142.29713439941406,125.58817291259766,140.1300048828125,104.83745574951172,41.08605194091797,35.231292724609375,27.766525268554688,318.7748718261719,149.79473876953125
2018-12-19,38.1410026550293,96.40558624267578,51.28498840332031,74.75399780273438,78.83712768554688,50.117027282714844,103.1684341430664,75.18324279785156,37.88733673095703,27.014734268188477,3.4259231090545654,131.97596740722656,124.2628173828125,138.08624267578125,104.61714172363281,39.21851348876953,34.495643615722656,27.48493194580078,310.50567626953125,149.33621215820312
2018-12-20,37.178524017333984,94.3787612915039,50.69658660888672,73.04149627685547,78.15641784667969,48.594669342041016,103.70201873779297,74.54415130615234,37.60259246826172,26.039167404174805,3.341580390930176,132.1344451904297,121.89608764648438,135.28433227539062,102.49069213867188,39.19268798828125,33.97588348388672,27.471839904785156,304.189697265625,144.7684783935547
2018-12-21,35.7324333190918,91.32919311523438,49.09532165527344,68.87249755859375,76.30888366699219,48.23357391357422,103.55648803710938,74.53594207763672,37.62630844116211,25.994417190551758,3.204800605773926,123.76460266113281,117.63595581054688,132.2515869140625,99.8278579711914,38.59025573730469,33.46413040161133,27.458738327026367,295.9302673339844,145.16026306152344
2018-12-24,34.80788803100586,87.51719665527344,48.7694206237793,67.197998046875,74.66390228271484,46.38550567626953,99.31204223632812,71.57809448242188,36.35285949707031,25.603591918945312,3.14321231842041,122.88306427001953,115.24085235595703,130.3232879638672,96.12095642089844,37.514488220214844,32.20873260498047,26.55501937866211,285.8343505859375,141.9344482421875
2018-12-26,37.25912094116211,93.49547576904297,51.89864730834961,73.54499816894531,77.75938415527344,48.60175704956055,102.4407958984375,73.81493377685547,37.12801742553711,26.972972869873047,3.2921111583709717,132.90707397460938,123.28771209716797,138.67958068847656,101.3700180053711,39.75209045410156,33.95988464355469,27.629016876220703,305.0447692871094,145.06021118164062
2018-12-27,37.01731491088867,94.07192993164062,52.148765563964844,73.08200073242188,78.63452911376953,48.814178466796875,103.00674438476562,75.39625549316406,37.59468078613281,27.325014114379883,3.2443745136260986,133.2438507080078,124.97281646728516,140.36073303222656,102.03092193603516,39.89839553833008,34.311729431152344,28.06122398376465,308.1639709472656,146.4605255126953
2018-12-28,37.036285400390625,93.3374252319336,51.840702056884766,73.9010009765625,78.46435546875,48.26895523071289,102.89354705810547,74.70800018310547,37.333656311035156,27.48611831665039,3.305715799331665,131.93637084960938,123.95986938476562,140.27835083007812,102.778076171875,40.234046936035156,34.19977569580078,28.133258819580078,307.4254455566406,146.3355255126953
2018-12-31,37.394248962402344,94.43455505371094,51.755516052246094,75.09850311279297,79.10453033447266,48.283119201660156,104.33260345458984,75.31432342529297,37.452301025390625,27.79042625427246,3.3020057678222656,129.84637451171875,124.90655517578125,141.596923828125,105.02902221679688,40.38895034790039,34.6475715637207,28.58511734008789,313.3722229003906,148.0109405517578
2019-01-02,37.436920166015625,94.01617431640625,52.23693084716797,76.95649719238281,80.47398376464844,49.34523010253906,103.2816162109375,74.78995513916016,37.120094299316406,27.84710693359375,3.369281530380249,134.39283752441406,125.8343276977539,142.08314514160156,104.37769317626953,40.51804733276367,34.343719482421875,28.323171615600586,314.6451721191406,146.7523193359375
2019-01-03,33.70791244506836,90.5574951171875,50.79019546508789,75.01399993896484,79.3302993774414,48.58760070800781,101.64041137695312,74.26556396484375,36.890724182128906,27.70391082763672,3.165719985961914,130.49020385742188,121.2996826171875,138.95152282714844,101.84893798828125,38.28904342651367,33.094703674316406,27.530780792236328,302.1005554199219,145.78541564941406
2019-01-04,35.14688491821289,94.76924896240234,53.39540100097656,78.76950073242188,82.25485229492188,50.37899398803711,103.3462905883789,75.7813491821289,37.62630844116211,27.876949310302734,3.368540048599243,136.64129638671875,126.52539825439453,143.08026123046875,104.99070739746094,40.63853073120117,34.5854606628418,28.159448623657227,317.8226013183594,148.60275268554688
2019-01-07,35.06865692138672,94.89010620117188,53.28892135620117,81.47550201416016,82.31205749511719,50.640987396240234,102.683349609375,75.47820281982422,37.13591766357422,28.205116271972656,3.54687237739563,136.74034118652344,128.8069610595703,145.89869689941406,105.90067291259766,40.82787322998047,34.81914520263672,28.31007194519043,318.82342529296875,150.2198028564453
2019-01-08,35.73716735839844,95.57813262939453,53.75696563720703,82.8290023803711,82.15681457519531,51.00917434692383,105.06832885742188,75.75678253173828,37.55513000488281,28.402021408081055,3.4585728645324707,141.1778564453125,129.50747680664062,146.59921264648438,106.72441864013672,41.08605194091797,35.10117721557617,28.4410457611084,330.8919372558594,150.53656005859375
2019-01-09,36.34406280517578,96.94486236572266,53.572723388671875,82.97100067138672,82.0179443359375,51.27825164794922,104.23558044433594,74.51954650878906,36.835357666015625,28.30953598022461,3.5265910625457764,142.8617401123047,131.0316619873047,148.11553955078125,107.92174530029297,41.31842041015625,34.90777587890625,28.382104873657227,334.0984802246094,150.2781524658203
2019-01-10,36.46022415161133,96.3219223022461,53.43305206298828,82.81099700927734,82.009765625,51.01626205444336,104.86621856689453,74.6998062133789,37.230831146240234,28.330421447753906,3.5921363830566406,142.83200073242188,131.27781677246094,147.56341552734375,108.04627227783203,41.79176330566406,34.84331130981445,27.707592010498047,342.6299743652344,151.3283233642578
2019-01-11,36.10224914550781,95.57813262939453,52.72182083129883,82.02799987792969,81.61769104003906,50.782596588134766,104.8985366821289,75.19143676757812,37.44439697265625,28.294620513916016,3.6811792850494385,142.43582153320312,130.70030212402344,147.8518524169922,107.90259552001953,42.11019515991211,35.04476547241211,28.080869674682617,342.91180419921875,152.0118865966797
2019-01-14,35.559383392333984,94.88081359863281,52.07992172241211,80.8604965209961,82.45909118652344,50.718875885009766,103.7100830078125,74.68344116210938,37.29411697387695,28.327438354492188,3.721001148223877,144.0106964111328,129.7915496826172,147.35739135742188,107.68228912353516,41.61103057861328,34.81914520263672,27.746891021728516,340.4436950683594,151.05331420898438
2019-01-15,36.287166595458984,97.63286590576172,53.81342697143555,83.72799682617188,83.0635986328125,50.747196197509766,104.58322143554688,75.3880844116211,37.62630844116211,28.715280532836914,3.7069027423858643,147.5369415283203,130.01870727539062,145.4290008544922,107.05009460449219,41.826194763183594,35.47185134887695,27.98264503479004,342.2704772949219,150.88661193847656
2019-01-16,36.73046875,97.97689819335938,53.96201705932617,84.18900299072266,83.73345184326172,50.7259635925293,103.51608276367188,74.86369323730469,37.1121826171875,28.745121002197266,3.681426763534546,146.14028930664062,130.01870727539062,145.89869689941406,106.23593139648438,41.42169189453125,35.42349624633789,27.57662010192871,342.0955810546875,149.49459838867188
2019-01-17,36.94856262207031,98.66490936279297,54.43798828125,84.66100311279297,84.0765609741211,51.072914123535156,104.36495208740234,74.85295104980469,37.22293472290039,28.861465454101562,3.7526612281799316,146.8931121826172,129.96189880371094,144.11041259765625,106.33171081542969,41.71430587768555,35.62494659423828,27.81236457824707,348.9266357421875,150.96163940429688
2019-01-18,37.1761474609375,100.14317321777344,54.84312438964844,84.80999755859375,85.4408187866211,51.68185043334961,105.65849304199219,75.4970932006836,37.65796661376953,29.156831741333008,3.881525754928589,148.61660766601562,131.1168670654297,147.99195861816406,106.36044311523438,42.333961486816406,36.28571319580078,27.851667404174805,354.406982421875,152.1785888671875
2019-01-22,36.34169006347656,98.25579833984375,53.42314147949219,81.6084976196289,84.09291076660156,50.90296936035156,104.13050079345703,74.68778991699219,37.74496841430664,29.085222244262695,3.679694890975952,146.1700439453125,130.6908416748047,145.95645141601562,105.9389877319336,41.54219436645508,36.08426284790039,27.6813907623291,347.770263671875,153.84568786621094
2019-01-23,36.488677978515625,99.21343994140625,53.709415435791016,82.0009994506836,83.88048553466797,50.4852180480957,104.13050079345703,78.32142639160156,38.18000411987305,29.44919776916504,3.6925570964813232,142.93104553222656,129.70626831054688,145.77513122558594,106.43707275390625,41.258174896240234,36.6322135925293,27.60936164855957,348.4601745605469,155.11264038085938
2019-01-24,36.19945526123047,98.7392807006836,53.689109802246094,82.74649810791016,83.92951202392578,50.5560188293457,102.69949340820312,77.87548828125,37.72123336791992,29.344785690307617,3.90403413772583,144.44654846191406,130.35955810546875,146.10476684570312,105.89110565185547,42.82451248168945,36.753082275390625,26.81696891784668,348.12982177734375,156.1795654296875
2019-01-25,37.39898681640625,99.64112091064453,54.55635452270508,83.52850341796875,84.46050262451172,50.782596588134766,103.669677734375,77.2973861694336,37.46812438964844,28.921138763427734,3.961169481277466,147.5963592529297,131.27781677246094,148.6676788330078,106.4083480834961,40.48362731933594,37.17211151123047,26.613964080810547,353.8919982910156,153.37054443359375
2019-01-28,37.052879333496094,97.69794464111328,53.484066009521484,81.89450073242188,84.86079406738281,50.442718505859375,104.28409576416016,77.2313461303711,37.30992889404297,28.95693588256836,3.41355562210083,146.0709686279297,128.7406463623047,148.19796752929688,106.14014434814453,40.199607849121094,36.865901947021484,25.887054443359375,352.69677734375,153.03713989257812
2019-01-29,36.6688346862793,95.70829772949219,52.99868392944336,79.69400024414062,85.09770965576172,50.6339111328125,105.36744689941406,77.24784851074219,37.491859436035156,28.85251808166504,3.2550110816955566,142.8220977783203,127.8034896850586,148.08258056640625,106.2263412475586,40.053306579589844,37.03512954711914,26.699092864990234,354.5818786621094,151.8451690673828
2019-01-30,39.174583435058594,98.90663146972656,54.38202667236328,83.52149963378906,85.29374694824219,51.18620681762695,106.42655181884766,78.05715942382812,37.8557014465332,28.28268814086914,3.398221254348755,148.99298095703125,130.2648468017578,150.1345977783203,105.48878479003906,40.913936614990234,37.639488220214844,27.22953987121582,376.7463073730469,151.51173400878906
2019-01-31,39.45669174194336,97.09361267089844,55.76387405395508,85.9365005493164,84.55037689208984,51.88718795776367,107.59075164794922,79.66751861572266,38.06926345825195,28.589975357055664,3.555530309677124,165.10865783691406,127.81293487548828,151.24713134765625,106.82022094726562,40.552467346191406,38.10686492919922,28.042064666748047,374.7057189941406,149.01950073242188
2019-02-01,39.475650787353516,95.55952453613281,55.4037971496582,81.3115005493164,84.86079406738281,53.756492614746094,108.49622344970703,80.49333953857422,38.52011489868164,28.002243041992188,3.5797691345214844,164.13792419433594,132.67889404296875,151.93934631347656,106.60948944091797,41.938079833984375,38.147132873535156,28.32611846923828,376.4644775390625,147.30242919921875
2019-02-04,40.59696960449219,98.31156921386719,56.533042907714844,81.66549682617188,85.16305541992188,52.977603912353516,107.42903137207031,80.955810546875,38.95514678955078,28.273740768432617,3.689835548400879,167.6443328857422,133.9569091796875,153.6370086669922,107.08842468261719,42.35977554321289,38.155189514160156,28.03545379638672,385.7636413574219,147.99424743652344
2019-02-05,41.29155349731445,99.68763732910156,57.050621032714844,82.94049835205078,84.78726196289062,53.52281188964844,107.42903137207031,80.46858215332031,38.96304702758789,28.521364212036133,3.708881378173828,169.53623962402344,134.9320526123047,153.6040496826172,107.91217041015625,43.03966522216797,38.08267593383789,27.817462921142578,398.5705871582031,148.0109405517578
2019-02-06,41.3057746887207,98.58119201660156,55.61528778076172,82.01300048828125,84.74641418457031,53.28916549682617,107.52606201171875,80.86495971679688,38.96304702758789,28.533296585083008,3.784320831298828,168.87257385253906,133.9474639892578,152.22784423828125,106.71485137939453,43.21721649169922,38.25996017456055,27.96278953552246,399.4742431640625,146.85231018066406
2019-02-07,40.523468017578125,97.87459564208984,54.77428436279297,80.71849822998047,83.63542175292969,52.87849044799805,106.75800323486328,80.2208251953125,39.08961486816406,28.858482360839844,3.6463046073913574,164.80157470703125,132.69784545898438,151.69219970703125,106.27423858642578,42.63693618774414,37.63142776489258,27.54661750793457,395.6802673339844,146.10214233398438
2019-02-08,40.57108688354492,98.24652099609375,54.599449157714844,79.41100311279297,82.80218505859375,52.964393615722656,107.04096984863281,80.6915512084961,39.15288543701172,28.515392303466797,3.6648550033569336,165.74258422851562,132.8966522216797,152.0795135498047,106.81063079833984,42.299171447753906,38.02627182006836,27.896728515625,395.4263610839844,145.6603546142578
2019-02-11,40.3377685546875,97.85602569580078,54.58657455444336,79.55000305175781,82.41004180908203,53.05030822753906,106.71757507324219,81.1540298461914,39.23988342285156,28.70036506652832,3.622311592102051,164.21714782714844,133.2942352294922,150.7444305419922,104.82787322998047,42.23854064941406,38.34053421020508,27.533409118652344,394.48883056640625,145.25193786621094
2019-02-12,40.68537521362305,99.38081359863281,55.847572326660156,81.90049743652344,83.81515502929688,53.98102951049805,108.46387481689453,81.9715805053711,39.27943801879883,28.930089950561523,3.7390570640563965,163.47430419921875,134.42086791992188,152.88711547851562,104.59798431396484,43.31248092651367,38.59034729003906,27.658924102783203,401.1003112792969,145.0101776123047
2019-02-13,40.51633071899414,99.30640411376953,55.89958572387695,82.0,84.2154312133789,54.58953857421875,108.69833374023438,81.9550552368164,39.382259368896484,29.219478607177734,3.7813520431518555,162.51348876953125,135.8408660888672,155.26876831054688,105.55583190917969,43.71086883544922,38.27607345581055,27.54661750793457,400.9635925292969,145.16026306152344
2019-02-14,40.66392517089844,99.39009094238281,55.92780685424805,81.13249969482422,83.66812133789062,54.603858947753906,108.58512878417969,81.3109359741211,36.06019973754883,29.392518997192383,3.8221652507781982,162.39462280273438,135.7649688720703,154.69187927246094,105.99645233154297,44.005348205566406,39.00130081176758,27.724973678588867,400.2213439941406,146.59390258789062
2019-02-15,40.57345962524414,100.61737823486328,55.453819274902344,80.39749908447266,86.22502899169922,55.63480758666992,110.25867462158203,81.32743835449219,35.78335952758789,29.831077575683594,3.891667366027832,160.9583740234375,137.42457580566406,158.5486602783203,107.84512329101562,44.74150848388672,39.83128356933594,28.009029388427734,408.1805114746094,150.0114288330078
2019-02-19,40.69489669799805,100.57085418701172,55.79457473754883,81.37899780273438,85.92279052734375,56.00709915161133,109.70084381103516,82.57443237304688,35.45906448364258,30.490398406982422,3.8743531703948975,160.75039672851562,136.97886657714844,158.499267578125,108.72636413574219,44.51633071899414,40.008567810058594,28.141151428222656,406.5105285644531,149.41128540039062
2019-02-20,40.95677185058594,100.04798126220703,55.50136184692383,81.1050033569336,86.33941650390625,56.22184753417969,110.23439025878906,81.98810577392578,35.672630310058594,29.798250198364258,3.921595573425293,161.01780700683594,137.25390625,158.10366821289062,108.88919067382812,44.50766372680664,39.99245071411133,27.876916885375977,411.6766357421875,150.44483947753906
2019-02-21,40.725833892822266,102.15819549560547,54.690086364746094,80.97200012207031,86.15969848632812,55.713558197021484,109.48251342773438,82.40100860595703,36.273773193359375,29.652067184448242,3.852834463119507,158.521728515625,136.56161499023438,158.07901000976562,109.47347259521484,44.52499008178711,39.815181732177734,27.8372802734375,407.79962158203125,152.3785858154297
2019-02-22,41.180564880371094,103.61479187011719,55.301761627197266,81.5780029296875,85.7757339477539,56.14311599731445,110.43653869628906,82.78916931152344,35.81500244140625,29.699804306030273,3.937424421310425,160.3542022705078,138.33502197265625,158.5486602783203,110.39302825927734,45.460350036621094,40.379234313964844,28.378965377807617,414.1180725097656,152.67872619628906
2019-02-25,41.480552673339844,104.19371795654297,55.33989715576172,81.6500015258789,86.67434692382812,56.20039367675781,110.84344482421875,82.22759246826172,35.54606246948242,29.571521759033203,3.925057888031006,163.0582733154297,138.51516723632812,156.56259155273438,108.80297088623047,45.988651275634766,40.92720031738281,28.458227157592773,416.8720397949219,152.21192932128906
2019-02-26,41.504364013671875,104.91265869140625,55.57169723510742,81.81999969482422,86.01265716552734,56.3149528503418,110.77022552490234,82.44229888916016,35.348331451416016,29.44322967529297,3.885730504989624,162.5729522705078,139.44459533691406,155.17813110351562,108.71678161621094,46.10123825073242,41.2414665222168,28.418603897094727,416.77435302734375,152.71206665039062
2019-02-27,41.6329231262207,104.73526763916016,55.61528778076172,82.05449676513672,85.90643310546875,56.89484786987305,110.57489776611328,81.68254852294922,35.54606246948242,29.270198822021484,3.8439292907714844,161.26544189453125,139.61529541015625,151.36253356933594,108.02710723876953,46.10991287231445,41.571842193603516,28.359148025512695,425.2413024902344,152.83712768554688
2019-02-28,41.223411560058594,104.60453796386719,55.79655838012695,81.99150085449219,85.25291442871094,56.579837799072266,111.20152282714844,81.3852310180664,35.86246109008789,29.53273582458496,3.8194186687469482,159.91836547851562,140.46876525878906,152.57398986816406,108.08457946777344,45.867408752441406,41.716888427734375,28.636594772338867,429.6554260253906,154.2128143310547
2019-03-01,41.6567268371582,105.0714111328125,56.88470458984375,83.58650207519531,85.31007385253906,57.274295806884766,112.59317779541016,81.29438781738281,35.89409255981445,29.216489791870117,3.8736412525177,160.74046325683594,141.74903869628906,152.5986328125,109.20527648925781,46.161865234375,41.42680740356445,28.643207550048828,430.29998779296875,155.22781372070312
2019-03-04,41.866241455078125,104.81929016113281,57.12739944458008,84.80850219726562,85.11404418945312,57.49623107910156,112.69896697998047,81.64949035644531,36.107662200927734,29.192623138427734,3.881812334060669,165.78216552734375,140.31703186035156,151.4778594970703,109.51178741455078,46.71616744995117,41.22534942626953,28.451622009277344,422.5556945800781,151.48651123046875
2019-03-05,41.79004669189453,104.29638671875,57.90846252441406,84.62149810791016,85.0486831665039,57.410316467285156,112.93497467041016,81.8311996459961,36.0681037902832,29.33881378173828,3.8753747940063477,169.63528442382812,140.30751037597656,151.63450622558594,109.1957015991211,46.4909782409668,41.338157653808594,28.332725524902344,420.0458984375,152.1240692138672
2019-03-06,41.54960250854492,104.34309387207031,57.697967529296875,83.44750213623047,84.7300796508789,56.75881576538086,113.19538879394531,81.69906616210938,35.94947814941406,29.31494903564453,3.7646989822387695,170.8734130859375,140.17478942871094,152.00534057617188,110.00987243652344,45.85874557495117,41.63631820678711,27.652315139770508,414.5184631347656,152.69447326660156
2019-03-07,41.068668365478516,103.07323455810547,57.00010681152344,81.29750061035156,84.11741638183594,57.38883590698242,112.50366973876953,81.3852310180664,35.81500244140625,29.07329559326172,3.695619821548462,167.5254669189453,139.24542236328125,150.4065399169922,109.20527648925781,45.55561828613281,41.33010482788086,27.341838836669922,412.6629638671875,151.42787170410156
2019-03-08,41.166290283203125,103.18526458740234,56.956520080566406,81.04000091552734,84.15010070800781,56.56550979614258,112.35714721679688,81.26964569091797,35.466976165771484,29.115053176879883,3.7297887802124023,167.9910430908203,139.73861694335938,149.35171508789062,109.01370239257812,45.451690673828125,41.152828216552734,27.011539459228516,412.6434631347656,150.5722198486328
2019-03-11,42.59238815307617,105.35151672363281,58.407222747802734,83.53099822998047,85.2447280883789,57.116790771484375,112.76408386230469,82.23584747314453,36.526878356933594,29.380584716796875,3.989764451980591,170.43759155273438,142.8870849609375,150.34890747070312,109.91409301757812,46.205169677734375,41.837764739990234,27.414505004882812,390.6411437988281,151.8975830078125
2019-03-12,43.07091522216797,106.08915710449219,59.29822540283203,83.65499877929688,84.99150085449219,57.274295806884766,113.2686538696289,82.62398529052734,36.424041748046875,29.34777069091797,4.023933410644531,170.28904724121094,143.89230346679688,151.63450622558594,109.89494323730469,46.395713806152344,42.02310562133789,27.56643295288086,366.6172790527344,152.52671813964844
2019-03-13,43.261375427246094,106.91085052490234,59.38787841796875,84.54049682617188,85.27742767333984,57.782588958740234,113.45584869384766,83.55715942382812,36.55851745605469,29.54467010498047,4.174964904785156,171.72525024414062,144.59413146972656,150.3891143798828,109.28189849853516,47.08857345581055,42.377662658691406,27.751401901245117,368.3067932128906,152.71961975097656
2019-03-14,43.7422981262207,106.9948501586914,59.06446075439453,84.31099700927734,86.05347442626953,57.589298248291016,112.3246078491211,83.67279815673828,36.462772369384766,29.46068572998047,4.099202632904053,168.55560302734375,146.23471069335938,150.7793731689453,109.65547180175781,46.283119201660156,42.49853515625,27.2097110748291,364.5567321777344,153.29006958007812
2019-03-15,44.31130599975586,108.22737884521484,58.954017639160156,85.61799621582031,87.04196166992188,57.38167953491211,111.9828109741211,84.59772491455078,36.14362716674805,29.52067756652832,4.204431056976318,164.40536499023438,147.42971801757812,151.29403686523438,110.115234375,47.05393600463867,42.86919403076172,27.599464416503906,370.1134338378906,155.46267700195312
2019-03-18,44.76365661621094,109.77733612060547,58.867340087890625,87.10749816894531,87.56477355957031,58.04750061035156,111.63286590576172,83.82970428466797,36.231388092041016,29.892606735229492,4.183136940002441,158.94766235351562,146.9554901123047,152.2820281982422,108.35279846191406,46.854732513427734,43.11899948120117,27.619287490844727,363.56060791015625,154.30503845214844
2019-03-19,44.408931732177734,109.85205841064453,59.55628204345703,88.09249877929688,87.24617004394531,57.89714431762695,112.66645050048828,84.15177154541016,36.351070404052734,29.9495906829834,4.350510597229004,160.03721618652344,146.60458374023438,152.8715362548828,105.36427307128906,46.91535568237305,42.95785903930664,27.942974090576172,364.6836853027344,153.60044860839844
2019-03-20,44.7969970703125,109.73065185546875,60.74348449707031,89.8635025024414,85.38362121582031,58.21931457519531,111.73050689697266,84.00310516357422,36.32712936401367,29.5866641998291,4.318077087402344,163.87051391601562,145.80796813964844,154.50709533691406,105.35469818115234,46.612220764160156,42.917545318603516,27.857101440429688,367.3497619628906,155.16073608398438
2019-03-21,46.44688034057617,112.25169372558594,61.223907470703125,90.96299743652344,84.03572845458984,58.55580139160156,112.38971710205078,84.63898468017578,36.3111686706543,29.7126407623291,4.554283142089844,164.5044403076172,147.7520751953125,157.72010803222656,104.08074188232422,47.322418212890625,43.46550369262695,27.976003646850586,363.9707946777344,156.3350372314453
2019-03-22,45.48503494262695,109.29181671142578,59.81333923339844,88.2385025024414,81.4951400756836,57.61793518066406,111.42127227783203,83.95357513427734,36.64627456665039,29.478681564331055,4.394831657409668,162.7809295654297,145.1630859375,156.70718383789062,103.66886901855469,46.12723159790039,42.49853515625,27.64571189880371,353.68743896484375,156.7041473388672
2019-03-25,44.93507766723633,109.86137390136719,59.304664611816406,88.71299743652344,80.81707763671875,57.21699523925781,111.17711639404297,84.20130157470703,36.72606658935547,29.4456844329834,4.302726745605469,164.71243286132812,145.1251678466797,157.47933959960938,103.2474136352539,45.71150588989258,42.490478515625,27.672136306762695,361.783203125,155.7898406982422
2019-03-26,44.47083282470703,110.09480285644531,58.93123245239258,89.18800354003906,81.62582397460938,57.961578369140625,112.77223205566406,85.07669067382812,37.21276092529297,29.490684509277344,4.379232406616211,166.08924865722656,147.27789306640625,157.197021484375,105.49836730957031,46.283119201660156,42.89337921142578,28.022247314453125,361.7051086425781,157.2661590576172
2019-03-27,44.87080764770508,109.03036499023438,58.345298767089844,88.28500366210938,81.34808349609375,57.51768112182617,112.87802124023438,84.97760772705078,37.1888313293457,29.15774154663086,4.370072364807129,164.29640197753906,146.25367736816406,157.12234497070312,105.63247680664062,46.040618896484375,42.820858001708984,27.758014678955078,365.4454040527344,157.29135131835938
2019-03-28,44.9303092956543,109.17975616455078,58.061012268066406,88.6709976196289,82.27120971679688,57.80406951904297,113.02449798583984,85.5143814086914,37.164894104003906,29.133739471435547,4.388642311096191,163.97946166992188,146.68040466308594,157.79481506347656,106.04434967041016,45.997310638427734,42.998146057128906,27.93636703491211,365.6700439453125,158.86831665039062
2019-03-29,45.22315216064453,110.12284088134766,58.289833068847656,89.0374984741211,82.69597625732422,57.847015380859375,113.76504516601562,85.92728424072266,37.3882942199707,29.25372314453125,4.445836067199707,165.10865783691406,148.12193298339844,159.31414794921875,106.35086822509766,46.508304595947266,43.50580596923828,28.055267333984375,372.486572265625,159.29617309570312
2019-04-01,45.5302848815918,111.13123321533203,59.3839225769043,90.70950317382812,85.48162078857422,58.51285934448242,113.10587310791016,85.58871459960938,37.27659606933594,29.340707778930664,4.513181686401367,167.09957885742188,149.1366424560547,162.42758178710938,107.76849365234375,47.2098274230957,44.303550720214844,28.299686431884766,382.3695373535156,158.029541015625
2019-04-02,46.192134857177734,111.28999328613281,59.708831787109375,90.6989974975586,85.89009857177734,58.262264251708984,112.07233428955078,85.6795425415039,37.15692138671875,29.076753616333008,4.531008720397949,172.54739379882812,149.6298370361328,161.32333374023438,107.24166870117188,47.07991027832031,44.553348541259766,28.345928192138672,381.5979919433594,157.99598693847656
2019-04-03,46.508785247802734,112.01826477050781,59.969844818115234,91.03500366210938,86.0616683959961,57.918617248535156,111.63286590576172,85.6299819946289,36.84573745727539,29.15174102783203,4.670157432556152,171.89364624023438,150.274658203125,164.8933563232422,107.77806091308594,48.04991149902344,44.82733154296875,28.299686431884766,375.728759765625,157.99598693847656
2019-04-04,46.5897331237793,111.44867706298828,60.397769927978516,90.94300079345703,86.89303588867188,58.74193572998047,110.33074951171875,85.41527557373047,37.08510971069336,29.427692413330078,4.6612443923950195,174.3501434326172,149.49700927734375,166.4210205078125,109.91409301757812,48.43098068237305,44.71379852294922,28.233631134033203,386.58831787109375,159.27101135253906
2019-04-05,46.901611328125,111.9435806274414,60.00154495239258,91.86399841308594,86.68724060058594,59.05693817138672,110.82715606689453,85.59697723388672,37.07713317871094,29.64365577697754,4.727848052978516,174.05299377441406,149.50650024414062,167.75767517089844,110.15354919433594,48.15384292602539,44.77056121826172,28.39878273010254,382.7503662109375,159.9756317138672
2019-04-08,47.6396598815918,111.98091125488281,59.84454345703125,92.49299621582031,86.9671401977539,59.42207336425781,110.79461669921875,86.68704986572266,37.14094924926758,29.763629913330078,4.748646259307861,173.27047729492188,149.60130310058594,168.99478149414062,110.115234375,48.22313690185547,44.99761962890625,28.497865676879883,365.7481689453125,159.2542266845703
2019-04-09,47.49681854248047,111.37399291992188,59.56767654418945,91.79199981689453,86.3250732421875,58.65601348876953,110.33074951171875,86.4310531616211,37.2367057800293,29.601659774780273,4.686005115509033,175.89532470703125,149.35479736328125,166.79461669921875,111.93516540527344,47.91135025024414,44.74623489379883,28.299686431884766,360.3965148925781,159.44717407226562
2019-04-10,47.76347351074219,112.22368621826172,59.753902435302734,92.36650085449219,86.71196746826172,58.39114761352539,110.33887481689453,86.42279052734375,37.21276092529297,29.87460708618164,4.756322383880615,176.133056640625,150.3695068359375,165.5741729736328,112.22252655029297,48.28376007080078,45.26521301269531,28.227033615112305,356.3925476074219,158.7257843017578
2019-04-11,47.365867614746094,112.35440826416016,59.909420013427734,92.20349884033203,87.4445571899414,58.67034149169922,110.03776550292969,86.50538635253906,37.268619537353516,30.234548568725586,4.742455005645752,175.82595825195312,149.70565795898438,167.27615356445312,111.68611907958984,48.32706069946289,45.086814880371094,27.92315101623535,361.4902648925781,158.44058227539062
2019-04-12,47.346805572509766,112.93330383300781,60.56023025512695,92.15299987792969,91.5439224243164,57.93294143676758,110.66439819335938,86.76139068603516,37.29255676269531,30.462501525878906,4.704575061798096,177.4009246826172,151.3937530517578,169.24378967285156,124.57888793945312,48.86402130126953,45.64634704589844,27.553232192993164,370.74822998046875,160.7222442626953
2019-04-15,47.432533264160156,113.02669525146484,60.74843978881836,92.24349975585938,90.49851989746094,57.739620208740234,111.1038589477539,87.31468963623047,37.499996185302734,30.723464965820312,4.573101043701172,177.94566345214844,152.1524200439453,170.08233642578125,126.47544860839844,48.742774963378906,45.865291595458984,27.80425262451172,366.6661376953125,160.93190002441406
2019-04-16,47.437294006347656,112.76524353027344,61.0149040222168,93.1520004272461,91.453369140625,58.133399963378906,112.3246078491211,87.88448333740234,37.460105895996094,30.87343406677246,4.660006523132324,177.173095703125,151.95323181152344,169.75852966308594,124.42562866210938,49.11518859863281,46.181549072265625,27.03135871887207,372.7795104980469,160.80612182617188
2019-04-17,48.36103439331055,113.6989517211914,61.422523498535156,93.24099731445312,94.08750915527344,58.298072814941406,112.73151397705078,88.03085327148438,37.72340774536133,30.942407608032227,4.637228488922119,177.08396911621094,152.1524200439453,171.4854736328125,126.19766235351562,50.717437744140625,45.662574768066406,26.344348907470703,368.6778869628906,160.73065185546875
2019-04-18,48.534847259521484,115.19290924072266,61.488399505615234,93.08450317382812,93.39605712890625,58.083282470703125,111.91769409179688,88.19720458984375,37.88298034667969,30.94841766357422,4.612715721130371,176.5886993408203,151.8868865966797,170.7465362548828,126.86815643310547,50.656803131103516,45.73554992675781,26.01404571533203,371.16815185546875,163.49879455566406
2019-04-22,48.69435119628906,115.55706787109375,62.09709930419922,94.3655014038086,93.51127624511719,59.3504638671875,112.16996765136719,88.1639404296875,37.81915283203125,30.705459594726562,4.666445255279541,179.71871948242188,152.1144561767578,170.01593017578125,126.1305923461914,50.94261169433594,45.68689727783203,25.74981117248535,366.3829345703125,162.6682586669922
2019-04-23,49.39668655395508,117.12574005126953,62.93067169189453,96.1884994506836,93.62652587890625,59.694114685058594,113.85458374023438,85.79370880126953,38.46541976928711,30.915420532226562,4.720916748046875,182.03652954101562,153.3093719482422,171.07037353515625,127.73981475830078,50.90796661376953,45.970726013183594,26.04047203063965,365.2598571777344,163.7924041748047
2019-04-24,49.320499420166016,116.72420501708984,62.40863800048828,95.0875015258789,93.47013854980469,58.53431701660156,113.28492736816406,86.23448181152344,38.281917572021484,31.053401947021484,4.733294486999512,180.84786987304688,153.14817810058594,171.62661743164062,129.40647888183594,50.85600662231445,46.12479019165039,26.007442474365234,366.6661376953125,165.78048706054688
2019-04-25,48.8729133605957,120.58982849121094,62.76970672607422,95.11250305175781,93.51949310302734,58.8636474609375,113.65113830566406,85.89351654052734,38.17021942138672,31.05040168762207,4.627819061279297,191.42657470703125,152.7024383544922,171.44390869140625,131.456298828125,49.8946647644043,45.67878723144531,26.165990829467773,373.8341979980469,166.0321044921875
2019-04-26,48.63960266113281,121.28074645996094,63.268951416015625,97.53150177001953,94.22743225097656,57.625083923339844,114.25337219238281,88.03919982910156,38.50532150268555,30.453502655029297,4.409439563751221,189.67337036132812,154.51376342773438,169.04449462890625,134.0233612060547,45.40837860107422,45.31386947631836,26.403799057006836,371.8713073730469,165.60426330566406
2019-04-29,48.71339797973633,121.16875457763672,64.1990966796875,96.92150115966797,95.58564758300781,57.252811431884766,113.8057861328125,87.14100646972656,38.63297653198242,30.462501525878906,4.4401421546936035,192.93215942382812,155.67074584960938,167.84071350097656,133.42947387695312,44.26516342163086,45.5166015625,26.152772903442383,370.1720275878906,165.35264587402344
2019-04-30,47.775360107421875,121.94371032714844,59.382930755615234,96.32599639892578,95.52803802490234,57.47475051879883,114.91258239746094,88.5548095703125,39.143611907958984,30.846426010131836,4.481492519378662,191.56524658203125,155.93630981445312,169.11927795410156,131.19766235351562,44.20454406738281,45.370643615722656,26.826568603515625,368.8439025878906,165.73008728027344
2019-05-01,50.12044906616211,119.40398406982422,58.113014221191406,95.57599639892578,94.79541778564453,56.32209396362305,115.52295684814453,87.2657470703125,38.768619537353516,30.402509689331055,4.468367576599121,191.1987762451172,154.38099670410156,165.05108642578125,130.63255310058594,43.962032318115234,45.07059860229492,26.932270050048828,367.9747314453125,162.8780517578125
2019-05-02,49.794273376464844,117.84467315673828,57.77572250366211,95.04100036621094,95.00119018554688,55.334110260009766,114.97769165039062,87.78970336914062,38.609046936035156,30.33952522277832,4.535712718963623,190.70352172851562,152.7972412109375,166.88597106933594,128.4869384765625,43.7801628112793,44.55161666870117,27.090808868408203,366.9981689453125,163.2471160888672
2019-05-03,50.41328811645508,120.35637664794922,58.916866302490234,98.12300109863281,95.58564758300781,55.4630012512207,115.57178497314453,88.22216796875,38.87234115600586,30.618478775024414,4.531256198883057,193.61561584472656,153.66973876953125,166.5123291015625,128.6689453125,44.8194580078125,44.55161666870117,27.341838836669922,367.6427001953125,165.68812561035156
2019-05-06,49.634761810302734,119.65605926513672,59.11052322387695,97.52749633789062,94.73779296875,55.219573974609375,115.63690948486328,87.8895034790039,38.67287063598633,30.732452392578125,4.453017234802246,192.04071044921875,153.89732360839844,165.7401885986328,129.31069946289062,44.63210678100586,44.26779556274414,27.513591766357422,362.89654541015625,166.84576416015625
2019-05-07,48.2967529296875,117.20040893554688,58.38740539550781,96.05000305175781,93.19023895263672,54.9260368347168,113.91159057617188,87.07444763183594,38.29786682128906,30.38451385498047,4.28613805770874,187.9696807861328,151.9342803955078,161.70526123046875,127.81645202636719,43.987281799316406,43.343353271484375,26.971912384033203,348.8631286621094,166.12432861328125
2019-05-08,48.306278228759766,117.19107818603516,57.987213134765625,95.88849639892578,92.69633483886719,55.01195526123047,113.76504516601562,87.3821792602539,38.178192138671875,30.084571838378906,4.3061909675598145,187.7418670654297,152.45587158203125,162.03732299804688,129.3011016845703,42.906768798828125,43.35957336425781,27.051176071166992,351.3240966796875,166.11599731445312
2019-05-09,47.78727340698242,117.18173217773438,57.84803771972656,94.99349975585938,92.62226867675781,54.96183776855469,112.90242767333984,86.69187927246094,37.81915283203125,30.015214920043945,4.213837146759033,186.8603057861328,151.55494689941406,161.5474853515625,127.9601058959961,40.62376022338867,42.913570404052734,27.08450698852539,347.82257080078125,165.8643341064453
2019-05-10,47.125247955322266,118.70370483398438,57.83169174194336,94.4990005493164,92.6140365600586,55.43977355957031,113.16285705566406,88.1639404296875,38.449459075927734,30.729875564575195,4.179917335510254,186.55323791503906,152.40841674804688,161.5474853515625,128.39112854003906,40.25776672363281,43.27037811279297,27.13780975341797,348.3529357910156,167.7600860595703
2019-05-13,44.386356353759766,115.1742172241211,56.293827056884766,91.13400268554688,90.09514617919922,54.824249267578125,111.65728759765625,88.24710845947266,38.33776092529297,30.12075424194336,3.9231605529785156,179.81776428222656,149.2030487060547,158.02732849121094,125.80493927001953,39.002994537353516,41.59988021850586,27.0378475189209,331.3611145019531,166.95486450195312
2019-05-14,45.08900833129883,116.46277618408203,55.712852478027344,92.00599670410156,90.8113021850586,54.89667510986328,111.3480224609375,87.82295989990234,38.84840393066406,30.241371154785156,4.01204776763916,179.0154571533203,151.9342803955078,159.09002685546875,127.5865478515625,39.36025619506836,42.183746337890625,27.097827911376953,336.93011474609375,166.0991973876953
2019-05-15,45.62914276123047,118.10284423828125,57.98820495605469,93.55750274658203,90.46559143066406,55.30218505859375,111.42127227783203,88.73778533935547,39.2393684387207,30.11773681640625,3.9511396884918213,184.5028839111328,154.38099670410156,159.2062530517578,129.00418090820312,39.752376556396484,42.524314880371094,27.424386978149414,339.4837951660156,166.9883575439453
2019-05-16,45.42837142944336,120.82999420166016,58.66674041748047,95.37850189208984,91.62622833251953,55.2949333190918,112.47926330566406,89.9104232788086,39.558509826660156,30.54892921447754,3.9662418365478516,185.216064453125,156.5940399169922,159.7209930419922,129.7896270751953,39.673946380615234,45.35441970825195,27.750947952270508,347.5082702636719,167.7600860595703
2019-05-17,45.170257568359375,120.0240478515625,57.88815689086914,93.44999694824219,91.18170166015625,54.96906661987305,112.80476379394531,89.36151885986328,39.25531768798828,30.413246154785156,3.875622034072876,183.5420684814453,155.8531951904297,159.8870391845703,129.34902954101562,39.116268157958984,45.69499588012695,27.63765525817871,348.69671630859375,167.11415100097656
2019-05-20,43.757789611816406,118.29027557373047,56.69353103637695,92.94850158691406,91.65917205810547,54.96184158325195,112.65013122558594,89.26172637939453,38.9760627746582,30.612266540527344,3.7572715282440186,180.986572265625,155.2643280029297,158.5337371826172,128.26663208007812,37.95733642578125,45.41928482055664,27.717626571655273,346.5064697265625,166.92123413085938
2019-05-21,44.5966796875,118.92752075195312,57.17791748046875,92.8759994506836,91.97196197509766,55.215274810791016,112.40599822998047,88.46333312988281,38.77659606933594,30.491653442382812,3.8392255306243896,183.06663513183594,155.63475036621094,158.9488983154297,128.4390411376953,38.74156951904297,45.832862854003906,27.770938873291016,352.36029052734375,167.63427734375
2019-05-22,43.6837043762207,119.64915466308594,57.24774169921875,92.98400115966797,91.22288513183594,54.715641021728516,112.92684173583984,88.7544174194336,39.61436462402344,30.826358795166016,3.7684130668640137,183.5618896484375,155.9956512451172,156.84007263183594,128.20916748046875,38.340736389160156,45.15980529785156,27.98420524597168,346.49664306640625,167.7349395751953
2019-05-23,42.938045501708984,118.25276184082031,56.727203369140625,90.77400207519531,89.42840576171875,53.43391418457031,113.76504516601562,88.78768920898438,39.77394485473633,30.714784622192383,3.6475865840911865,179.1540985107422,153.4027099609375,159.40550231933594,127.1363525390625,38.80256652832031,43.94343566894531,27.93756103515625,344.30633544921875,166.9044952392578
2019-05-24,42.773136138916016,118.30902099609375,56.39387130737305,91.16400146484375,90.30918884277344,53.658390045166016,113.7732925415039,88.72945404052734,39.58245086669922,30.959030151367188,3.593858003616333,179.34231567382812,154.4759521484375,160.72557067871094,127.19383239746094,38.837432861328125,44.08939743041992,27.957550048828125,348.578857421875,165.89785766601562
2019-05-28,42.596275329589844,118.23402404785156,56.4409294128418,91.82150268554688,89.3296127319336,52.57943344116211,112.31478118896484,86.8748779296875,39.175537109375,30.883655548095703,3.548795461654663,182.56146240234375,155.49229431152344,159.03187561035156,127.03099060058594,37.96604919433594,43.732601165771484,27.924222946166992,348.5592346191406,164.97515869140625
2019-05-29,42.39312744140625,117.09068298339844,55.469173431396484,90.95950317382812,89.0826644897461,52.25357437133789,107.61138916015625,86.65032196044922,38.78458023071289,30.793197631835938,3.474764108657837,180.4615936279297,154.56141662597656,157.73675537109375,126.0252685546875,38.54115676879883,43.1244010925293,27.80426597595215,342.58746337890625,164.429931640625
2019-05-30,42.613006591796875,117.8310546875,55.5419807434082,90.81600189208984,88.1278305053711,52.11598587036133,108.25055694580078,87.5984115600586,39.29521179199219,30.814292907714844,3.448241949081421,181.27383422851562,154.58993530273438,158.64166259765625,126.62869262695312,38.97684860229492,43.4406623840332,27.924222946166992,343.638427734375,167.13096618652344
2019-05-31,41.8410530090332,115.90984344482422,54.80350875854492,88.75350189208984,87.22230529785156,51.24702835083008,107.46391296386719,85.5858154296875,39.199466705322266,30.58814239501953,3.3577651977539062,175.786376953125,153.23178100585938,157.62049865722656,126.47544860839844,38.37559509277344,42.191856384277344,27.670969009399414,335.5255432128906,167.29127502441406
2019-06-03,41.418025970458984,112.31108093261719,51.447444915771484,84.6344985961914,87.6339111328125,52.050811767578125,107.70152282714844,86.32598114013672,39.877647399902344,30.744951248168945,3.3161215782165527,162.59274291992188,150.63877868652344,157.3879852294922,126.88732147216797,37.870201110839844,41.98912048339844,27.93756103515625,332.8540344238281,167.72157287597656
2019-06-04,42.933265686035156,115.42251586914062,52.227516174316406,86.47799682617188,90.33386993408203,53.2890739440918,109.57794189453125,87.05782318115234,39.89362335205078,30.925870895385742,3.5446665287017822,165.9109344482422,154.18153381347656,162.103759765625,129.13827514648438,39.02912902832031,43.164955139160156,28.144149780273438,338.4819641113281,168.43881225585938
2019-06-05,43.626346588134766,117.92476654052734,51.73965835571289,86.92500305175781,90.6549301147461,52.84735107421875,110.11058044433594,88.76275634765625,40.515960693359375,31.486730575561523,3.502031087875366,166.57461547851562,157.08790588378906,164.44476318359375,130.21107482910156,38.81999969482422,44.397552490234375,28.31076431274414,342.53839111328125,168.86065673828125
2019-06-06,44.26683807373047,119.78974151611328,51.894195556640625,87.71800231933594,90.85247802734375,53.81046676635742,111.99519348144531,89.30330657958984,41.01064682006836,31.694793701171875,3.564000129699707,166.7331085205078,158.54115295410156,164.8460693359375,131.42755126953125,39.299251556396484,44.681358337402344,28.46405029296875,344.394775390625,171.32443237304688
2019-06-07,45.445106506347656,123.14482116699219,52.914974212646484,90.20149993896484,89.8564453125,54.00597381591797,113.52745819091797,90.4593276977539,41.082454681396484,31.981245040893555,3.606635808944702,171.70547485351562,161.51402282714844,164.95474243164062,132.22256469726562,40.109649658203125,45.35441970825195,28.6039981842041,347.4002380371094,173.37477111816406
2019-06-10,46.0258674621582,124.26944732666016,53.6276969909668,93.03150177001953,90.82777404785156,54.24495315551758,113.91259765625,90.41773986816406,40.99468994140625,32.42148971557617,3.6792643070220947,173.1615447998047,162.24537658691406,165.58177185058594,131.29345703125,40.78060531616211,45.75177001953125,28.70396614074707,347.4984436035156,169.84788513183594
2019-06-11,46.55883026123047,123.80084228515625,53.542503356933594,93.18499755859375,91.107666015625,54.19425582885742,114.53530883789062,90.96662139892578,40.95478820800781,32.54814910888672,3.736772298812866,176.410400390625,161.76097106933594,165.54832458496094,129.38731384277344,40.82417297363281,46.31129837036133,28.437387466430664,343.1080627441406,171.5016326904297
2019-06-12,46.4106559753418,123.22918701171875,53.4464225769043,92.76599884033203,89.94699096679688,53.60771179199219,116.09217834472656,91.21612548828125,41.20212936401367,32.813499450683594,3.6239876747131348,173.37942504882812,162.97671508789062,166.3258514404297,130.00035095214844,40.36234664916992,45.29765701293945,28.710628509521484,340.84906005859375,172.91067504882812
2019-06-13,46.40108871459961,124.00707244873047,54.03630447387695,93.51499938964844,90.16923522949219,54.07839584350586,115.29737854003906,92.23905181884766,41.11368179321289,32.762245178222656,3.6750502586364746,175.786376953125,160.84915161132812,169.17684936523438,135.7666473388672,40.69346237182617,45.549049377441406,28.324094772338867,342.64642333984375,172.5394287109375
2019-06-14,46.06411361694336,124.12886047363281,53.80302047729492,93.4834976196289,90.39974212646484,53.839420318603516,114.78933715820312,92.48023223876953,41.258419036865234,32.888877868652344,3.585317611694336,179.6097412109375,161.14356994628906,172.03616333007812,135.68043518066406,40.24906539916992,44.397552490234375,28.497377395629883,340.9766845703125,173.21444702148438
2019-06-17,46.338951110839844,124.50376892089844,54.178955078125,94.30149841308594,89.90583801269531,54.375282287597656,114.25672149658203,92.30559539794922,40.90461349487305,32.916015625,3.5949854850769043,187.21690368652344,161.04864501953125,173.0477752685547,135.0291290283203,40.196781158447266,44.924644470214844,28.577348709106445,348.578857421875,171.96571350097656
2019-06-18,47.428775787353516,126.66858673095703,54.74110412597656,95.06849670410156,91.13233184814453,54.84596633911133,114.90404510498047,91.14958953857422,40.71966552734375,33.063785552978516,3.789569616317749,186.68203735351562,160.7826690673828,173.46583557128906,133.37200927734375,41.27729034423828,45.45172882080078,28.70396614074707,367.29937744140625,172.55630493164062
2019-06-19,47.290164947509766,127.16529846191406,54.70494079589844,95.43949890136719,90.47382354736328,54.54182815551758,115.08433532714844,91.83152770996094,41.10563659667969,33.05473327636719,3.7955193519592285,185.70140075683594,162.1219024658203,173.85043334960938,134.98123168945312,41.01587677001953,45.5166015625,28.990543365478516,361.9955749511719,172.59007263183594
2019-06-20,47.6701545715332,128.34619140625,55.135345458984375,95.90950012207031,90.70431518554688,55.47597122192383,116.5264663696289,92.92932891845703,41.539852142333984,33.26581573486328,3.8198111057281494,187.7319793701172,165.018798828125,176.61778259277344,136.03485107421875,41.12043380737305,46.5545768737793,29.057186126708984,368.2029724121094,173.07098388671875
2019-06-21,47.507652282714844,128.36492919921875,55.73811340332031,95.56500244140625,90.08694458007812,56.25803756713867,116.42814636230469,92.48023223876953,41.45139694213867,33.510047912597656,3.761807918548584,189.32667541503906,164.73387145996094,175.06271362304688,134.3202667236328,41.355716705322266,46.246421813964844,29.103837966918945,365.2171325683594,172.34536743164062
2019-06-24,47.459842681884766,129.12403869628906,55.30870056152344,95.69499969482422,89.4448471069336,55.72216796875,117.22293853759766,93.42000579833984,41.748924255371094,33.54322052001953,3.784116744995117,190.77284240722656,165.12327575683594,171.81044006347656,133.3528594970703,41.503849029541016,46.36805725097656,29.1638240814209,367.3288269042969,172.05848693847656
2019-06-25,46.740474700927734,125.04725646972656,53.866424560546875,93.91349792480469,88.70401000976562,55.229759216308594,118.18984985351562,92.9126968383789,41.62025833129883,33.38642501831055,3.7548677921295166,187.0485076904297,162.68226623535156,171.1750030517578,134.0425262451172,40.82417297363281,45.47605514526367,29.1638240814209,362.7420349121094,173.5688018798828
2019-06-26,47.75141525268555,125.5158920288086,53.5068473815918,94.8915023803711,89.29669189453125,55.468727111816406,116.23151397705078,91.25770568847656,41.10563659667969,33.217559814453125,3.9477169513702393,185.8796844482422,162.47329711914062,172.57960510253906,134.48312377929688,41.99182891845703,45.89773178100586,28.65065574645996,368.2619323730469,172.59007263183594
2019-06-27,47.73707962036133,125.72206115722656,53.3240852355957,95.21399688720703,89.59302520751953,54.90391159057617,115.281005859375,91.2992935180664,41.07347106933594,33.19947052001953,4.046125411987305,187.70223999023438,162.63482666015625,173.08120727539062,133.42947387695312,41.355716705322266,45.19224548339844,28.943893432617188,357.5364074707031,174.0413055419922
2019-06-28,47.30210876464844,125.54400634765625,53.629676818847656,94.68150329589844,92.02959442138672,55.49043273925781,114.12561798095703,91.191162109375,40.94481658935547,33.317081451416016,4.070912837982178,191.16903686523438,164.8383331298828,173.87550354003906,133.75515747070312,41.712982177734375,44.381317138671875,28.870588302612305,357.526611328125,175.21417236328125
2019-07-01,48.169654846191406,127.15592956542969,54.4815673828125,96.1094970703125,93.5771255493164,55.43977355957031,114.191162109375,91.88976287841797,41.49160385131836,33.35627365112305,4.119000434875488,191.16903686523438,165.20875549316406,175.80682373046875,135.68043518066406,41.869834899902344,44.389427185058594,29.170486450195312,350.111083984375,174.06666564941406
2019-07-02,48.45167541503906,127.9993896484375,55.10563278198242,96.71549987792969,93.67591857910156,54.83149337768555,114.74016571044922,92.71309661865234,41.79716110229492,33.65177536010742,4.021337509155273,193.15005493164062,166.48146057128906,175.68971252441406,136.52337646484375,41.930824279785156,45.257110595703125,29.470382690429688,347.85205078125,176.83416748046875
2019-07-03,48.85319519042969,128.8240966796875,55.62023162841797,96.94999694824219,93.52668762207031,55.35287094116211,116.46910095214844,94.87541961669922,41.89365005493164,33.86891174316406,4.034226417541504,195.32919311523438,167.99168395996094,177.3284149169922,136.9543914794922,42.279380798339844,46.0894660949707,29.590343475341797,348.156494140625,179.55946350097656
2019-07-05,48.8101692199707,128.44923400878906,56.099674224853516,97.14550018310547,94.08210754394531,55.128387451171875,115.18263244628906,94.10195922851562,41.90168762207031,33.766357421875,3.9717609882354736,194.53677368164062,167.79220581054688,176.79335021972656,137.29171752929688,41.89597702026367,46.1873893737793,29.270462036132812,349.521728515625,178.2347869873047
2019-07-08,47.80399703979492,128.35552978515625,55.31315994262695,97.61599731445312,93.56814575195312,55.381813049316406,115.5103988647461,94.8504638671875,41.81324005126953,33.989501953125,3.8969013690948486,193.90286254882812,167.3458251953125,178.005615234375,135.9134979248047,41.669410705566406,45.852806091308594,28.85724449157715,344.86614990234375,179.0110321044922
2019-07-09,48.09558868408203,127.88697052001953,55.684627532958984,99.41500091552734,93.966064453125,55.345638275146484,115.8709487915039,93.9023666381836,41.48356628417969,34.03774642944336,3.8993804454803467,197.32012939453125,168.8085174560547,177.2448272705078,136.48214721679688,41.60841751098633,45.9752197265625,28.903900146484375,346.8011169433594,178.95199584960938
2019-07-10,48.57118606567383,129.18963623046875,56.50778579711914,100.87049865722656,93.69248962402344,56.12769317626953,115.70706176757812,94.6009750366211,41.66849899291992,34.06789779663086,3.9675469398498535,200.80673217773438,170.3091583251953,176.1997528076172,138.3422393798828,42.009254455566406,46.6198844909668,29.363759994506836,346.025146484375,179.7197723388672
2019-07-11,48.21746826171875,129.70506286621094,56.664791107177734,100.05349731445312,94.58779907226562,56.17113494873047,114.80574035644531,95.12489318847656,41.84541702270508,34.351348876953125,4.12172794342041,199.3209686279297,171.66744995117188,178.95037841796875,138.3615264892578,42.34908676147461,46.758609771728516,28.643993377685547,352.6058349609375,179.45822143554688
2019-07-12,48.587921142578125,130.17359924316406,56.727203369140625,100.55000305175781,95.5826187133789,56.214595794677734,110.04502868652344,95.6322250366211,41.90973663330078,34.55640411376953,4.154695987701416,202.92640686035156,171.27801513671875,182.4534912109375,139.6337432861328,43.49931716918945,47.289031982421875,28.257448196411133,358.82305908203125,179.7113494873047
2019-07-15,49.04438400268555,130.17359924316406,56.9832649230957,101.04949951171875,94.42200469970703,55.816307067871094,110.3809814453125,96.03973388671875,41.917781829833984,34.670982360839844,4.146266460418701,201.97555541992188,171.50595092773438,182.84642028808594,139.80723571777344,43.673583984375,47.370635986328125,28.490713119506836,355.1693115234375,180.74072265625
2019-07-16,48.874698638916016,128.46803283691406,57.129371643066406,100.49500274658203,95.4333724975586,54.98357391357422,108.57010650634766,96.38070678710938,41.925819396972656,34.604637145996094,4.141558647155762,201.9062042236328,170.3091583251953,181.64248657226562,139.07473754882812,42.84577560424805,47.019737243652344,28.557353973388672,356.2890319824219,180.32730102539062
2019-07-17,48.5998649597168,127.70889282226562,56.796546936035156,99.60150146484375,94.49661254882812,54.65770721435547,108.0456771850586,96.42230224609375,41.95798110961914,34.55640411376953,4.206750392913818,199.88555908203125,170.15721130371094,180.2629852294922,137.40737915039062,43.037479400634766,46.6851692199707,28.484041213989258,362.9384460449219,180.31886291503906
2019-07-18,49.15194320678711,127.84943389892578,56.82130432128906,98.8949966430664,95.06031799316406,54.19425582885742,108.21778106689453,96.62821197509766,41.837364196777344,34.59258270263672,4.218399524688721,198.875244140625,171.46791076660156,179.28480529785156,136.5014190673828,43.5167350769043,47.1176643371582,28.697315216064453,354.6782531738281,182.1750946044922
2019-07-19,48.4182243347168,128.03684997558594,56.04420471191406,98.22599792480469,94.12356567382812,54.30286407470703,106.775634765625,96.2682876586914,41.32274627685547,34.34531784057617,4.1752705574035645,196.47817993164062,170.2427215576172,178.1143035888672,134.785888671875,43.80429458618164,46.80757141113281,28.5040340423584,370.6387939453125,180.45387268066406
2019-07-22,49.52477264404297,129.73316955566406,56.423583984375,99.28150177001953,94.7287368774414,54.36080551147461,105.40724182128906,96.51101684570312,41.1860466003418,34.01966857910156,4.246658802032471,200.400634765625,171.50595092773438,176.63449096679688,135.74002075195312,44.74538803100586,47.10950469970703,28.537364959716797,366.76904296875,181.40731811523438
2019-07-23,49.91195297241211,130.53912353515625,56.861427307128906,99.72450256347656,96.4613265991211,54.578041076660156,105.57111358642578,95.29730224609375,43.68680953979492,33.79951858520508,4.354238986968994,200.44024658203125,171.81935119628906,178.14776611328125,136.1448211669922,45.09394454956055,47.09318923950195,28.717304229736328,366.42523193359375,180.82508850097656
2019-07-24,49.87131118774414,131.87930297851562,56.44934844970703,100.04049682617188,96.8509521484375,54.57080841064453,106.34134674072266,94.25101470947266,43.244529724121094,33.77239227294922,4.42860221862793,202.71841430664062,174.1273956298828,179.5105438232422,136.1737060546875,46.11344909667969,46.70149230957031,28.584016799926758,354.9925537109375,179.53416442871094
2019-07-25,49.47697830200195,131.382568359375,56.261634826660156,98.69100189208984,95.9224853515625,54.25941467285156,107.43931579589844,94.39330291748047,42.673641204833984,33.8387336730957,4.2977213859558105,198.80589294433594,172.4747314453125,180.212890625,138.0242156982422,45.45120620727539,46.20370864868164,28.437387466430664,341.89013671875,180.93479919433594
2019-07-26,49.649044036865234,132.46034240722656,61.67413330078125,97.15249633789062,96.34525299072266,54.17253112792969,107.11976623535156,96.03388214111328,43.558135986328125,34.07997131347656,4.33961296081543,197.85499572753906,174.46934509277344,181.349853515625,139.41204833984375,44.95451736450195,46.13025665283203,28.717304229736328,338.8551940917969,181.8966827392578
2019-07-29,50.112701416015625,132.16981506347656,61.5067253112793,95.62249755859375,96.03854370117188,54.55632781982422,108.99620056152344,97.0969467163086,43.41340637207031,33.853797912597656,4.33341646194458,194.0811767578125,174.013427734375,182.29461669921875,141.08905029296875,45.75617980957031,46.4566764831543,27.624324798583984,334.1505126953125,181.39041137695312
2019-07-30,49.897605895996094,131.53256225585938,60.82124710083008,94.92649841308594,95.82302856445312,54.56354522705078,108.2259750366211,100.78832244873047,43.1963005065918,33.79048538208008,4.349031448364258,195.17071533203125,172.41775512695312,181.7261199951172,139.6819305419922,45.05036544799805,46.081302642822266,25.851572036743164,341.2713623046875,179.16290283203125
2019-07-31,50.91572189331055,127.70889282226562,60.33586883544922,93.33899688720703,96.16289520263672,53.8466682434082,106.70191192626953,98.80449676513672,42.319820404052734,33.283912658691406,4.182210445404053,192.38735961914062,169.06492614746094,178.6577911376953,137.83143615722656,44.048282623291016,45.20815658569336,25.884891510009766,335.10321044921875,177.79605102539062
2019-08-01,49.8139533996582,129.3863983154297,60.01789855957031,92.76599884033203,93.62617492675781,52.47080993652344,106.75922393798828,97.7079849243164,41.837364196777344,32.982364654541016,4.088016033172607,190.90158081054688,170.17626953125,177.9387664794922,136.71343994140625,43.133323669433594,45.199989318847656,25.73016929626465,328.3359375,178.2432098388672
2019-08-02,48.75999069213867,128.29934692382812,59.252174377441406,91.16200256347656,93.61788940429688,51.9566764831543,107.39839172363281,97.46524810791016,42.07858657836914,32.98838424682617,3.9955575466156006,187.22682189941406,168.51406860351562,177.37022399902344,136.57852172851562,42.41880416870117,43.453678131103516,25.562002182006836,333.5120849609375,180.9685516357422
2019-08-05,46.2075080871582,123.9039535522461,57.193267822265625,88.25650024414062,90.83248901367188,50.892189025878906,106.6527099609375,94.65277862548828,41.531803131103516,31.90886878967285,3.7377641201019287,180.00595092773438,160.3837890625,171.3422088623047,133.29202270507812,40.928741455078125,41.91953659057617,24.86241340637207,325.1634826660156,177.5681915283203
2019-08-06,47.08223342895508,126.22811889648438,58.002071380615234,89.3915023803711,91.54541778564453,51.384620666503906,107.15258026123047,95.65723419189453,42.03034973144531,32.34611511230469,3.776432991027832,182.75955200195312,163.82208251953125,174.56944274902344,136.7327117919922,41.19630432128906,42.92325210571289,24.855684280395508,326.52874755859375,180.6310577392578
2019-08-07,47.569786071777344,126.78106689453125,58.24129104614258,89.66999816894531,89.55583190917969,51.051513671875,106.69368743896484,96.69518280029297,42.762081146240234,32.62653732299805,3.814605474472046,183.3935089111328,166.51950073242188,173.82530212402344,129.97654724121094,40.994537353515625,42.711090087890625,24.606794357299805,325.477783203125,182.95140075683594
2019-08-08,48.618980407714844,130.16429138183594,59.741024017333984,91.64450073242188,91.07289123535156,52.41288375854492,107.89820098876953,98.30228424072266,43.17218017578125,32.88410568237305,3.922929286956787,188.35597229003906,170.8695526123047,176.88534545898438,132.89683532714844,41.38052749633789,43.380245208740234,24.801868438720703,332.4206848144531,183.947021484375
2019-08-09,48.21833038330078,129.0584259033203,58.884674072265625,90.37899780273438,90.97339630126953,51.297706604003906,108.1932144165039,97.74984741210938,42.9550666809082,32.50837326049805,3.8217949867248535,186.06793212890625,170.06227111816406,175.5894317626953,133.50404357910156,40.336585998535156,42.7845344543457,24.452072143554688,333.6066589355469,186.5963897705078
2019-08-12,48.095985412597656,127.2590103149414,58.171451568603516,89.24600219726562,89.26569366455078,51.048439025878906,108.10303497314453,97.1220474243164,42.77816390991211,31.88414192199707,3.754124164581299,183.61141967773438,167.48828125,173.07286071777344,130.8343505859375,40.00322341918945,42.05826187133789,23.806299209594727,329.050537109375,183.22982788085938
2019-08-13,50.13276672363281,129.8925018310547,59.27247619628906,91.21700286865234,90.6418228149414,51.6789436340332,109.3239517211914,98.14325714111328,43.01939392089844,32.547767639160156,3.868147850036621,186.66220092773438,169.64430236816406,174.17649841308594,132.0487060546875,41.09103012084961,43.02118682861328,23.67848777770996,328.9714660644531,185.3982696533203
2019-08-14,48.64056396484375,125.98088073730469,57.66378402709961,88.14800262451172,86.8781967163086,49.59682846069336,106.7346420288086,96.92115783691406,42.60929870605469,32.18110275268555,3.719916343688965,178.005126953125,164.8003387451172,168.5414276123047,128.03936767578125,40.240089416503906,41.29935836791992,23.032711029052734,316.67681884765625,182.65609741210938
2019-08-15,48.398258209228516,125.69874572753906,57.914894104003906,88.80599975585938,87.20978546142578,49.30357360839844,106.9640884399414,98.26044464111328,43.31691360473633,34.1477165222168,3.6876912117004395,180.85781860351562,167.66334533691406,168.7086181640625,128.57908630371094,40.09095001220703,37.74146270751953,23.19415283203125,324.1682434082031,184.16639709472656
2019-08-16,49.54020309448242,128.00254821777344,58.40473175048828,89.62850189208984,89.29885864257812,50.07337188720703,107.63597869873047,99.75874328613281,43.75112533569336,34.2386360168457,3.955153703689575,181.95726013183594,169.5276641845703,170.26370239257812,130.3042449951172,40.792762756347656,38.32084655761719,23.308509826660156,326.5896301269531,184.33509826660156
2019-08-19,50.4638557434082,130.14634704589844,59.45623016357422,90.80599975585938,90.10297393798828,50.91647720336914,108.36527252197266,100.64599609375,43.97627258300781,34.487125396728516,4.233273506164551,184.4038543701172,170.9639434814453,173.85877990722656,130.3909912109375,41.433170318603516,39.5775260925293,23.665027618408203,329.8807373046875,184.59669494628906
2019-08-20,50.46624755859375,129.06503295898438,58.61870193481445,90.06900024414062,88.95895385742188,50.60856246948242,107.01325988769531,99.52437591552734,43.3249626159668,33.95378494262695,4.161140441894531,182.0662384033203,170.48829650878906,181.50035095214844,130.23678588867188,40.880489349365234,39.11239242553711,23.281597137451172,327.87445068359375,184.33509826660156
2019-08-21,51.013221740722656,130.50369262695312,59.01740646362305,91.177001953125,89.2076416015625,51.11442947387695,107.77529907226562,99.77548217773438,43.501853942871094,33.944705963134766,4.244427680969238,181.8087158203125,172.10536193847656,184.26771545410156,130.843994140625,41.36298370361328,39.7978630065918,23.456499099731445,336.0181579589844,186.2251739501953
2019-08-22,50.97003936767578,129.55397033691406,59.01443099975586,90.23300170898438,90.12782287597656,51.00445556640625,107.56224822998047,99.95962524414062,43.815452575683594,33.91136169433594,4.250626087188721,180.31300354003906,171.29684448242188,184.7860870361328,131.1523895263672,41.038394927978516,39.316402435302734,23.59776496887207,350.2697448730469,185.19573974609375
2019-08-23,48.614173889160156,125.42610168457031,57.13531494140625,87.48100280761719,87.8895492553711,49.47952651977539,104.66157531738281,98.20184326171875,43.21237564086914,33.5841064453125,4.026542663574219,176.063720703125,166.67413330078125,181.81808471679688,126.90208435058594,39.441776275634766,38.03523254394531,23.09998321533203,351.8510437011719,181.1204071044922
2019-08-26,49.537803649902344,127.36311340332031,58.00701904296875,88.44349670410156,88.59420776367188,49.74345779418945,105.50363159179688,99.87593841552734,43.85566329956055,33.93560791015625,4.1011552810668945,178.64894104003906,168.91896057128906,182.80455017089844,129.7356414794922,39.9681396484375,38.43509292602539,23.436321258544922,354.84564208984375,183.0188751220703
2019-08-27,48.97883224487305,127.63582611083984,57.989192962646484,88.09149932861328,87.6574478149414,49.259586334228516,107.02262115478516,100.9054946899414,44.000404357910156,34.0659065246582,4.010677814483643,179.58001708984375,169.67031860351562,182.43675231933594,129.6199951171875,40.169898986816406,38.182125091552734,23.09998321533203,350.58599853515625,182.29322814941406
2019-08-28,49.3074951171875,127.46654510498047,58.134307861328125,88.2125015258789,88.53617095947266,49.61882781982422,106.23011779785156,101.6169662475586,44.31399917602539,34.15681457519531,4.000256061553955,180.03567504882812,169.94619750976562,185.56361389160156,131.6053924560547,40.169898986816406,38.247398376464844,23.59776496887207,355.7647705078125,183.9976348876953
2019-08-29,50.142364501953125,129.87367248535156,59.1491584777832,89.31999969482422,90.54232788085938,50.16868591308594,105.86688995361328,101.43283081054688,44.26575469970703,34.56893539428711,4.143672943115234,183.80953979492188,172.3240966796875,190.05325317382812,132.84864807128906,41.11735153198242,38.573814392089844,23.76593780517578,358.50238037109375,186.08172607421875
2019-08-30,50.077598571777344,129.6292266845703,58.96540832519531,88.81449890136719,91.07289123535156,50.2053337097168,105.9659423828125,100.63764953613281,44.257713317871094,34.62346649169922,4.156326770782471,183.90858459472656,171.9911651611328,190.5465545654297,132.28965759277344,41.591064453125,38.19844055175781,23.913930892944336,359.8366394042969,184.88572692871094
2019-09-03,49.348289489746094,127.91787719726562,57.926292419433594,89.49199676513672,89.99520111083984,50.26398468017578,106.27965545654297,101.58348846435547,44.46677780151367,34.73862075805664,4.073451519012451,180.65969848632812,170.4503631591797,187.3360595703125,131.37408447265625,41.213844299316406,37.945465087890625,24.29735565185547,350.2796325683594,184.17318725585938
2019-09-04,50.18555450439453,129.41293334960938,58.556297302246094,90.03099822998047,91.08119201660156,50.79917907714844,106.37870788574219,103.13202667236328,44.844703674316406,35.123470306396484,4.187342166900635,185.36465454101562,172.89479064941406,188.54739379882812,132.89683532714844,42.91573715209961,38.61461639404297,24.102283477783203,352.3649597167969,185.33529663085938
2019-09-05,51.1667594909668,131.68846130371094,60.0381965637207,92.03600311279297,93.15367889404297,51.51763916015625,106.14756774902344,102.75537109375,44.322044372558594,34.981040954589844,4.459782600402832,189.08897399902344,175.7102813720703,191.91201782226562,133.81243896484375,43.9509162902832,39.512245178222656,24.445344924926758,356.0909118652344,186.17501831054688
2019-09-06,51.161964416503906,130.79519653320312,59.747459411621094,91.67549896240234,93.35259246826172,52.001522064208984,105.84210968017578,102.84740447998047,44.41048812866211,34.76588821411133,4.432737350463867,185.71133422851562,176.67100524902344,194.418701171875,134.4967498779297,44.670265197753906,39.85498046875,24.552982330322266,358.7593688964844,186.63302612304688
2019-09-09,51.38027572631836,129.30950927734375,59.69545364379883,91.56749725341797,95.6655044555664,52.41209411621094,104.80193328857422,102.26151275634766,43.8395881652832,35.250732421875,4.478641510009766,186.96925354003906,172.685546875,195.88230895996094,133.8028106689453,45.25803756713867,39.64281463623047,24.774961471557617,354.5886535644531,184.2834930419922
2019-09-10,51.98723602294922,127.95545959472656,59.71675491333008,91.02749633789062,96.88414001464844,52.83729934692383,106.94831085205078,100.34467315673828,43.74309158325195,35.1658821105957,4.545137405395508,184.4038543701172,167.73948669433594,195.99168395996094,130.87290954589844,45.45980453491211,40.15691375732422,25.14494514465332,365.1735534667969,177.85401916503906
2019-09-11,53.64017105102539,127.99308013916016,60.42501449584961,91.14949798583984,97.14939880371094,52.73466873168945,108.28571319580078,101.50816345214844,44.04060745239258,35.15679168701172,4.573671817779541,186.70184326171875,166.43637084960938,195.7056884765625,131.25840759277344,46.31075668334961,40.8260498046875,25.16512680053711,378.4664306640625,178.29505920410156
2019-09-12,53.52021026611328,129.30950927734375,61.16645812988281,92.17749786376953,97.74626159667969,52.77132034301758,107.6748046875,102.76371002197266,44.31399917602539,35.42951202392578,4.572183132171631,185.69151306152344,169.2898406982422,196.66461181640625,132.52096557617188,46.50373840332031,40.74446105957031,25.077672958374023,371.2418518066406,179.9490966796875
2019-09-13,52.47903823852539,129.12149047851562,61.41707229614258,91.96700286865234,99.66951751708984,53.255191802978516,107.96372985839844,102.21965789794922,43.949501037597656,35.58406066894531,4.514371395111084,185.41416931152344,168.61453247070312,196.81600952148438,133.0221405029297,46.091434478759766,40.8260498046875,24.828773498535156,375.3235778808594,177.96426391601562
2019-09-16,52.754913330078125,128.1905517578125,61.00102996826172,90.39199829101562,98.78248596191406,54.05430603027344,106.9400634765625,100.23584747314453,43.70651626586914,35.020442962646484,4.471444606781006,184.45335388183594,167.51116943359375,194.3009796142578,130.88253784179688,45.79315948486328,40.76893997192383,24.774961471557617,374.4241943359375,175.92007446289062
2019-09-17,52.94684982299805,129.187255859375,60.914363861083984,91.12750244140625,98.29338836669922,53.64375305175781,107.0473861694336,101.41608428955078,43.93330001831055,35.3052864074707,4.4927849769592285,186.29571533203125,167.83457946777344,193.64483642578125,131.37408447265625,45.5738525390625,40.32012939453125,24.552982330322266,379.71173095703125,177.9982147216797
2019-09-18,53.443450927734375,130.24978637695312,61.051551818847656,90.87300109863281,99.27989959716797,53.38716125488281,107.65829467773438,101.62537384033203,43.92520523071289,35.50223159790039,4.465738296508789,186.3551483154297,166.7312469482422,194.1663818359375,131.8463592529297,45.38963317871094,40.26301193237305,24.47225570678711,381.8959045410156,178.4901580810547
2019-09-19,53.009220123291016,132.64759826660156,61.353675842285156,91.07499694824219,98.9648666381836,53.027931213378906,107.4106216430664,102.03551483154297,44.16010665893555,35.487091064453125,4.39030647277832,188.33616638183594,167.3685302734375,191.88677978515625,128.47305297851562,45.24048614501953,40.140586853027344,24.559703826904297,379.94891357421875,178.56654357910156
2019-09-20,52.234336853027344,131.1148681640625,60.91237258911133,89.70800018310547,98.56696319580078,52.84465026855469,108.68195343017578,102.32011413574219,43.666015625,35.447696685791016,4.28485631942749,188.12815856933594,165.56129455566406,188.98475646972656,127.48036193847656,44.49481964111328,40.475162506103516,24.680788040161133,374.9579162597656,177.60801696777344
2019-09-23,52.471832275390625,130.8328094482422,61.152591705322266,89.26499938964844,98.55038452148438,52.88130187988281,108.7562484741211,103.14039611816406,43.852298736572266,35.641632080078125,4.338201522827148,185.0476837158203,166.3697509765625,190.31381225585938,127.66349029541016,44.65271759033203,40.328285217285156,24.378074645996094,372.6254577636719,179.43167114257812
2019-09-24,52.222347259521484,129.1778564453125,60.342308044433594,87.08049774169922,97.26544189453125,52.155479431152344,108.59941101074219,103.46683502197266,43.98190689086914,35.877986907958984,4.280884742736816,179.5602264404297,165.96078491210938,189.60720825195312,127.19120788574219,43.70528030395508,40.08346176147461,24.223360061645508,377.1914978027344,179.83880615234375
2019-09-25,53.0260124206543,131.03961181640625,61.70978546142578,88.41649627685547,97.82088470458984,52.309452056884766,108.13709259033203,102.97301483154297,43.87660217285156,35.899200439453125,4.422316074371338,181.06581115722656,166.7217254638672,191.86997985839844,128.27064514160156,44.75800323486328,40.48332977294922,24.14936637878418,381.6883544921875,180.35623168945312
2019-09-26,52.752525329589844,131.20889282226562,61.52900695800781,86.99199676513672,97.0167465209961,52.03084182739258,106.37044525146484,104.05278778076172,44.05480194091797,35.84769058227539,4.400232791900635,178.40133666992188,167.07362365722656,193.29150390625,126.51655578613281,44.670265197753906,39.846832275390625,24.068645477294922,382.37030029296875,180.33079528808594
2019-09-27,52.49583053588867,129.50697326660156,60.7197151184082,86.27249908447266,97.5887451171875,52.404747009277344,106.1640853881836,104.27042388916016,43.99000930786133,35.89314270019531,4.26177978515625,175.41989135742188,165.5041961669922,193.35040283203125,125.2540054321289,44.54744338989258,39.85498046875,24.364622116088867,378.3873596191406,180.8057861328125
2019-09-30,53.7313232421875,130.72938537597656,60.48147964477539,86.79550170898438,97.56388092041016,51.76691818237305,106.80801391601562,104.11136627197266,44.09529495239258,35.96283721923828,4.31909704208374,176.3905792236328,163.61135864257812,195.1673583984375,125.60099029541016,45.205406188964844,40.32012939453125,24.16954803466797,376.0252685546875,182.12054443359375
2019-10-01,53.88007354736328,128.88641357421875,59.73160934448242,86.78250122070312,95.78984069824219,50.549903869628906,107.31156921386719,103.66775512695312,44.265403747558594,35.71133041381836,4.31735897064209,174.14212036132812,165.78001403808594,194.3766326904297,124.85885620117188,44.5299072265625,38.95735168457031,23.833202362060547,370.5599060058594,177.29415893554688
2019-10-02,52.529422760009766,126.6108169555664,58.34084701538086,85.6614990234375,93.8831787109375,49.23025894165039,108.97090148925781,101.3491439819336,42.99374008178711,35.187103271484375,4.293540954589844,172.943603515625,161.53775024414062,189.72496032714844,124.46369171142578,43.328060150146484,37.99443817138672,23.342147827148438,363.06842041015625,174.9615936279297
2019-10-03,52.975643157958984,128.1435546875,58.91092300415039,86.22100067138672,93.74945068359375,49.83876419067383,108.30218505859375,101.90157318115234,43.60931396484375,35.244659423828125,4.4987382888793945,177.6782684326172,164.4293975830078,190.78488159179688,123.50953674316406,43.88949966430664,38.69331359863281,23.846656799316406,367.7234191894531,178.1508331298828
2019-10-04,54.46064376831055,129.87367248535156,59.97727584838867,86.98249816894531,95.78004455566406,50.5645751953125,110.34126281738281,103.79328155517578,44.176307678222656,35.80526351928711,4.515115737915039,178.73809814453125,167.3875274658203,191.72698974609375,125.55278778076172,44.670265197753906,39.071529388427734,24.16954803466797,371.3110046386719,179.5589141845703
2019-10-07,54.47264099121094,128.9334259033203,59.843055725097656,86.63300323486328,95.57115173339844,49.86809158325195,109.92852020263672,102.82231140136719,43.633609771728516,35.52345657348633,4.573671817779541,177.9753875732422,166.36024475097656,190.72593688964844,126.15996551513672,44.40708923339844,39.27707290649414,24.102283477783203,372.1412048339844,179.75401306152344
2019-10-08,53.834495544433594,127.56993865966797,58.94559097290039,85.27549743652344,93.44029998779297,48.900352478027344,108.83878326416016,101.22358703613281,43.39872360229492,35.62950134277344,4.39750337600708,176.063720703125,164.0013427734375,190.66709899902344,123.81796264648438,43.62632751464844,38.14242935180664,23.833202362060547,369.7297058105469,179.0669403076172
2019-10-09,54.4654541015625,129.98651123046875,59.553306579589844,86.09950256347656,94.11714935302734,49.44286346435547,106.67589569091797,102.10246276855469,43.60121536254883,36.03860092163086,4.483850002288818,178.143798828125,166.3412322998047,192.5765380859375,124.64682006835938,44.28426742553711,38.512428283691406,24.00810432434082,370.57965087890625,180.52589416503906
2019-10-10,55.19954299926758,130.79519653320312,59.90346908569336,86.01300048828125,95.43743133544922,50.03672409057617,106.54377746582031,102.06898498535156,43.46352005004883,36.244651794433594,4.541415214538574,178.3220977783203,166.3412322998047,194.82244873046875,124.65645599365234,44.83694839477539,37.94510269165039,24.07537269592285,366.6659240722656,179.6182403564453
2019-10-11,56.667762756347656,131.3405303955078,60.21253967285156,86.59600067138672,97.05020904541016,50.57191848754883,108.41776275634766,101.35749053955078,43.17193603515625,36.435546875,4.6148600578308105,182.442626953125,168.41476440429688,197.38804626464844,125.31182861328125,45.69666290283203,38.28221130371094,24.290630340576172,370.5401611328125,177.29415893554688
2019-10-14,56.58619689941406,131.21835327148438,60.31456756591797,86.82150268554688,97.30924224853516,50.71853256225586,107.91419219970703,100.48696899414062,43.17193603515625,36.11131286621094,4.628260612487793,181.54122924804688,168.70018005371094,196.98426818847656,125.00341033935547,45.301902770996094,37.86287307739258,24.418437957763672,368.8204345703125,176.7513427734375
2019-10-15,56.454246520996094,133.11773681640625,61.52653121948242,88.36900329589844,100.24232482910156,50.89448547363281,109.66434478759766,98.10140228271484,43.34202575683594,36.22041320800781,4.8724141120910645,187.09803771972656,170.0222930908203,198.19549560546875,125.06122589111328,46.18793487548828,38.117759704589844,24.552982330322266,366.6263732910156,175.76739501953125
2019-10-16,56.2263298034668,132.02696228027344,61.564178466796875,88.87149810791016,100.00833892822266,50.02204895019531,111.58784484863281,98.37763214111328,43.325828552246094,36.18708038330078,4.818818092346191,187.75177001953125,169.1852264404297,198.43104553222656,126.12139892578125,46.01248550415039,38.471317291259766,24.445344924926758,368.0791931152344,176.68350219726562
2019-10-17,56.44464111328125,131.34996032714844,62.049560546875,89.3740005493164,100.56822204589844,49.9560661315918,112.41339874267578,98.24787902832031,43.568817138671875,36.31434631347656,4.820804595947266,188.5837860107422,169.25184631347656,199.16285705566406,127.57673645019531,45.494903564453125,38.66864776611328,24.52606964111328,364.74859619140625,175.4535369873047
2019-10-18,56.71574020385742,129.2061309814453,61.63401412963867,87.87550354003906,100.74369049072266,49.5675048828125,105.42107391357422,98.95550537109375,44.37069320678711,36.102230072021484,4.726516246795654,184.0868682861328,167.1306915283203,200.1386260986328,126.15031433105469,45.05626678466797,38.40554428100586,24.52606964111328,339.9813232421875,176.8531036376953
2019-10-21,57.699337005615234,130.16519165039062,61.62757110595703,89.28299713134766,103.24223327636719,50.395957946777344,105.68524932861328,100.3117446899414,43.92520523071289,36.28403854370117,4.863481044769287,187.95977783203125,167.81552124023438,199.10403442382812,125.54312896728516,45.73176193237305,38.96463394165039,24.52606964111328,327.1925048828125,177.9982147216797
2019-10-22,57.567405700683594,128.2281494140625,61.47502517700195,88.2864990234375,104.27841186523438,50.652549743652344,106.65938568115234,102.92314147949219,43.61740493774414,36.235557556152344,4.853556156158447,180.61016845703125,162.51748657226562,199.52455139160156,127.60565185546875,45.62648391723633,39.09619140625,24.505889892578125,333.0631103515625,169.02406311035156
2019-10-23,58.33988952636719,129.0462188720703,62.28877639770508,88.1084976196289,104.55418395996094,51.13642883300781,107.23725128173828,103.61392211914062,44.25730514526367,36.16585922241211,4.840654373168945,184.384033203125,162.95509338378906,197.39642333984375,126.38164520263672,45.37207794189453,38.685089111328125,24.734596252441406,336.522216796875,168.9732208251953
2019-10-24,58.435855865478516,131.5850372314453,62.362083435058594,89.03900146484375,104.47895812988281,50.652549743652344,105.25596618652344,105.12178802490234,44.23299789428711,36.090110778808594,4.884572982788086,184.61184692382812,167.55874633789062,196.74029541015625,125.54312896728516,45.81948471069336,38.15887451171875,24.478979110717773,340.5248718261719,166.26739501953125
2019-10-25,59.155574798583984,132.32785034179688,62.619136810302734,88.06649780273438,105.31461334228516,50.769859313964844,105.95767974853516,103.82451629638672,43.53641891479492,36.07192611694336,5.075130462646484,186.1074981689453,169.1662139892578,197.15249633789062,126.15996551513672,49.530303955078125,38.56175231933594,24.734596252441406,335.86004638671875,165.07138061523438
2019-10-28,59.748130798339844,135.58123779296875,63.841495513916016,88.85399627685547,105.71570587158203,50.32265090942383,106.64286804199219,104.01824951171875,43.3906135559082,36.126461029052734,5.130958080291748,187.6031951904297,171.05906677246094,199.18807983398438,125.80337524414062,49.793487548828125,38.78374481201172,25.077672958374023,336.89776611328125,162.67088317871094
2019-10-29,58.36627960205078,134.302490234375,62.43885803222656,88.135498046875,105.64884948730469,50.17601776123047,106.59333038330078,104.11933135986328,43.26102828979492,35.49921798706055,5.034935474395752,187.5140380859375,168.9569549560547,196.95059204101562,124.79138946533203,49.42503356933594,38.84130859375,25.703266143798828,344.8537292480469,163.38343811035156
2019-10-30,58.35907745361328,135.9761962890625,62.44082260131836,88.99949645996094,105.06391906738281,49.648155212402344,109.66434478759766,105.2481689453125,43.69031524658203,35.78709030151367,5.036918640136719,186.464111328125,170.4978485107422,198.717041015625,124.90702819824219,49.65312194824219,39.10442352294922,25.884889602661133,342.0172424316406,167.0053253173828
2019-10-31,59.67856216430664,134.8102569580078,62.34672546386719,88.83300018310547,104.3870620727539,49.538177490234375,109.00393676757812,104.88591766357422,44.08720779418945,35.53254318237305,4.987790584564209,189.83184814453125,170.12689208984375,197.32070922851562,125.21544647216797,49.59170913696289,39.06330490112305,25.810897827148438,335.9391174316406,166.84414672851562
2019-11-01,61.37228012084961,135.1393280029297,63.01288986206055,89.5719985961914,106.79366302490234,51.02645492553711,108.31047058105469,104.34679412841797,43.65790939331055,35.641632080078125,5.026745796203613,191.7831573486328,172.09588623046875,199.64236450195312,127.94295501708984,49.57416915893555,38.66864776611328,25.824350357055664,341.1574401855469,164.5030975341797
2019-11-04,61.77531433105469,135.91978454589844,63.87270736694336,90.23300170898438,107.64601135253906,52.544044494628906,107.50965881347656,100.30333709716797,43.04232406616211,35.62647247314453,5.223012924194336,192.8727264404297,170.21249389648438,197.6067352294922,128.10682678222656,50.53916549682617,39.038639068603516,25.582181930541992,346.9884948730469,160.0245361328125
2019-11-05,61.686553955078125,135.83517456054688,63.963348388671875,90.08550262451172,107.87998962402344,53.585105895996094,107.66654968261719,100.16011810302734,42.45913314819336,36.01738357543945,5.200930595397949,192.4765167236328,167.7584686279297,195.31875610351562,126.69004821777344,50.48652648925781,39.268863677978516,25.212207794189453,354.1044006347656,163.01022338867188
2019-11-06,61.71293640136719,135.4590606689453,63.942047119140625,89.78849792480469,108.0470962524414,52.41209411621094,108.11234283447266,101.35629272460938,42.766929626464844,36.21131134033203,5.151800632476807,189.73280334472656,168.13894653320312,196.84127807617188,126.51655578613281,50.80848693847656,39.68819046020508,25.29965591430664,350.05230712890625,164.7066650390625
2019-11-07,62.42517852783203,135.6470947265625,64.73103332519531,89.41000366210938,108.6320571899414,53.526451110839844,108.50032806396484,100.76663208007812,42.353851318359375,36.432518005371094,5.1694183349609375,188.613525390625,169.7178955078125,195.94119262695312,128.14535522460938,51.2054328918457,39.81150817871094,25.0687313079834,355.1966857910156,163.77359008789062
2019-11-08,62.596038818359375,137.24563598632812,64.83306884765625,89.29399871826172,108.9496078491211,52.509944915771484,109.79643249511719,100.83403778076172,42.28904724121094,36.19314193725586,5.155523300170898,189.02952575683594,170.23153686523438,195.85707092285156,132.96429443359375,51.39948654174805,40.14862823486328,25.163820266723633,348.92401123046875,164.2231903076172
2019-11-11,63.09173583984375,137.38668823242188,64.3021240234375,88.5824966430664,108.56519317626953,52.19088363647461,108.95438385009766,100.5223388671875,41.98935317993164,36.07192611694336,5.16544771194458,187.8112335205078,170.77366638183594,194.9822540283203,131.7884979248047,51.47005081176758,39.54840850830078,25.08231544494629,364.78961181640625,163.400390625
2019-11-12,63.033973693847656,138.2893524169922,64.2491226196289,88.9000015258789,107.93011474609375,51.471168518066406,108.4343032836914,100.47180938720703,41.88405990600586,36.09617233276367,5.200930595397949,192.62509155273438,170.9639434814453,196.09262084960938,133.56185913085938,51.337738037109375,39.77040481567383,25.10948371887207,360.7337341308594,163.9432373046875
2019-11-13,63.6379280090332,138.51502990722656,64.19810485839844,87.65550231933594,107.36188507080078,51.04823684692383,108.36824798583984,101.63429260253906,42.4510498046875,36.6597900390625,5.1751251220703125,191.35726928710938,170.65005493164062,197.50576782226562,143.33468627929688,51.064300537109375,39.84440612792969,24.858182907104492,360.3559875488281,165.40220642089844
2019-11-14,63.19761276245117,139.22021484375,64.84049224853516,87.7300033569336,107.46217346191406,50.825645446777344,108.11234283447266,101.5079345703125,42.629241943359375,36.55979537963867,5.2053961753845215,191.31761169433594,171.25979614257812,198.977783203125,141.82151794433594,50.993743896484375,36.92555618286133,24.82423210144043,365.26678466796875,164.5540008544922
2019-11-15,63.94832229614258,141.01617431640625,66.04849243164062,86.97450256347656,108.23928833007812,51.337615966796875,111.39798736572266,101.5416488647461,42.66163635253906,36.02040481567383,5.066447734832764,193.2491455078125,171.27891540527344,199.6002655029297,139.4313507080078,51.12604904174805,37.07354736328125,25.32002830505371,369.481689453125,164.52854919433594
2019-11-18,64.27078247070312,141.36407470703125,65.36994171142578,87.62650299072266,109.15015411376953,50.84048843383789,111.30717468261719,102.67884826660156,42.953224182128906,36.43858337402344,5.267178535461426,195.52731323242188,171.17404174804688,200.9124755859375,142.30340576171875,51.38185119628906,37.12289047241211,25.279281616210938,367.2748107910156,164.79148864746094
2019-11-19,64.07588195800781,141.4111328125,65.0108871459961,87.6395034790039,109.1167221069336,50.32109451293945,111.29891204833984,102.28294372558594,42.99374008178711,36.329498291015625,5.160732746124268,197.42910766601562,174.13719177246094,189.9857635498047,143.00698852539062,51.47005081176758,37.385990142822266,25.578126907348633,364.8293762207031,164.0789794921875
2019-11-20,63.3299446105957,141.16580200195312,64.47943115234375,87.27649688720703,108.32288360595703,50.47691345214844,112.22350311279297,103.01583862304688,43.10712432861328,36.09919738769531,5.2398858070373535,195.63623046875,173.0796356201172,185.8135528564453,141.6094970703125,51.073116302490234,37.065330505371094,25.163820266723633,368.71624755859375,164.66427612304688
2019-11-21,63.0460090637207,141.03370666503906,64.39424133300781,86.7354965209961,108.57353973388672,51.69375991821289,112.63623809814453,101.37317657470703,42.89653015136719,36.32040023803711,5.215074062347412,196.05224609375,171.3932342529297,183.82838439941406,141.58056640625,51.35538864135742,36.86800003051758,25.632461547851562,364.2726745605469,163.15440368652344
2019-11-22,62.990657806396484,141.1375274658203,64.07380676269531,87.28600311279297,109.29222106933594,51.471168518066406,113.98191833496094,101.33104705810547,42.953224182128906,36.16890335083008,5.232690334320068,196.93386840820312,170.9930419921875,183.3994140625,142.92025756835938,50.81730651855469,36.876224517822266,26.033174514770508,369.1437072753906,163.82449340820312
2019-11-25,64.0951156616211,142.6848602294922,64.66665649414062,88.69200134277344,109.87715148925781,51.12986373901367,114.03176879882812,101.51637268066406,43.10712432861328,36.03556442260742,5.488753318786621,197.89462280273438,172.42221069335938,183.71066284179688,144.26956176757812,51.875823974609375,37.36954879760742,26.270889282226562,370.9231262207031,162.76426696777344
2019-11-26,63.59465408325195,143.43963623046875,65.03119659423828,89.84700012207031,110.02755737304688,51.00372314453125,114.02345275878906,102.99056243896484,43.65790939331055,36.11737823486328,5.384293079376221,197.08241271972656,173.92759704589844,185.69580078125,146.14892578125,51.95520782470703,37.254432678222656,26.006011962890625,371.3008728027344,164.5624237060547
2019-11-27,64.44883728027344,143.71324157714844,64.98809051513672,90.92549896240234,110.35343933105469,50.97404479980469,114.50559997558594,102.5693588256836,43.69841766357422,35.98707580566406,5.419056415557861,200.08364868164062,175.66163635253906,187.5800018310547,145.99473571777344,51.6111946105957,37.196876525878906,26.236927032470703,365.8234558105469,166.5048828125
2019-11-29,64.30687713623047,142.82635498046875,64.58988952636719,90.04000091552734,110.1027603149414,50.551109313964844,114.28952026367188,102.82206726074219,43.57601547241211,36.087074279785156,5.381809711456299,199.72708129882812,175.7949981689453,185.4855194091797,146.09112548828125,51.2054328918457,37.254432678222656,26.1622257232666,364.01422119140625,166.0182647705078
2019-12-02,63.56332778930664,141.09979248046875,63.83556365966797,89.08000183105469,109.86044311523438,50.76628494262695,114.1814193725586,103.37803649902344,43.861629486083984,36.1446418762207,5.195827007293701,197.80548095703125,173.20346069335938,183.0545196533203,145.16586303710938,50.86141586303711,36.75288772583008,26.006011962890625,353.07928466796875,166.61585998535156
2019-12-03,62.43000411987305,140.87332153320312,64.12677764892578,88.49800109863281,108.44821166992188,50.365604400634766,114.01514434814453,103.5718002319336,43.90242004394531,35.959808349609375,5.15634822845459,196.93386840820312,173.30828857421875,180.00953674316406,143.1997528076172,49.45888137817383,36.40756607055664,25.84300422668457,349.99761962890625,164.85731506347656
2019-12-04,62.98102569580078,141.38279724121094,65.32538604736328,88.03450012207031,110.58743286132812,50.93693923950195,115.86054992675781,104.90277862548828,44.302276611328125,35.96586608886719,5.20004940032959,196.82489013671875,172.06968688964844,181.2455291748047,142.91062927246094,49.414791107177734,36.086891174316406,25.904130935668945,346.7767639160156,165.87315368652344
2019-12-05,63.905025482177734,141.45828247070312,65.72261047363281,87.02400207519531,111.18909454345703,50.75886154174805,116.0101318359375,104.97857666015625,44.220664978027344,36.11805725097656,5.183164596557617,197.4687042236328,173.2987823486328,180.3142547607422,142.1010284423828,49.46771240234375,35.78268051147461,25.82942008972168,343.6354675292969,165.787841796875
2019-12-06,65.13943481445312,143.1754608154297,66.3382339477539,87.58000183105469,112.8436508178711,51.575050354003906,116.6917953491211,104.61637115478516,44.408355712890625,36.458961486816406,5.268334865570068,199.14268493652344,173.5655517578125,181.3978729248047,142.3130645751953,50.11164474487305,36.0457878112793,26.006011962890625,351.9957275390625,166.76100158691406
2019-12-09,64.22747039794922,142.80751037597656,66.51654815673828,87.47550201416016,112.31716918945312,51.68634796142578,116.79154205322266,105.1891860961914,44.12275695800781,36.33113479614258,5.268334865570068,199.42991638183594,174.28004455566406,183.3025665283203,140.9155731201172,49.86465072631836,36.095123291015625,26.02638816833496,349.13275146484375,166.18898010253906
2019-12-10,64.60285949707031,142.5904998779297,66.5115966796875,86.96050262451172,112.39240264892578,51.24115753173828,116.36761474609375,104.68373107910156,43.8779411315918,36.26416015625,5.313278675079346,198.96437072753906,173.6512908935547,182.76925659179688,140.8095703125,49.91757583618164,36.25956344604492,26.135051727294922,345.84234619140625,166.41949462890625
2019-12-11,65.15385437011719,143.1282958984375,66.57896423339844,87.43599700927734,112.12496948242188,51.16694641113281,117.19053649902344,105.01229095458984,44.02482604980469,36.22154998779297,5.396708965301514,200.34120178222656,173.41307067871094,179.46775817871094,142.24557495117188,50.34098815917969,36.40756607055664,25.95846939086914,347.929931640625,166.22312927246094
2019-12-12,65.31991577148438,144.581298828125,66.7889633178711,88.0165023803711,115.33381652832031,52.19088363647461,117.48979949951172,104.93647003173828,44.17985916137695,36.45287322998047,5.56381893157959,194.8834686279297,174.01332092285156,179.50161743164062,142.40943908691406,50.76438903808594,37.55043029785156,26.17580223083496,344.24188232421875,167.58047485351562
2019-12-13,66.20780944824219,145.7984161376953,66.70870971679688,88.0469970703125,114.32270050048828,51.36729431152344,117.52304077148438,105.69461059570312,44.408355712890625,36.61420440673828,5.561833381652832,192.2685089111328,176.395263671875,181.22857666015625,141.92465209960938,50.97609329223633,37.246212005615234,26.033174514770508,339.6492004394531,168.27194213867188
2019-12-16,67.34114074707031,146.74191284179688,67.39370727539062,88.46050262451172,114.76557922363281,51.93861770629883,117.86387634277344,105.77043914794922,44.408355712890625,36.69029998779297,5.590636253356934,196.04237365722656,177.44326782226562,182.45602416992188,143.94134521484375,50.896697998046875,37.805320739746094,26.58331871032715,325.0659484863281,168.9207000732422
2019-12-17,67.4735107421875,145.94935607910156,67.10594177246094,89.53299713134766,115.46751403808594,51.70118713378906,119.33518981933594,105.55984497070312,44.408355712890625,36.9155387878418,5.668603897094727,196.50790405273438,176.75729370117188,184.30996704101562,143.2335662841797,50.54385757446289,38.18354415893555,26.420310974121094,325.0659484863281,167.759765625
2019-12-18,67.31226348876953,145.6473846435547,66.95833587646484,89.20149993896484,115.35052490234375,51.842159271240234,119.02765655517578,104.46473693847656,43.9921875,36.483306884765625,5.698898792266846,200.57891845703125,176.1665496826172,184.54701232910156,141.8083038330078,50.4291877746582,38.34797668457031,26.41352653503418,328.72418212890625,167.00003051757812
2019-12-19,67.37965393066406,146.9116973876953,67.18269348144531,89.61399841308594,114.7739486694336,51.48600387573242,120.82316589355469,105.2313232421875,44.326759338378906,36.550289154052734,5.846640110015869,204.10513305664062,177.7291259765625,186.42636108398438,141.70166015625,51.12604904174805,39.36752700805664,26.467857360839844,331.5274963378906,168.22068786621094
2019-12-20,67.24009704589844,148.51565551757812,66.92415618896484,89.32499694824219,114.68202209472656,51.894100189208984,121.41333770751953,105.60193634033203,44.857177734375,36.61420440673828,5.943731307983398,204.3428955078125,179.1201171875,187.2475128173828,142.40945434570312,51.99931716918945,39.01396942138672,26.644447326660156,326.0600280761719,168.28903198242188
2019-12-23,68.33731842041016,148.51565551757812,66.89495086669922,89.6500015258789,114.64859771728516,52.1537971496582,121.72918701171875,105.21444702148438,44.80820846557617,36.23067855834961,5.930072784423828,204.2239990234375,178.2436065673828,185.57135009765625,140.27639770507812,52.24630355834961,39.54840850830078,26.705568313598633,335.5535583496094,167.48655700683594
2019-12-24,68.40230560302734,148.4873504638672,66.58787536621094,89.46050262451172,114.96614837646484,51.953453063964844,121.30523681640625,105.48401641845703,44.645015716552734,36.37678527832031,5.925106048583984,203.174072265625,178.71046447753906,186.8072509765625,140.86782836914062,52.40507125854492,39.285301208496094,26.68519401550293,331.03045654296875,167.88775634765625
2019-12-26,69.75943756103516,149.7044677734375,67.48136901855469,93.4384994506836,116.18612670898438,52.035072326660156,121.22216033935547,105.48401641845703,44.897972106933594,36.37983703613281,5.939260482788086,205.8187255859375,180.225341796875,186.9342803955078,141.26535034179688,52.7667350769043,39.34285354614258,26.746322631835938,327.96868896484375,168.22068786621094
2019-12-27,69.73294067382812,149.97805786132812,67.09355926513672,93.48999786376953,116.26969909667969,51.85700225830078,121.15565490722656,106.21690368652344,45.167274475097656,36.4011344909668,5.881652355194092,206.12579345703125,180.44442749023438,186.21475219726562,141.31382751464844,52.99608612060547,39.27707290649414,26.705568313598633,328.1874084472656,169.16824340820312
2019-12-30,70.14682006835938,148.6855010986328,66.3541030883789,92.34449768066406,115.84353637695312,51.552791595458984,120.78157043457031,104.85221862792969,45.101985931396484,36.34330749511719,5.768673419952393,202.47079467773438,178.9582061767578,183.96290588378906,139.3940887451172,52.59031677246094,39.12908172607422,26.427106857299805,324.4695129394531,168.09266662597656
2019-12-31,70.65937805175781,148.7892608642578,66.3382339477539,92.39199829101562,116.48697662353516,51.77538299560547,121.25536346435547,105.21444702148438,45.167274475097656,36.172855377197266,5.8426690101623535,203.30284118652344,179.02484130859375,184.8686981201172,140.22792053222656,52.793190002441406,39.433292388916016,26.61048698425293,323.83331298828125,168.69021606445312
2020-01-02,72.27153015136719,151.5442657470703,67.78893280029297,94.90049743652344,117.89920806884766,52.60641860961914,121.33853912353516,103.95928955078125,44.873504638671875,36.20329666137695,5.957137584686279,207.78985595703125,182.09280395507812,185.9522705078125,143.68927001953125,53.66646957397461,40.104190826416016,26.58331871032715,331.34857177734375,171.4048614501953
2020-01-03,71.56890869140625,149.65725708007812,67.43431091308594,93.74849700927734,116.34337615966797,52.183467864990234,119.9337158203125,103.26008605957031,44.62868881225586,35.88368606567383,5.861787796020508,206.69036865234375,180.64456176757812,185.3343048095703,142.04100036621094,53.013710021972656,39.44986343383789,26.440690994262695,330.7919006347656,170.79872131347656
2020-01-06,72.13919067382812,150.0441436767578,69.2317123413086,95.14399719238281,116.2508316040039,52.584136962890625,119.78404235839844,103.40330505371094,44.612369537353516,35.81062316894531,5.8863701820373535,210.58309936523438,180.25399780273438,186.2062225341797,141.2168731689453,52.863765716552734,39.59066390991211,26.406726837158203,331.7660827636719,172.71945190429688
2020-01-07,71.7999267578125,148.67604064941406,69.09798431396484,95.34300231933594,114.27450561523438,52.1537971496582,120.51555633544922,102.76311492919922,44.269630432128906,35.478851318359375,5.9576334953308105,211.03872680664062,179.77757263183594,184.98719787597656,141.26535034179688,51.98167419433594,39.333900451660156,26.318437576293945,335.28515625,172.9755401611328
2020-01-08,72.95492553710938,151.04420471191406,69.58979797363281,94.59850311279297,115.16595458984375,51.36729431152344,120.49897003173828,103.20115661621094,44.35123825073242,35.35710525512695,5.968807697296143,213.17823791503906,182.85499572753906,187.75540161132812,140.9744873046875,52.01696014404297,39.358760833740234,26.528974533081055,329.41009521484375,175.7755584716797
2020-01-09,74.50452423095703,152.9312286376953,70.32035827636719,95.05249786376953,115.58645629882812,51.76054000854492,120.85636138916016,104.32994842529297,45.15911102294922,35.72236251831055,6.034361362457275,216.22901916503906,184.12217712402344,190.63369750976562,140.4218292236328,52.30804443359375,39.1931037902832,26.41352653503418,334.3507080078125,177.8584442138672
2020-01-10,74.6729736328125,152.2235870361328,70.77452087402344,94.15799713134766,114.43431854248047,51.30051803588867,120.58208465576172,104.4310302734375,45.314151763916016,35.424068450927734,6.066640853881836,215.9912872314453,184.6176300048828,189.8125,140.2182159423828,51.9904899597168,39.03573989868164,26.821033477783203,327.96868896484375,176.93655395507812
2020-01-13,76.268310546875,154.05398559570312,71.32281494140625,94.56500244140625,115.3846206665039,51.79021453857422,121.11408233642578,105.19760131835938,45.803768157958984,35.27187728881836,6.256843566894531,219.8048095703125,186.10391235351562,189.06756591796875,139.50074768066406,52.56385040283203,39.73147964477539,26.766685485839844,328.26690673828125,176.2876739501953
2020-01-14,75.2384262084961,152.96896362304688,70.85526275634766,93.47200012207031,116.73021697998047,51.345027923583984,121.79570007324219,105.03755187988281,45.69768524169922,35.363182067871094,6.140141010284424,216.98179626464844,186.7899169921875,188.618896484375,140.7805633544922,52.42271423339844,39.582393646240234,27.21495819091797,330.3843078613281,176.97918701171875
2020-01-15,74.9159927368164,153.95960998535156,71.28170013427734,93.10099792480469,114.9809341430664,51.2634162902832,122.2030258178711,106.10739135742188,46.26890563964844,35.08925247192383,6.097681045532227,219.05201721191406,190.36282348632812,190.12576293945312,139.9273681640625,51.9904899597168,39.764610290527344,27.622472763061523,327.8493957519531,179.0706329345703
2020-01-16,75.85442352294922,156.78062438964844,71.82454681396484,93.89700317382812,115.42667388916016,51.06307601928711,123.19225311279297,106.20005798339844,46.366844177246094,35.2779541015625,6.181110858917236,219.66612243652344,191.45846557617188,193.70664978027344,140.70298767089844,52.6255989074707,40.62598419189453,27.58171844482422,330.036376953125,179.99261474609375
2020-01-17,76.69422149658203,157.65814208984375,73.2787094116211,93.23600006103516,116.22561645507812,50.87016296386719,123.99853515625,106.48646545410156,46.464752197265625,34.99184799194336,6.189802646636963,220.03260803222656,195.03138732910156,196.322509765625,139.93707275390625,52.57267761230469,40.601139068603516,27.513797760009766,322.2328186035156,180.95718383789062
2020-01-21,76.1744613647461,157.09201049804688,73.4139175415039,94.5999984741211,115.0818862915039,50.143028259277344,124.08167266845703,106.21690368652344,46.65244674682617,35.18360137939453,6.156528949737549,219.33921813964844,197.49900817871094,197.202880859375,139.1904754638672,53.41066360473633,40.41892623901367,27.398345947265625,311.5165710449219,180.2572021484375
2020-01-22,76.4463882446289,156.33726501464844,73.49414825439453,94.37300109863281,114.94729614257812,49.8536491394043,123.23377990722656,106.4022216796875,47.01150131225586,35.338829040527344,6.210411548614502,219.22039794921875,198.08018493652344,197.16053771972656,139.62680053710938,55.333621978759766,40.64255905151367,27.296466827392578,307.17242431640625,180.49623107910156
2020-01-23,76.81452941894531,157.29957580566406,73.5347671508789,94.22899627685547,114.82954406738281,49.542015075683594,123.4665298461914,105.91583251953125,47.191036224365234,35.250572204589844,6.278696060180664,217.67515563964844,196.76541137695312,197.7954559326172,137.8719024658203,55.85405349731445,40.58457946777344,27.649641036987305,315.9104309082031,182.1864471435547
2020-01-24,76.59317779541016,155.71446228027344,72.61750030517578,93.08200073242188,111.97860717773438,49.2081298828125,123.29197692871094,106.0429458618164,47.06861114501953,34.812252044677734,6.219598770141602,215.87245178222656,195.31716918945312,196.39865112304688,135.81640625,60.39682388305664,40.46034240722656,27.045166015625,321.1393127441406,180.3254852294922
2020-01-27,74.34091186523438,153.11045837402344,70.91173553466797,91.41699981689453,111.03665161132812,48.035797119140625,123.64944458007812,106.50899505615234,46.905418395996094,35.26579284667969,5.964339733123779,212.83154296875,192.16348266601562,195.71295166015625,131.7636260986328,57.944618225097656,39.31734085083008,27.276086807250977,314.72747802734375,178.70355224609375
2020-01-28,76.44397735595703,156.1107940673828,71.84136962890625,92.6624984741211,113.0550765991211,47.96902084350586,124.27287292480469,106.79712677001953,46.52187728881836,35.49103927612305,6.157273769378662,215.723876953125,193.26870727539062,197.97323608398438,134.158447265625,59.373592376708984,39.56582260131836,25.904130935668945,314.6877136230469,179.5998992919922
2020-01-29,78.04413604736328,158.54502868652344,72.14846801757812,92.9000015258789,112.88684844970703,47.568355560302734,125.13735961914062,105.97514343261719,46.52187728881836,35.27492141723633,6.096935272216797,221.1122589111328,195.18377685546875,198.10867309570312,131.91876220703125,58.5091552734375,38.969478607177734,25.523788452148438,320.1153869628906,183.0572052001953
2020-01-30,77.93102264404297,163.01715087890625,72.027099609375,93.53399658203125,114.28292083740234,48.07289505004883,124.98773956298828,106.72931671142578,48.03153991699219,35.48493576049805,6.103639602661133,207.54222106933594,198.37551879882812,197.06741333007812,133.61550903320312,58.63264846801758,39.12685012817383,25.434589385986328,321.3878173828125,184.54254150390625
2020-01-31,74.47564697265625,160.61122131347656,70.96373748779297,100.43599700927734,111.31420135498047,46.091819763183594,123.74916076660156,105.60227966308594,47.65617370605469,34.848785400390625,5.870726585388184,199.9945068359375,189.572021484375,193.09715270996094,134.1002960205078,56.39213562011719,38.07496643066406,25.55123519897461,316.3875732421875,182.65597534179688
2020-02-03,74.27113342285156,164.52674865722656,73.43124389648438,100.20999908447266,112.16361236572266,45.06045913696289,124.82981872558594,106.01750946044922,47.80304718017578,34.781822204589844,5.967567443847656,202.25286865234375,191.32508850097656,196.0092315673828,137.01866149902344,56.82435989379883,38.53879165649414,25.736480712890625,314.1310119628906,183.6888885498047
2020-02-04,76.72309875488281,169.94241333007812,71.58927917480469,102.4834976196289,113.7783203125,44.49655532836914,126.01852416992188,106.48358154296875,48.01521301269531,35.086204528808594,6.136414527893066,207.8394012451172,193.94520568847656,198.93829345703125,140.32485961914062,57.741729736328125,39.44158172607422,25.859987258911133,316.0595397949219,183.21087646484375
2020-02-05,77.34872436523438,169.73489379882812,71.6209716796875,101.99349975585938,115.71260070800781,46.54441452026367,128.0052032470703,107.4581069946289,48.02337646484375,35.55496597290039,6.226551055908203,208.11672973632812,193.23065185546875,201.57102966308594,137.067138671875,59.40005874633789,40.12904357910156,26.18932342529297,327.6008605957031,182.99742126464844
2020-02-06,78.25347137451172,173.2541046142578,73.10286712646484,102.5114974975586,115.72943115234375,45.913734436035156,127.62281036376953,107.73772430419922,48.13761520385742,35.40275573730469,6.313210487365723,208.84970092773438,193.4497833251953,202.1890106201172,138.35665893554688,59.470977783203125,40.32781982421875,26.251079559326172,339.4106140136719,181.71694946289062
2020-02-07,77.18978881835938,173.49942016601562,73.25839233398438,103.96399688720703,115.359375,45.609527587890625,126.25959777832031,106.8394775390625,48.30082321166992,35.445377349853516,6.247159957885742,210.315673828125,193.16395568847656,200.8853759765625,136.727783203125,58.52248764038086,39.73147964477539,26.106990814208984,334.75830078125,180.641357421875
2020-02-10,77.55641174316406,178.03759765625,74.72197723388672,106.69550323486328,115.83877563476562,45.127838134765625,126.23465728759766,106.91576385498047,48.7578010559082,35.080116271972656,6.529734134674072,211.03872680664062,196.2604217529297,203.68740844726562,138.25,58.8504638671875,40.476898193359375,25.94232177734375,342.6314697265625,182.00721740722656
2020-02-11,77.08848571777344,174.0183563232422,74.79131317138672,107.54000091552734,116.0573959350586,45.556846618652344,126.34268188476562,105.2125015258789,48.627235412597656,35.12577819824219,6.6519012451171875,205.22442626953125,194.30723571777344,204.55934143066406,136.71807861328125,59.754642486572266,40.6922492980957,26.134435653686523,342.3829345703125,184.15838623046875
2020-02-12,78.9191665649414,174.27310180664062,75.21578216552734,108.0,116.0573959350586,46.11378860473633,125.59455871582031,104.61083984375,48.48035430908203,35.26274871826172,6.767364025115967,208.7605438232422,197.64195251464844,204.51702880859375,137.5325469970703,59.79896926879883,41.35486602783203,25.8942928314209,345.39501953125,185.63523864746094
2020-02-13,78.35718536376953,173.32960510253906,74.95624542236328,107.49349975585938,115.95653533935547,45.857887268066406,124.7632827758789,105.89038848876953,48.643550872802734,35.7467155456543,6.72366189956665,211.1179656982422,197.88998413085938,205.1688690185547,136.6114501953125,59.78123474121094,39.1931037902832,25.33853530883789,342.82000732421875,185.60108947753906
2020-02-14,78.37646484375,174.87692260742188,75.22073364257812,106.74349975585938,115.60330200195312,45.647151947021484,124.79654693603516,106.89032745361328,48.92100524902344,35.88368606567383,7.1956939697265625,212.14808654785156,200.64749145507812,207.42913818359375,135.29283142089844,59.63053512573242,38.903221130371094,25.050365447998047,340.489990234375,185.3193817138672
2020-02-18,76.94137573242188,176.6506805419922,75.25588989257812,107.78350067138672,114.07266235351562,45.067630767822266,123.97361755371094,105.81414031982422,48.57827377319336,36.41331481933594,7.364046096801758,215.7337646484375,201.51576232910156,206.50640869140625,134.905029296875,58.62887191772461,38.58848190307617,24.919994354248047,338.8800048828125,184.5168914794922
2020-02-19,78.05567932128906,177.1804656982422,75.52482604980469,108.51100158691406,115.62854766845703,45.41384506225586,123.80740356445312,106.2971420288086,48.77412414550781,35.819759368896484,7.814228057861328,215.42672729492188,203.52902221679688,206.25250244140625,136.99928283691406,59.48870849609375,38.34000778198242,24.85824966430664,338.29998779296875,184.07305908203125
2020-02-20,77.25491333007812,174.4747314453125,75.1345443725586,107.65499877929688,115.62854766845703,45.052581787109375,123.33355712890625,107.26317596435547,48.73332977294922,35.82280731201172,7.6652421951293945,212.54434204101562,201.75430297851562,209.11376953125,136.0975799560547,58.01721954345703,38.80382537841797,24.59752082824707,336.2799987792969,183.60357666015625
2020-02-21,75.50624084472656,168.95913696289062,73.47383880615234,104.79850006103516,114.21565246582031,44.50315475463867,124.63027954101562,107.36487579345703,49.06789779663086,36.09370803833008,7.301970958709717,208.1860809326172,199.23538208007812,207.69154357910156,134.7401885986328,57.03327178955078,38.348289489746094,24.508325576782227,330.3800048828125,184.27789306640625
2020-02-24,71.91968536376953,161.67437744140625,70.32381439208984,100.4645004272461,111.14601135253906,42.41836929321289,122.06208801269531,104.48373413085938,47.86016845703125,35.40580749511719,6.785737991333008,198.8157958984375,189.6748046875,202.91702270507812,128.9615936279297,54.746280670166016,36.44327926635742,23.787893295288086,317.8999938964844,182.2718505859375
2020-02-25,69.48358154296875,159.00643920898438,68.66263580322266,98.63700103759766,106.18413543701172,40.79268264770508,121.00799560546875,102.89908599853516,47.182861328125,34.81834411621094,6.506891250610352,194.90325927734375,179.7612762451172,200.95309448242188,124.2883071899414,52.946807861328125,35.39969253540039,23.280160903930664,304.1400146484375,181.0596466064453
2020-02-26,70.58586883544922,160.99319458007812,68.86817932128906,98.97949981689453,106.50370025634766,39.89703369140625,120.19651794433594,101.82290649414062,47.00333786010742,34.632667541503906,6.645942211151123,195.32919311523438,178.62579345703125,199.17530822753906,119.60531616210938,52.87589645385742,34.91930389404297,23.822200775146484,305.5899963378906,179.35235595703125
2020-02-27,65.97177124023438,149.64976501464844,65.12775421142578,94.21499633789062,102.0716552734375,37.49614334106445,116.38187408447266,96.17926025390625,44.82453918457031,33.6038703918457,6.275992393493652,187.9498748779297,171.75595092773438,190.24427795410156,114.44723510742188,49.48971176147461,33.16339874267578,23.396804809570312,287.760009765625,171.5841064453125
2020-02-28,65.93318939208984,153.27322387695312,66.33130645751953,94.1875,97.64801788330078,38.71540451049805,112.50022888183594,95.9504623413086,43.64945602416992,32.77592086791992,6.710042953491211,190.64404296875,173.42567443847656,184.41152954101562,114.0691146850586,49.21492004394531,33.072288513183594,22.93024444580078,275.1099853515625,166.79092407226562
2020-03-02,72.07161712646484,163.4718780517578,68.66263580322266,97.69750213623047,102.19779968261719,40.55183792114258,117.13472747802734,101.31446075439453,45.632408142089844,35.27187728881836,6.868060111999512,194.57640075683594,183.5110321044922,194.65476989746094,116.32818603515625,51.57283401489258,34.09932327270508,23.931983947753906,289.2699890136719,173.9893035888672
2020-03-03,69.78266143798828,155.63841247558594,66.25553131103516,95.44950103759766,98.36286163330078,38.61003875732422,113.4288101196289,100.1365737915039,45.74665069580078,34.36785888671875,6.606189250946045,184.1265106201172,177.21365356445312,192.9617156982422,112.90563201904297,49.61381149291992,33.16339874267578,23.534029006958008,280.6199951171875,171.3779296875
2020-03-04,73.01950073242188,161.3527069091797,68.42884826660156,98.79149627685547,100.79334259033203,39.45298767089844,120.02921295166016,105.50060272216797,48.080501556396484,35.54277420043945,7.068812847137451,189.94078063964844,185.3811492919922,204.08529663085938,115.55253601074219,52.016056060791016,34.28154373168945,24.97489356994629,283.1199951171875,177.8289794921875
2020-03-05,70.65097045898438,157.30348205566406,65.11833953857422,96.20149993896484,95.84827423095703,37.71440505981445,118.79949951171875,103.06855773925781,46.30155563354492,35.284053802490234,6.790046691894531,183.41334533691406,178.3872833251953,198.77745056152344,110.51081848144531,50.49138641357422,32.77411651611328,24.329933166503906,260.3699951171875,170.35572814941406
2020-03-06,69.71273803710938,152.8569793701172,64.17633056640625,95.05449676513672,90.89483642578125,35.893028259277344,118.81624603271484,103.09400177001953,45.09381866455078,35.682796478271484,6.609915256500244,179.3720245361328,175.90647888183594,193.44422912597656,111.76154327392578,49.436527252197266,32.86522674560547,24.02804183959961,262.3299865722656,170.81959533691406
2020-03-09,64.19901275634766,142.4974365234375,60.21649932861328,90.03050231933594,78.58263397216797,31.50518798828125,114.13987731933594,98.34857940673828,42.319313049316406,35.661476135253906,6.098097324371338,167.89198303222656,163.28311157226562,178.16403198242188,101.17391204833984,45.07525634765625,31.440616607666016,23.163522720336914,227.1699981689453,160.5116729736328
2020-03-10,68.82271575927734,152.2420196533203,63.15751266479492,94.59100341796875,84.68827819824219,32.67177963256836,118.48998260498047,102.15338897705078,43.788185119628906,36.462005615234375,6.4866814613342285,176.49954223632812,174.22715759277344,191.0654296875,108.0675048828125,47.84980392456055,33.196533203125,23.733003616333008,231.00999450683594,171.6785888671875
2020-03-11,66.43247985839844,145.3451690673828,59.97430419921875,91.04299926757812,80.70195770263672,31.595504760742188,110.25821685791016,94.56073760986328,42.60493469238281,34.83052444458008,6.123688220977783,168.62493896484375,165.01966857910156,181.42691040039062,102.29861450195312,45.79327392578125,30.686906814575195,22.07258415222168,189.0800018310547,161.70565795898438
2020-03-12,59.871944427490234,131.56089782714844,55.053627014160156,83.83049774169922,74.0496826171875,27.982873916625977,104.91263580322266,86.29862976074219,38.483978271484375,31.6710262298584,5.374346733093262,153.00457763671875,152.73974609375,162.42262268066406,89.01559448242188,40.3682975769043,27.498123168945312,20.597421646118164,154.83999633789062,146.14068603515625
2020-03-13,67.04509735107422,150.26470947265625,60.14121627807617,89.25,87.38788604736328,28.690340042114258,112.3412857055664,96.66227722167969,39.899864196777344,34.730072021484375,5.983807563781738,168.6645965576172,167.7676239013672,175.27398681640625,99.39961242675781,48.24870300292969,31.175580978393555,22.443098068237305,170.1999969482422,152.15365600585938
2020-03-16,58.41996383666992,128.1171417236328,53.1442985534668,84.4574966430664,74.31038665771484,25.958295822143555,106.3515396118164,91.94230651855469,37.2574348449707,32.49590301513672,4.879671573638916,144.6248321533203,145.0398406982422,140.5804901123047,92.1181869506836,39.54389953613281,27.920528411865234,20.70720100402832,129.61000061035156,127.99871826171875
2020-03-17,60.988685607910156,138.6658477783203,55.37605667114258,90.39199829101562,78.85174560546875,27.70439910888672,114.26535034179688,100.19591522216797,38.837947845458984,36.30068588256836,5.398197650909424,148.0024871826172,150.6501922607422,147.9777069091797,90.68324279785156,44.3927001953125,29.403120040893555,22.065725326538086,124.13999938964844,126.80472564697266
2020-03-18,59.495697021484375,132.82861328125,54.045223236083984,91.5,70.55113220214844,24.927188873291016,112.90174865722656,99.52648162841797,36.919925689697266,37.31122970581055,5.039178848266602,145.56581115722656,141.67166137695312,132.62936401367188,86.09721374511719,42.20321273803711,30.74488639831543,22.202953338623047,101.88999938964844,117.9399185180664
2020-03-19,59.039833068847656,135.01400756835938,55.059566497802734,94.04650115966797,71.7369384765625,25.91313934326172,106.28459930419922,93.91671752929688,34.433902740478516,36.5193977355957,5.2913618087768555,151.67730712890625,145.268798828125,137.31655883789062,92.04063415527344,40.722862243652344,31.233558654785156,20.871871948242188,97.70999908447266,128.41964721679688
2020-03-20,55.29166030883789,129.94308471679688,52.90705490112305,92.30449676513672,70.22312927246094,24.64118766784668,100.29483795166016,86.79859924316406,31.52804946899414,34.8440055847168,5.111976623535156,148.30953979492188,140.09735107421875,129.66368103027344,83.36305236816406,40.625362396240234,29.48593521118164,19.904441833496094,95.01000213623047,127.55203247070312
2020-03-23,54.117042541503906,128.64691162109375,52.20968246459961,95.1415023803711,66.46391296386719,23.6702880859375,92.97496032714844,82.79044342041016,30.918895721435547,34.93877410888672,5.284403324127197,146.69500732421875,129.515869140625,138.3903045654297,83.14974212646484,43.94948196411133,28.657678604125977,19.54765510559082,105.62000274658203,117.76813507080078
2020-03-24,59.546348571777344,140.34042358398438,55.96792984008789,97.00499725341797,74.36927795410156,26.673294067382812,99.7009048461914,87.51042175292969,32.47472381591797,35.16807556152344,6.191018104553223,159.4528045654297,147.4442596435547,157.420166015625,95.13353729248047,46.44924545288086,31.970714569091797,20.377859115600586,127.68000030517578,139.11410522460938
2020-03-25,59.21832275390625,138.9969940185547,54.561798095703125,94.29199981689453,77.14454650878906,28.065658569335938,99.88494873046875,85.51905822753906,34.25279998779297,33.446807861328125,6.102570533752441,154.72805786132812,154.36187744140625,154.8976287841797,97.66409301757812,45.438697814941406,31.20043182373047,20.41216468811035,158.72999572753906,139.99887084960938
2020-03-26,62.33455276489258,147.69142150878906,57.5979118347168,97.77449798583984,82.5185317993164,29.217193603515625,105.88304901123047,90.99319458007812,36.45894241333008,33.575218200683594,6.391277313232422,161.79042053222656,161.1362762451172,166.35987854003906,102.1531753540039,49.232643127441406,33.61066436767578,21.78441619873047,180.5500030517578,143.752685546875
2020-03-27,59.753780364990234,141.62705993652344,54.9897346496582,95.00499725341797,76.63993835449219,27.809768676757812,103.0303955078125,93.35741424560547,35.24062728881836,33.50184631347656,6.279221534729004,155.30255126953125,154.15191650390625,162.38858032226562,93.46589660644531,46.422645568847656,32.15293502807617,21.20121192932129,162.0,140.88365173339844
2020-03-30,61.45902633666992,151.58924865722656,56.77524185180664,98.19750213623047,78.63310241699219,28.223712921142578,111.27047729492188,97.45034790039062,37.043418884277344,35.216983795166016,6.598734378814697,164.37567138671875,157.97808837890625,167.11830139160156,96.76240539550781,49.18832778930664,33.39531326293945,22.415647506713867,152.27999877929688,144.42266845703125
2020-03-31,61.33359146118164,149.20509338378906,57.54987716674805,97.48600006103516,75.71484375,28.57744789123535,109.6977767944336,93.21337127685547,36.426002502441406,34.736995697021484,6.549293041229248,165.21759033203125,153.73211669921875,159.11610412597656,93.6597900390625,47.97391128540039,32.55876541137695,22.39506721496582,149.13999938964844,142.03472900390625
2020-04-01,58.10639953613281,143.90711975097656,54.58557891845703,95.38500213623047,70.9464111328125,28.24628448486328,107.75692749023438,92.6456069946289,34.672630310058594,34.895973205566406,6.039212226867676,158.08590698242188,146.08938598632812,152.23019409179688,92.03094482421875,45.98829650878906,31.747079849243164,21.78441619873047,130.6999969482422,135.8670654296875
2020-04-02,59.07600402832031,146.88720703125,55.32504653930664,95.94149780273438,73.59554290771484,30.40634536743164,111.38756561279297,96.94192504882812,36.17905807495117,36.274818420410156,6.347297668457031,156.68927001953125,150.1731414794922,154.51412963867188,94.01853942871094,48.17778778076172,33.27716064453125,22.552873611450195,123.2699966430664,138.7275848388672
2020-04-03,58.22700881958008,145.53436279296875,54.12001419067383,95.32949829101562,71.42021942138672,29.510719299316406,112.24090576171875,97.51812744140625,36.08027648925781,36.5285758972168,6.060083866119385,152.71731567382812,144.88714599609375,152.28981018066406,91.02259063720703,47.9827766418457,32.65843963623047,23.08118438720703,124.5199966430664,137.7225341796875
2020-04-06,63.306583404541016,156.35740661621094,58.601863861083984,99.87950134277344,76.01727294921875,30.459033966064453,116.91722869873047,99.8315200805664,38.418128967285156,38.5433349609375,6.668550968170166,163.97946166992188,161.6706085205078,163.05328369140625,96.54911041259766,51.794456481933594,34.64002227783203,23.719284057617188,148.77000427246094,152.0763702392578
2020-04-07,62.57333755493164,154.6734619140625,58.57065963745117,100.58000183105469,77.0199966430664,31.03856086730957,115.00989532470703,95.5606689453125,38.28641891479492,37.29595184326172,6.43574857711792,167.2283477783203,160.85958862304688,163.8714141845703,98.1585693359375,51.76784896850586,33.979488372802734,23.060604095458984,141.5800018310547,150.83084106445312
2020-04-08,64.17488098144531,156.22496032714844,59.7811393737793,102.1500015258789,80.1300048828125,33.0029296875,119.84519958496094,97.53508758544922,39.36479187011719,37.25008773803711,6.63252592086792,172.6266326904297,166.9183807373047,166.02749633789062,97.9937515258789,52.281986236572266,34.89921569824219,23.7398624420166,146.8699951171875,152.46292114257812
2020-04-09,64.63797760009766,156.23446655273438,59.75984191894531,102.13800048828125,87.31877899169922,32.46104431152344,118.14697265625,97.1622543334961,40.336143493652344,37.23785400390625,6.533143997192383,173.5280303955078,165.72573852539062,171.74578857421875,101.31935119628906,50.65094757080078,34.44771957397461,24.281906127929688,151.83999633789062,157.7971954345703
2020-04-13,65.90666198730469,156.58448791503906,59.95002746582031,108.44349670410156,83.43547821044922,32.18256759643555,116.92562103271484,98.25536346435547,38.63216018676758,38.30791091918945,6.7045769691467285,173.13177490234375,161.24127197265625,169.41073608398438,100.34979248046875,52.033782958984375,34.464439392089844,24.110374450683594,147.3300018310547,154.72203063964844
2020-04-14,69.23516845703125,164.33282470703125,62.66519546508789,114.16600036621094,81.1496810913086,31.934192657470703,122.16244506835938,102.5008316040039,40.270286560058594,39.43912124633789,7.054900646209717,176.479736328125,166.613037109375,176.5523223876953,102.80278015136719,53.77119445800781,35.76876449584961,25.002330780029297,141.0,158.04637145996094
2020-04-15,68.60324096679688,162.61097717285156,62.272438049316406,115.38400268554688,77.14741516113281,30.466564178466797,123.52606964111328,102.72113800048828,39.191925048828125,39.365753173828125,6.977631092071533,175.2911376953125,158.3501739501953,169.1466064453125,100.22374725341797,52.18448257446289,34.71527099609375,24.679851531982422,145.97999572753906,152.7635498046875
2020-04-16,69.14834594726562,167.4927215576172,62.278873443603516,120.40950012207031,74.20735168457031,29.465559005737305,125.20753479003906,102.95841979980469,38.77210235595703,40.457191467285156,7.321989059448242,174.57794189453125,154.97250366210938,170.31411743164062,98.91483306884766,53.88644027709961,34.69855499267578,24.618106842041016,134.24000549316406,154.18948364257812
2020-04-17,68.21005249023438,168.9685821533203,63.34720230102539,118.75,80.87776184082031,32.528770446777344,127.17343139648438,105.66160583496094,39.562355041503906,40.39298629760742,7.262857437133789,177.53958129882812,161.7660369873047,178.46975708007812,103.38451385498047,53.50526809692383,35.51792907714844,25.32480812072754,154.0,159.85885620117188
2020-04-20,66.79425048828125,165.6195068359375,62.46311569213867,119.68049621582031,77.92919921875,30.99339485168457,126.88065338134766,102.19576263427734,38.30288314819336,39.69899368286133,7.131920337677002,176.54908752441406,156.68997192382812,175.59780883789062,99.14752960205078,52.45927810668945,35.568111419677734,24.755325317382812,143.61000061035156,156.0363006591797
2020-04-21,64.72960662841797,158.76991271972656,60.036712646484375,116.40599822998047,75.66891479492188,30.82781982421875,125.21590423583984,101.4161376953125,37.35622024536133,39.50331115722656,6.696130275726318,169.17965698242188,153.16920471191406,170.96182250976562,97.4798812866211,49.95952224731445,33.904232025146484,24.439712524414062,136.3300018310547,152.5402069091797
2020-04-22,66.59408569335938,164.16250610351562,62.32741165161133,118.17449951171875,75.91532135009766,31.708402633666992,127.98490905761719,101.17890167236328,37.603179931640625,40.23095703125,7.109560966491699,180.5507354736328,158.95127868652344,173.9956512451172,97.91618347167969,53.27479553222656,34.91593551635742,24.871971130371094,134.97000122070312,160.1852569580078
2020-04-23,66.33599090576172,162.17575073242188,62.95939636230469,119.97250366210938,75.95780944824219,32.70187759399414,130.093017578125,101.85366821289062,37.101036071777344,39.29542922973633,7.056390762329102,183.37371826171875,158.75096130371094,172.4190673828125,97.92588806152344,52.335166931152344,34.79887390136719,25.173864364624023,137.74000549316406,156.37130737304688
2020-04-24,68.2510986328125,165.1370086669922,63.22834014892578,120.51100158691406,77.0794677734375,32.91261291503906,129.5492401123047,101.32474517822266,37.397377014160156,39.573638916015625,7.195028781890869,188.266845703125,159.64781188964844,180.82183837890625,98.11009979248047,52.53018569946289,35.55138397216797,25.64729118347168,128.97999572753906,158.0721435546875
2020-04-27,68.29932403564453,164.6639404296875,62.94403839111328,118.80000305175781,80.40192413330078,33.07066345214844,129.0723876953125,100.19021606445312,38.508670806884766,39.22509765625,7.3811235427856445,185.72120666503906,163.88424682617188,185.5771942138672,102.83186340332031,52.716339111328125,36.00287628173828,26.299104690551758,128.67999267578125,159.67845153808594
2020-04-28,67.19225311279297,160.652587890625,61.048580169677734,115.7040023803711,80.97124481201172,33.84588623046875,126.6463851928711,99.71249389648438,38.47574996948242,39.133384704589844,7.2390055656433105,181.1747589111328,163.3975830078125,185.4664306640625,102.97730255126953,52.07809829711914,35.52629470825195,26.010934829711914,131.3000030517578,159.7128448486328
2020-04-29,69.39918518066406,167.8616943359375,66.4764175415039,118.635498046875,83.15506744384766,35.71992874145508,125.68436431884766,99.87457275390625,38.78856658935547,37.788177490234375,7.415410041809082,192.3477783203125,173.4542999267578,189.02862548828125,108.83346557617188,54.781734466552734,36.23699951171875,26.155019760131836,139.0,161.33631896972656
2020-04-30,70.86322021484375,169.54568481445312,66.70028686523438,123.69999694824219,81.3706283569336,34.974830627441406,125.51704406738281,100.5484848022461,37.776039123535156,37.161434173583984,7.2618632316589355,202.76795959472656,170.52505493164062,187.3412628173828,104.85826110839844,53.16842269897461,35.434326171875,26.319690704345703,141.02000427246094,161.11293029785156
2020-05-01,69.72238159179688,165.15589904785156,65.24513244628906,114.302001953125,79.2377700805664,32.468563079833984,124.05300903320312,99.65279388427734,37.53731155395508,37.58027267456055,7.0258307456970215,200.35110473632812,167.51954650878906,186.26747131347656,102.28890991210938,50.94347381591797,34.21360778808594,25.82568359375,133.3699951171875,156.90390014648438
2020-05-04,70.70886993408203,169.1956329345703,65.5215072631836,115.79949951171875,78.29458618164062,33.77814865112305,124.03634643554688,98.75711822509766,37.15864562988281,37.818748474121094,7.237267971038818,203.31272888183594,168.07293701171875,189.05418395996094,100.03953552246094,51.404422760009766,34.57312774658203,25.81195831298828,131.4600067138672,156.2252655029297
2020-05-05,71.7701416015625,171.01210021972656,66.8152084350586,115.88999938964844,78.17561340332031,33.74052047729492,125.06531524658203,98.9618148803711,37.37268829345703,38.13364028930664,7.2981390953063965,205.1055450439453,170.25791931152344,192.26702880859375,97.98405456542969,52.07809829711914,34.665103912353516,26.42261505126953,125.4000015258789,153.9661102294922
2020-05-06,72.51061248779297,172.6960906982422,66.63739776611328,117.56300354003906,76.70555114746094,33.10829544067383,123.87738800048828,96.47945404052734,36.83760070800781,37.69645690917969,7.398763656616211,206.49229431152344,170.58236694335938,190.82676696777344,97.80953216552734,52.755615234375,34.405906677246094,26.42261505126953,121.86000061035156,152.01617431640625
2020-05-07,73.2607192993164,173.6989288330078,67.81865692138672,118.38050079345703,77.50431060791016,33.29646301269531,123.46747589111328,95.6861343383789,36.71412658691406,37.42929458618164,7.5746684074401855,209.25582885742188,174.34165954589844,195.53948974609375,102.35678100585938,52.74668502807617,34.58985900878906,25.611839294433594,128.64999389648438,155.58103942871094
2020-05-08,75.00443267822266,174.72067260742188,68.56456756591797,118.98049926757812,78.77042388916016,34.75656509399414,124.39608001708984,98.91064453125,37.95714569091797,37.751731872558594,7.764240741729736,210.33547973632812,176.6029815673828,199.78355407714844,105.8375244140625,53.19240188598633,35.94435501098633,25.792016983032227,133.44000244140625,155.675537109375
2020-05-11,76.18467712402344,176.6696319580078,69.51799011230469,120.44999694824219,76.45066833496094,34.4254035949707,124.73908233642578,98.36470031738281,37.48793029785156,37.97589874267578,8.015682220458984,211.15757751464844,175.14315795898438,201.59872436523438,104.48982238769531,53.602474212646484,36.22025680541992,26.401819229125977,128.91000366210938,155.37486267089844
2020-05-12,75.31401062011719,172.66769409179688,68.11087799072266,117.84750366210938,73.95244598388672,33.84999084472656,123.0910415649414,97.71639251708984,36.89523696899414,38.009674072265625,7.754303455352783,208.1068115234375,171.24069213867188,198.47962951660156,101.37752532958984,52.051368713378906,36.136661529541016,25.889028549194336,125.22000122070312,151.6468505859375
2020-05-13,74.4046630859375,170.0565185546875,66.78102111816406,118.39600372314453,71.40322875976562,32.16976547241211,123.0826644897461,97.178955078125,36.17082595825195,37.98818588256836,7.731941223144531,203.15426635742188,169.2527618408203,196.09344482421875,99.78742980957031,51.471923828125,35.07479476928711,25.674211502075195,121.5,148.45143127441406
2020-05-14,74.86175537109375,170.79444885253906,67.20352172851562,119.44249725341797,74.3687973022461,32.45363998413086,123.5093002319336,97.08512115478516,35.97325897216797,37.899131774902344,7.980893135070801,204.84803771972656,172.8941192626953,199.82611083984375,102.68643951416016,52.66646194458008,36.663394927978516,26.27708625793457,122.5199966430664,150.6761932373047
2020-05-15,74.41917419433594,173.28268432617188,68.00587463378906,120.48899841308594,72.99225616455078,32.22346496582031,125.85166931152344,97.76756286621094,35.611053466796875,38.67295837402344,8.438300132751465,208.87942504882812,175.3695068359375,203.95936584472656,105.73086547851562,51.95330047607422,37.01456832885742,26.166217803955078,120.0,149.30178833007812
2020-05-18,76.1725845336914,174.93829345703125,68.60616302490234,121.31300354003906,76.85851287841797,34.78600311279297,125.91858673095703,99.13243865966797,37.018714904785156,39.20112609863281,8.696198463439941,211.16749572753906,182.91036987304688,209.08963012695312,113.29344177246094,53.41526794433594,37.67509460449219,26.38103485107422,135.44000244140625,154.47291564941406
2020-05-19,75.73240661621094,173.7273406982422,68.07223510742188,122.46649932861328,75.34599304199219,33.71188735961914,124.66374969482422,95.91645050048828,36.66474914550781,38.36894607543945,8.751108169555664,214.82249450683594,180.97967529296875,202.9111328125,110.8889389038086,53.74510955810547,37.29884338378906,26.110776901245117,130.44000244140625,154.24964904785156
2020-05-20,77.20527648925781,176.13705444335938,69.79386138916016,124.89700317382812,77.60630798339844,34.809024810791016,123.54277038574219,96.63302612304688,37.776039123535156,38.52248764038086,8.914590835571289,227.78831481933594,185.2805633544922,202.98785400390625,116.27001190185547,56.250064849853516,37.99281311035156,26.076129913330078,133.32000732421875,158.14085388183594
2020-05-21,76.62966918945312,174.0213623046875,69.67449951171875,122.33699798583984,76.62061309814453,34.18756103515625,122.73130798339844,95.21697998046875,37.18334197998047,38.38123321533203,8.72104549407959,229.19483947753906,182.1839599609375,205.28025817871094,114.24363708496094,55.25164031982422,37.323936462402344,25.819732666015625,139.0,158.98265075683594
2020-05-22,77.1230239868164,174.09730529785156,69.99593353271484,121.84400177001953,76.0257797241211,34.2182502746582,121.61100006103516,96.05294036865234,37.06809616088867,38.17856216430664,8.97049331665039,232.68145751953125,182.41334533691406,206.13246154785156,114.42784118652344,55.501243591308594,37.541324615478516,25.986045837402344,137.52999877929688,158.40713500976562
2020-05-26,76.60064697265625,172.25682067871094,70.39859771728516,121.09300231933594,81.42161560058594,35.223323822021484,121.77103424072266,95.56668853759766,37.940670013427734,38.03423309326172,8.663897514343262,229.99716186523438,184.66891479492188,206.64378356933594,117.26866912841797,55.57255935668945,37.491153717041016,25.979110717773438,144.72999572753906,158.77650451660156
2020-05-27,76.93438720703125,172.48452758789062,70.34461212158203,120.51950073242188,86.13762664794922,35.47650909423828,122.04900360107422,97.15336608886719,38.46752166748047,37.6104736328125,8.472588539123535,226.96617126464844,184.28665161132812,210.80258178710938,117.83101654052734,56.66012954711914,38.42759704589844,25.923675537109375,149.52000427246094,161.25039672851562
2020-05-28,76.96824645996094,172.0955047607422,70.24358367919922,120.05500030517578,84.85453033447266,34.55583190917969,123.80113220214844,99.00450134277344,38.76387023925781,37.9820442199707,8.43457317352295,223.32110595703125,185.66285705566406,208.9107208251953,113.1965103149414,55.00204086303711,38.12660217285156,26.45725440979004,149.82000732421875,162.1179962158203
2020-05-29,76.89327239990234,173.85067749023438,71.00038146972656,122.11849975585938,82.68770599365234,34.885746002197266,125.30049896240234,98.88506317138672,38.426361083984375,38.095645904541016,8.820672988891602,222.9546356201172,186.59951782226562,211.7570037841797,113.72976684570312,56.09851837158203,39.982757568359375,26.464195251464844,145.85000610351562,161.11489868164062
2020-06-01,77.83889770507812,173.45217895507812,71.06725311279297,123.552001953125,83.78386688232422,35.507198333740234,123.9864273071289,100.01958465576172,38.681549072265625,38.064945220947266,8.751852035522461,229.70989990234375,185.74891662597656,210.74290466308594,115.15502166748047,55.144676208496094,38.71187210083008,24.572397232055664,151.38999938964844,162.0574493408203
2020-06-02,78.19925689697266,175.42550659179688,71.43573760986328,123.62049865722656,84.06429290771484,36.29743576049805,124.87934112548828,100.71058654785156,38.607460021972656,38.05879592895508,8.770731925964355,230.5122528076172,187.66995239257812,215.36190795898438,115.13562774658203,55.37644577026367,39.205169677734375,25.05747413635254,153.30999755859375,162.21310424804688
2020-06-03,78.62975311279297,175.85247802734375,71.28418731689453,123.91999816894531,88.60186767578125,37.7781867980957,125.21625518798828,101.11149597167969,39.43064880371094,37.914485931396484,8.715327262878418,227.9765167236328,188.1573486328125,215.18190002441406,118.46122741699219,55.207069396972656,39.246978759765625,25.05747413635254,173.16000366210938,167.14199829101562
2020-06-04,77.95256805419922,173.53756713867188,70.04843139648438,123.02999877929688,90.44578552246094,37.67075729370117,123.59894561767578,98.99595642089844,39.44711685180664,37.496856689453125,8.716323852539062,224.14321899414062,185.07029724121094,213.42442321777344,119.9252700805664,56.134178161621094,39.180091857910156,24.953533172607422,184.3000030517578,167.09878540039062
2020-06-05,80.17274475097656,177.59805297851562,71.32232666015625,124.1500015258789,94.51602172851562,40.72433090209961,124.07910919189453,100.9408950805664,40.41023635864258,37.327972412109375,8.868946075439453,228.5807342529297,190.77609252929688,218.5253143310547,121.0208740234375,57.35544967651367,39.991119384765625,24.939674377441406,205.42999267578125,170.48851013183594
2020-06-08,80.64674377441406,178.6985626220703,71.71954345703125,126.2030029296875,96.4024429321289,41.9979248046875,123.63268280029297,101.55508422851562,41.03586959838867,37.22970199584961,8.75460433959961,229.20472717285156,190.76657104492188,220.1284637451172,123.40599822998047,56.7581787109375,40.24195861816406,25.35544776916504,230.5,175.23580932617188
2020-06-09,83.19341278076172,180.06468200683594,71.91963958740234,130.04299926757812,93.92970275878906,41.061912536621094,122.95032501220703,100.94940948486328,40.336143493652344,37.26348114013672,8.994224548339844,236.40577697753906,190.26956176757812,220.11996459960938,120.11917877197266,56.196571350097656,40.17506408691406,25.092126846313477,216.74000549316406,172.5292205810547
2020-06-10,85.33380126953125,186.74359130859375,72.5447006225586,132.37249755859375,90.12288665771484,38.8599739074707,124.50025939941406,101.7086410522461,40.023338317871094,37.20513153076172,9.313141822814941,234.48416137695312,191.60757446289062,218.1395721435547,118.46122741699219,56.93647766113281,39.648311614990234,24.89116668701172,203.41000366210938,169.31243896484375
2020-06-11,81.23686218261719,176.71572875976562,69.43429565429688,127.89800262451172,82.60274505615234,35.43046569824219,118.66272735595703,99.17507934570312,37.48793029785156,36.87657165527344,8.745903968811035,222.30088806152344,180.5209503173828,205.2972412109375,109.21160125732422,53.21916198730469,36.51290512084961,23.075605392456055,170.0,162.1439208984375
2020-06-12,81.93821716308594,178.11038208007812,69.98009490966797,127.2509994506836,84.863037109375,36.19002151489258,119.74093627929688,98.62913513183594,37.87833786010742,36.154945373535156,8.88137435913086,226.4114990234375,183.75137329101562,207.85198974609375,111.97484588623047,52.88932418823242,37.68345642089844,23.387439727783203,189.50999450683594,163.5793914794922
2020-06-15,82.95158386230469,179.24876403808594,70.3674087524414,128.63400268554688,86.0356674194336,36.167015075683594,118.98281860351562,99.5418930053711,38.45980453491211,36.25935363769531,9.121243476867676,230.2943115234375,183.2734832763672,206.91754150390625,113.51646423339844,53.57572937011719,37.917572021484375,23.117185592651367,190.94000244140625,163.85610961914062
2020-06-16,85.14997863769531,183.641357421875,71.64177703857422,130.7635040283203,86.72396850585938,36.98026657104492,121.6867904663086,100.770263671875,38.850215911865234,36.741458892822266,9.016592979431152,233.41441345214844,184.34397888183594,214.28173828125,114.8350601196289,53.843170166015625,38.86237716674805,23.14490509033203,197.77000427246094,164.57379150390625
2020-06-17,85.0314712524414,184.27696228027344,71.94241333007812,132.0489959716797,84.5316162109375,35.77573013305664,121.31613159179688,100.59968566894531,38.69239044189453,36.55107498168945,9.183135986328125,233.2955780029297,184.99388122558594,215.05328369140625,114.0691146850586,53.92339324951172,38.60318374633789,23.255775451660156,192.5399932861328,164.98019409179688
2020-06-18,85.06533813476562,186.25027465820312,71.03009796142578,132.69900512695312,84.0727767944336,35.99822235107422,120.8023452758789,101.75127410888672,39.0329704284668,36.231727600097656,9.165239334106445,233.70169067382812,185.32838439941406,213.64730834960938,114.76720428466797,53.55790710449219,38.318904876708984,23.034025192260742,192.2899932861328,163.85610961914062
2020-06-19,84.5792236328125,185.14028930664062,70.56058502197266,133.75050354003906,83.11260986328125,35.27702713012695,121.15608215332031,101.44417572021484,38.22722244262695,36.80287170410156,9.208240509033203,236.5246124267578,183.6940460205078,211.45266723632812,110.86954498291016,53.14784240722656,37.892494201660156,23.15876579284668,187.02000427246094,161.32241821289062
2020-06-22,86.79212188720703,190.2822723388672,71.84928894042969,135.6909942626953,82.21186065673828,35.61460494995117,120.78546905517578,100.44612121582031,37.994632720947266,37.36481857299805,9.472220420837402,236.95057678222656,186.33192443847656,213.6044464111328,112.39175415039062,53.56682205200195,37.758705139160156,22.94394302368164,188.52000427246094,162.10069274902344
2020-06-23,88.64471435546875,191.55357360839844,72.50901794433594,138.2205047607422,83.21452331542969,35.829437255859375,120.33901977539062,100.4290542602539,37.911563873291016,37.1775016784668,9.395912170410156,239.94192504882812,189.2086639404297,214.59033203125,113.0413589477539,53.41526794433594,38.017913818359375,22.70833396911621,187.8800048828125,161.37429809570312
2020-06-24,87.0799331665039,187.6923065185547,70.95976257324219,136.72000122070312,80.43589782714844,34.14153289794922,117.7782974243164,99.31157684326172,37.089210510253906,36.94106674194336,9.182640075683594,231.79991149902344,182.93898010253906,211.00680541992188,108.65894317626953,52.67537307739258,37.4159049987793,22.30641746520996,176.69000244140625,159.3594970703125
2020-06-25,88.23597717285156,190.06405639648438,71.37580108642578,137.72900390625,83.24003601074219,34.65556716918945,117.65188598632812,100.56554412841797,37.32179641723633,36.75988006591797,9.435686111450195,233.4441375732422,185.3953094482422,210.3638458251953,107.9705581665039,52.1583366394043,37.80887222290039,22.396501541137695,174.8800048828125,158.03651428222656
2020-06-26,85.52485656738281,186.259765625,67.48483276367188,134.64349365234375,78.67694854736328,33.466373443603516,116.08514404296875,98.29644775390625,36.192081451416016,36.33304214477539,9.102599143981934,214.03009033203125,180.89370727539062,206.61749267578125,105.77934265136719,51.25798034667969,38.72024154663086,22.202472686767578,170.00999450683594,155.425048828125
2020-06-29,87.49592590332031,188.26153564453125,69.20000457763672,134.0189971923828,79.02534484863281,34.003440856933594,117.1212158203125,100.36936950683594,36.84831237792969,36.56027603149414,9.147343635559082,218.5468292236328,182.91036987304688,210.99827575683594,108.12568664550781,51.94438934326172,38.586456298828125,22.618255615234375,194.49000549316406,158.07110595703125
2020-06-30,88.22630310058594,193.07144165039062,70.23416900634766,137.9409942626953,79.92605590820312,34.31032180786133,118.46055603027344,101.99867248535156,37.11412811279297,36.781375885009766,9.443388938903809,224.9158477783203,184.62109375,214.76181030273438,108.11598205566406,53.33504867553711,38.99615478515625,22.65983009338379,183.3000030517578,159.51519775390625
2020-07-01,88.05941772460938,194.20045471191406,71.42037963867188,143.93499755859375,79.24626922607422,33.535430908203125,118.24998474121094,102.3484115600586,37.23042297363281,36.75373458862305,9.47545337677002,235.29640197753906,185.2041473388672,212.7385711669922,109.5703353881836,52.42576217651367,38.511199951171875,23.380508422851562,180.32000732421875,159.67947387695312
2020-07-02,88.05941772460938,195.68038940429688,72.80372619628906,144.51499938964844,79.50369262695312,33.81930160522461,118.74695587158203,103.11614990234375,37.28025436401367,36.606346130371094,9.557233810424805,231.20558166503906,187.01051330566406,213.03858947753906,108.76559448242188,52.71103286743164,38.45221710205078,23.914091110229492,180.80999755859375,158.69371032714844
2020-07-06,90.41502380371094,199.89268493652344,74.27571868896484,152.8520050048828,81.51144409179688,34.05714416503906,120.44010162353516,103.75591278076172,37.57100296020508,36.508087158203125,9.782931327819824,238.00051879882812,189.0079803466797,213.93878173828125,110.94711303710938,53.07651901245117,39.117950439453125,23.914091110229492,187.91000366210938,163.00001525878906
2020-07-07,90.13448333740234,197.568359375,73.7938003540039,150.00599670410156,79.21195220947266,33.17483901977539,120.33061218261719,104.2592544555664,37.55437469482422,38.98310089111328,9.815248489379883,238.57501220703125,185.60557556152344,212.05271911621094,110.17146301269531,51.98005676269531,38.45221710205078,23.581470489501953,178.8800048828125,160.68252563476562
2020-07-08,92.23372650146484,201.9134521484375,74.47135925292969,154.0554962158203,80.05282592773438,33.098106384277344,120.68441009521484,104.8307876586914,37.43809127807617,38.212337493896484,10.157526969909668,241.2692108154297,186.43702697753906,213.61302185058594,113.10923767089844,52.24747848510742,38.60390090942383,23.387439727783203,180.0800018310547,160.70849609375
2020-07-09,92.63037109375,203.32699584960938,75.21724700927734,159.13150024414062,78.31961059570312,31.73244857788086,120.02734375,104.48103332519531,36.474517822265625,39.228759765625,10.4488525390625,242.1804656982422,183.70362854003906,212.57571411132812,113.25466918945312,52.07809829711914,39.35390090942383,23.186481475830078,173.27999877929688,159.39410400390625
2020-07-10,92.79239654541016,202.7103729248047,76.22515869140625,160.0,82.60111999511719,32.722164154052734,119.9262466430664,105.68380737304688,37.50453186035156,40.12848663330078,10.419269561767578,242.7450714111328,184.02853393554688,214.41888427734375,115.70767211914062,53.06760787963867,39.3201904296875,23.4428768157959,178.44000244140625,159.8696746826172
2020-07-13,92.36431884765625,196.44883728027344,74.8987808227539,155.1999969482422,83.78518676757812,32.72983932495117,122.31859588623047,105.82030487060547,37.58759689331055,39.77227783203125,9.994714736938477,236.732666015625,180.65481567382812,213.99879455566406,112.6826400756836,52.22073745727539,38.70502853393555,24.3991641998291,175.64999389648438,159.904296875
2020-07-14,93.89281463623047,197.66323852539062,75.32621765136719,154.1999969482422,84.26567840576172,33.81162643432617,124.60133361816406,106.70748138427734,38.10261535644531,40.53689193725586,10.317605972290039,237.45570373535156,184.77401733398438,221.00296020507812,115.0483627319336,52.57731628417969,38.983116149902344,24.413022994995117,179.9600067138672,164.91970825195312
2020-07-15,94.53854370117188,197.36912536621094,75.12910461425781,150.44349670410156,85.56986236572266,34.24127960205078,124.88775634765625,106.20419311523438,38.54287338256836,40.53382110595703,10.168712615966797,238.00051879882812,187.8515167236328,221.01148986816406,117.22019958496094,52.62188720703125,39.10110092163086,24.75257110595703,187.94000244140625,165.82766723632812
2020-07-16,93.37523651123047,193.46046447753906,75.03202819824219,149.9949951171875,85.81008911132812,33.97275161743164,125.72171020507812,106.42598724365234,38.335208892822266,40.59524154663086,10.076741218566895,238.6443634033203,184.9365234375,221.2515411376953,115.79492950439453,52.719947814941406,38.578617095947266,24.669416427612305,178.6999969482422,165.09262084960938
2020-07-17,93.18661499023438,192.4738006591797,75.12760925292969,148.09849548339844,84.22276306152344,33.389652252197266,125.80592346191406,107.1681137084961,38.891761779785156,40.4539794921875,10.143109321594238,239.73390197753906,186.4561309814453,223.22335815429688,115.0386734008789,53.48658752441406,39.39603805541992,25.119844436645508,175.66000366210938,165.57687377929688
2020-07-20,95.15042114257812,200.74649047851562,77.45496368408203,159.8419952392578,83.48487091064453,32.60708236694336,126.01653289794922,106.83544921875,38.310279846191406,40.37108612060547,10.450591087341309,243.0917510986328,189.6865692138672,223.04330444335938,114.20484924316406,54.51174545288086,39.58143615722656,25.293081283569336,174.4199981689453,165.68931579589844
2020-07-21,93.83717346191406,198.04269409179688,77.06269073486328,156.9145050048828,85.2953109741211,34.256629943847656,126.1344223022461,106.6904067993164,39.2074089050293,40.63515090942383,10.26938533782959,239.45655822753906,187.78463745117188,224.9722442626953,115.00959014892578,54.11060333251953,39.62356948852539,25.424739837646484,178.6300048828125,166.8739471435547
2020-07-22,94.10081481933594,200.88888549804688,77.5049819946289,154.99549865722656,84.67753601074219,33.458702087402344,126.36190795898438,107.60318756103516,40.27065658569336,40.73650360107422,10.379000663757324,237.59437561035156,190.059326171875,227.32980346679688,115.4071044921875,54.4225959777832,39.52244567871094,26.7205810546875,179.7899932861328,171.75099182128906
2020-07-23,89.81766510009766,192.1512451171875,75.1226577758789,149.32749938964844,84.92635345458984,33.52775192260742,126.02494049072266,108.29935455322266,40.10452651977539,40.423274993896484,10.071769714355469,230.3933868408203,188.6925811767578,226.1638641357422,114.5248031616211,53.843170166015625,39.95221710205078,26.616626739501953,176.4499969482422,170.82574462890625
2020-07-24,89.59516906738281,190.97482299804688,74.69969177246094,150.44549560546875,84.32572937011719,33.32059097290039,124.76980590820312,108.1276626586914,40.27897262573242,40.30044937133789,10.136149406433105,228.52130126953125,186.5135040283203,227.4498291015625,114.03031921386719,45.098106384277344,39.10110092163086,26.09691619873047,173.75999450683594,171.8374786376953
2020-07-27,91.71856689453125,193.39401245117188,75.75067901611328,152.760498046875,83.14167022705078,33.81162643432617,123.97799682617188,108.43672180175781,40.27065658569336,40.29124450683594,10.36185073852539,231.28480529785156,188.1956024169922,229.2586669921875,112.76988983154297,44.1888313293457,39.76682662963867,26.013761520385742,170.2100067138672,174.02520751953125
2020-07-28,90.21186065673828,191.65789794921875,74.47381591796875,150.01649475097656,83.50203704833984,33.41265869140625,123.68316650390625,109.77586364746094,40.02145767211914,40.46012878417969,10.157032012939453,227.93687438964844,188.0331573486328,227.42408752441406,112.64385223388672,43.8946533203125,38.99997329711914,27.039352416992188,170.83999633789062,169.69297790527344
2020-07-29,91.94109344482422,193.59326171875,75.45745849609375,151.67649841308594,85.52693939208984,33.780941009521484,123.43888092041016,110.14498138427734,39.8885498046875,40.13155746459961,10.405601501464844,231.07681274414062,189.79168701171875,226.89254760742188,112.09120178222656,42.85166931152344,39.36233901977539,27.20565414428711,166.00999450683594,169.6670379638672
2020-07-30,93.05360412597656,193.44151306152344,76.1934585571289,152.593994140625,83.24462127685547,32.12373733520508,123.69161224365234,112.81468200683594,39.61442947387695,39.95652770996094,10.553248405456543,232.27532958984375,185.4717559814453,228.3070831298828,112.13968658447266,42.78035354614258,39.13479995727539,27.10769271850586,161.9499969482422,168.97525024414062
2020-07-31,102.79524230957031,194.49452209472656,73.69622802734375,158.23399353027344,82.91858673095703,32.284854888916016,122.78184509277344,112.55716705322266,39.24064254760742,39.73542404174805,10.553996086120605,251.26345825195312,181.97372436523438,227.60411071777344,113.38072204589844,42.548583984375,39.69097137451172,26.92576026916504,158.0,167.9980926513672
2020-08-03,105.38541412353516,205.43312072753906,73.43919372558594,155.59449768066406,82.45525360107422,32.41526794433594,124.12120819091797,112.70309448242188,38.45980453491211,39.7047119140625,10.947230339050293,249.56968688964844,182.25083923339844,228.19569396972656,112.80867004394531,43.05670166015625,39.74154281616211,26.834793090820312,162.27000427246094,168.1018524169922
2020-08-04,106.08922576904297,202.34986877441406,72.97062683105469,156.94149780273438,81.98336029052734,33.351295471191406,124.01171875,114.84917449951172,38.78377151489258,40.423274993896484,11.163484573364258,247.4599151611328,183.78004455566406,229.6444549560547,113.72006225585938,43.79660415649414,40.171321868896484,26.86277961730957,165.07000732421875,172.39088439941406
2020-08-05,106.47374725341797,202.01779174804688,73.25740814208984,160.25149536132812,83.40764617919922,33.64284133911133,125.00568389892578,114.54871368408203,39.22402572631836,39.8613395690918,11.222148895263672,246.75665283203125,187.42147827148438,229.31015014648438,123.72595977783203,43.60939407348633,39.884803771972656,26.90476417541504,174.27999877929688,172.30438232421875
2020-08-06,110.18855285644531,205.2529296875,74.5382080078125,161.25,83.43339538574219,33.48171615600586,124.28968048095703,113.92208099365234,39.439998626708984,39.72007369995117,11.27061939239502,262.7633361816406,189.97329711914062,230.930419921875,126.83827209472656,43.59144973754883,40.255592346191406,26.778820037841797,172.1999969482422,175.69412231445312
2020-08-07,107.68334197998047,201.58139038085938,74.21233367919922,158.3730010986328,85.26953887939453,33.328277587890625,125.17413330078125,114.64311981201172,39.705806732177734,39.910465240478516,11.135398864746094,265.8934020996094,187.66995239257812,232.87652587890625,125.975341796875,43.10679244995117,39.96906661987305,26.90476417541504,170.02000427246094,176.92202758789062
2020-08-10,109.24848175048828,197.568359375,74.13555145263672,157.4080047607422,86.35064697265625,34.14920425415039,124.69400787353516,115.11532592773438,39.63935470581055,40.496971130371094,11.101096153259277,260.5049743652344,188.08091735839844,235.52557373046875,124.87003326416016,44.17482376098633,40.22188186645508,26.86277961730957,179.41000366210938,176.50692749023438
2020-08-11,105.99945831298828,192.94815063476562,73.3292236328125,154.0334930419922,89.0791244506836,34.50212478637695,123.80113220214844,114.36844635009766,39.81380081176758,39.98109817504883,10.7878999710083,253.70016479492188,189.01756286621094,235.6884307861328,126.51830291748047,43.250396728515625,39.76682662963867,26.442941665649414,180.1300048828125,177.2678985595703
2020-08-12,109.52225494384766,198.46017456054688,74.65162658691406,158.11199951171875,88.3240966796875,34.49430847167969,126.0670394897461,116.28276062011719,40.22911834716797,40.50004959106445,11.374770164489746,257.4244689941406,189.94459533691406,241.39808654785156,127.77872467041016,44.147891998291016,40.53367614746094,26.820804595947266,175.44000244140625,178.14993286132812
2020-08-13,111.46054077148438,197.99530029296875,75.11770629882812,158.05099487304688,87.83501434326172,33.649356842041016,124.66876983642578,116.5574722290039,40.18758773803711,40.65421676635742,11.377506256103516,258.821044921875,189.12144470214844,241.4666748046875,126.9739990234375,43.58246994018555,35.99998092651367,26.708843231201172,174.72999572753906,178.55636596679688
2020-08-14,111.36121368408203,198.1849822998047,74.52238464355469,157.4010009765625,87.86933135986328,33.798004150390625,124.87090301513672,115.97371673583984,40.24573516845703,40.885467529296875,11.49781322479248,258.7616882324219,188.22169494628906,240.5150146484375,126.55709838867188,43.87864685058594,35.8145866394043,26.63187599182129,178.0800018310547,179.0232696533203
2020-08-17,111.07044219970703,199.49424743652344,75.0973892211914,159.12049865722656,85.55269622802734,33.35988235473633,125.50269317626953,116.3171157836914,40.0463752746582,41.810482025146484,12.266389846801758,258.68243408203125,190.89222717285156,247.10769653320312,125.4323959350586,43.914546966552734,35.46908187866211,26.834793090820312,172.00999450683594,180.44143676757812
2020-08-18,111.99600219726562,200.6421356201172,77.0557632446289,165.62449645996094,84.36003875732422,33.19559097290039,126.42927551269531,117.18409729003906,40.220821380615234,41.53605651855469,12.190572738647461,259.85125732421875,190.49021911621094,244.33004760742188,124.99607849121094,43.663246154785156,35.37637710571289,26.841793060302734,170.22999572753906,181.8682098388672
2020-08-19,112.13651275634766,199.42489624023438,76.50252532958984,163.0240020751953,84.5573959350586,32.82786560058594,126.68195343017578,116.54884338378906,39.34860610961914,40.82687759399414,12.069024085998535,260.098876953125,192.38540649414062,242.4954071044922,123.88107299804688,43.37603759765625,35.2836799621582,26.771820068359375,169.27000427246094,181.1678009033203
2020-08-20,114.62477111816406,204.06576538085938,78.06961822509766,164.86849975585938,83.54495239257812,32.32716369628906,127.54963684082031,117.47599029541016,39.332000732421875,40.25954055786133,12.071508407592773,266.45794677734375,195.41018676757812,240.62643432617188,124.2204360961914,44.12994384765625,35.65446853637695,27.093698501586914,169.5800018310547,181.48776245117188
2020-08-21,120.53165435791016,202.5821990966797,78.03594970703125,164.23599243164062,83.50203704833984,32.08463668823242,128.6783447265625,117.98245239257812,39.27385711669922,40.58637619018555,12.6109037399292,264.4768981933594,195.39100646972656,242.81265258789062,123.56112670898438,44.22866439819336,35.60390090942383,27.20565414428711,167.5,182.94912719726562
2020-08-24,121.97327423095703,203.21939086914062,78.51042175292969,165.3730010986328,85.8530044555664,33.031288146972656,129.0175323486328,118.9010009765625,39.84701156616211,40.493873596191406,12.647445678710938,268.8153991699219,197.5734405517578,245.83030700683594,126.71221923828125,44.103023529052734,35.54491424560547,27.177658081054688,178.27000427246094,183.85707092285156
2020-08-25,120.97261810302734,205.8631591796875,79.5356674194336,167.32449340820312,86.23052978515625,31.982927322387695,128.9412078857422,119.37306213378906,39.797176361083984,40.27804946899414,12.677023887634277,278.1558532714844,199.19105529785156,245.29879760742188,125.839599609375,44.36329650878906,35.359519958496094,26.87677001953125,174.72999572753906,183.8830108642578
2020-08-26,122.61773681640625,210.3138427734375,81.43162536621094,172.09249877929688,85.02073669433594,31.30227279663086,129.1447296142578,118.79794311523438,40.00484085083008,40.29962158203125,12.69989013671875,301.02691650390625,201.25857543945312,250.2710723876953,128.15684509277344,44.47099304199219,35.60390090942383,26.624876022338867,171.89999389648438,184.84283447265625
2020-08-27,121.15193176269531,215.47781372070312,80.65847778320312,170.0,87.81785583496094,31.091026306152344,129.7213592529297,118.64344787597656,40.062984466552734,42.12806701660156,12.555970191955566,290.4382629394531,201.99559020996094,247.4419708251953,129.65968322753906,44.336368560791016,35.63761520385742,26.491924285888672,174.1999969482422,183.4852752685547
2020-08-28,120.9556655883789,217.6936492919922,81.19884490966797,170.08999633789062,88.17822265625,31.83427619934082,130.28099060058594,119.1241683959961,41.39205551147461,43.259647369384766,13.07249927520752,290.8740539550781,206.47525024414062,245.43597412109375,131.4145965576172,45.26079559326172,35.561763763427734,26.526918411254883,175.8000030517578,185.8372802734375
2020-08-31,125.0575180053711,214.479248046875,80.70850372314453,172.54800415039062,85.96454620361328,31.24750518798828,130.0859832763672,118.74642944335938,41.142852783203125,42.81256866455078,13.29794979095459,290.41851806640625,202.9145050048828,244.3643035888672,127.85629272460938,45.72748947143555,35.57862854003906,26.442941665649414,171.82000732421875,185.7154998779297
2020-09-01,130.03887939453125,216.1339874267578,81.97396087646484,174.95599365234375,85.92163848876953,30.8485050201416,128.48333740234375,118.6176528930664,40.80228805541992,45.507442474365234,13.746006965637207,292.63720703125,204.21630859375,245.13584899902344,129.48519897460938,45.583892822265625,35.418514251708984,25.806184768676758,172.10000610351562,184.9935760498047
2020-09-02,127.34466552734375,220.2993927001953,85.06008911132812,176.57249450683594,87.21723937988281,30.660743713378906,130.442138671875,120.61780548095703,42.52175521850586,45.535186767578125,14.268654823303223,299.63031005859375,207.21231079101562,247.51454162597656,131.2691650390625,46.89423370361328,35.74715805053711,26.03009796142578,174.77999877929688,188.0726318359375
2020-09-03,117.14938354492188,206.65248107910156,80.70751190185547,168.39999389648438,86.94266510009766,30.598154067993164,126.81282043457031,118.68634796142578,41.93198776245117,44.56700134277344,12.944875717163086,288.3581848144531,200.0142822265625,236.6814422607422,129.1846160888672,45.22488784790039,34.50840377807617,25.47031593322754,168.77000427246094,185.95907592773438
2020-09-04,117.22691345214844,203.751953125,78.31527709960938,164.7310028076172,88.82173156738281,30.574682235717773,125.99882507324219,118.4288330078125,42.39716339111328,44.039764404296875,12.554009437561035,280.0477294921875,195.8983612060547,232.39820861816406,127.97264099121094,44.9466667175293,34.39885330200195,25.442331314086914,171.0500030517578,184.15863037109375
2020-09-08,109.33812713623047,192.72984313964844,75.4619369506836,157.49200439453125,85.7328872680664,29.870548248291016,124.87098693847656,116.69477844238281,41.37543869018555,42.68923568725586,11.848360061645508,268.58758544921875,191.55270385742188,232.053466796875,130.11537170410156,43.89659881591797,33.70783615112305,25.14144515991211,161.0800018310547,185.76773071289062
2020-09-09,113.69924926757812,200.93701171875,76.63228607177734,163.4304962158203,86.5479965209961,29.690610885620117,126.94003295898438,118.5919189453125,41.69109344482422,43.133243560791016,12.646005630493164,271.1233215332031,195.3240203857422,238.75836181640625,129.3009490966797,44.53382110595703,33.81739044189453,25.316381454467773,160.77999877929688,187.620361328125
2020-09-10,109.98745727539062,195.30703735351562,75.58325958251953,158.7554931640625,85.65564727783203,28.947370529174805,124.57420349121094,117.34719848632812,41.53326416015625,42.18356704711914,12.24494457244873,265.5467224121094,192.91192626953125,235.0181121826172,129.1652069091797,43.941471099853516,33.34547805786133,24.945512771606445,157.69000244140625,188.95111083984375
2020-09-11,108.5434341430664,194.03271484375,75.07361602783203,155.81100463867188,86.71957397460938,28.869131088256836,125.31194305419922,118.5833511352539,42.413780212402344,42.149654388427734,12.098495483398438,264.0806884765625,192.0886993408203,238.14651489257812,127.73995208740234,44.22866439819336,33.606712341308594,25.23940086364746,160.22999572753906,189.6121368408203
2020-09-14,111.79972839355469,195.34510803222656,74.73038482666016,155.14849853515625,87.92081451416016,28.681358337402344,125.7952880859375,119.00398254394531,42.464012145996094,42.3408203125,12.802404403686523,263.6251220703125,196.20465087890625,241.8695831298828,127.25517272949219,44.3453483581543,34.01963806152344,25.897153854370117,165.35000610351562,191.83877563476562
2020-09-15,111.97418975830078,198.54995727539062,76.03248596191406,157.80650329589844,85.18375396728516,28.37624168395996,126.2531967163086,119.00398254394531,42.74872589111328,42.3531494140625,12.920512199401855,269.8355712890625,196.59710693359375,246.1183319091797,127.24547576904297,44.8748664855957,34.21345520019531,25.86216163635254,163.49000549316406,193.41310119628906
2020-09-16,108.66942596435547,195.00271606445312,74.89186096191406,153.90499877929688,85.54411315917969,29.581085205078125,125.83767700195312,118.20563507080078,42.531005859375,42.013980865478516,12.446593284606934,261.0199890136719,196.34820556640625,242.71420288085938,128.06959533691406,45.20694351196289,34.061771392822266,25.736221313476562,167.4600067138672,195.5353546142578
2020-09-17,106.93466186523438,192.96759033203125,73.65116119384766,150.43649291992188,84.56597137451172,29.573257446289062,124.7946548461914,118.05111694335938,42.330039978027344,42.146568298339844,12.395873069763184,252.40260314941406,196.48219299316406,241.27490234375,126.25652313232422,45.16206359863281,34.01963806152344,25.764202117919922,167.52999877929688,193.59573364257812
2020-09-18,103.54267883300781,190.57106018066406,71.87061309814453,147.74549865722656,84.38578796386719,29.09601593017578,126.49909973144531,117.92237854003906,42.246307373046875,41.71489334106445,12.123108863830566,250.13429260253906,193.9360809326172,237.16404724121094,124.71491241455078,44.776145935058594,33.547725677490234,25.631254196166992,161.13999938964844,191.58656311035156
2020-09-21,106.68269348144531,192.61573791503906,70.83297729492188,148.02349853515625,81.77743530273438,28.501419067382812,123.0394287109375,117.35579681396484,41.10744094848633,42.26373291015625,12.449328422546387,245.79583740234375,188.99700927734375,234.71653747558594,121.59292602539062,44.623573303222656,32.89885330200195,25.204416275024414,156.35000610351562,188.22921752929688
2020-09-22,108.35929107666016,197.2566375732422,72.30298614501953,156.44949340820312,80.88508605957031,27.79729461669922,122.28475189208984,118.4288330078125,41.58475875854492,42.64607238769531,12.56917667388916,252.333251953125,191.97384643554688,235.5438690185547,123.338134765625,44.82999038696289,33.13480758666992,25.3653564453125,156.8000030517578,188.22921752929688
2020-09-23,103.81404876708984,190.7612762451172,69.80525207519531,149.9929962158203,79.57233428955078,26.9054012298584,122.47974395751953,117.01239776611328,40.370540618896484,41.93072509765625,12.057964324951172,246.6575927734375,187.00604248046875,229.71792602539062,119.52774810791016,43.81581497192383,32.25840759277344,25.19042205810547,151.17999267578125,186.97671508789062
2020-09-24,104.88008880615234,193.23388671875,70.47240447998047,150.989501953125,79.50369262695312,26.85064125061035,122.6747817993164,117.53607177734375,40.78085708618164,42.149654388427734,12.280996322631836,247.1627655029297,187.14962768554688,228.98541259765625,118.76179504394531,44.120967864990234,31.89604377746582,25.022485733032227,146.0500030517578,187.9769744873047
2020-09-25,108.81481170654297,197.63697814941406,71.27476501464844,154.75650024414062,80.19869995117188,27.100984573364258,123.51424407958984,118.13695526123047,40.79761505126953,42.325401306152344,12.803893089294434,252.40260314941406,188.80557250976562,231.44161987304688,120.22583770751953,44.82101058959961,32.40165710449219,25.22541046142578,156.02999877929688,189.7686767578125
2020-09-28,111.4120864868164,199.1776580810547,72.24552917480469,158.70249938964844,82.5067367553711,27.625179290771484,124.74382019042969,118.47174835205078,41.26654815673828,42.319236755371094,12.964271545410156,254.38360595703125,191.744140625,234.69924926757812,122.15526580810547,46.15829086303711,32.974693298339844,25.46331787109375,166.0800018310547,191.57781982421875
2020-09-29,110.56892395019531,197.1044464111328,72.61006164550781,157.24400329589844,81.81175994873047,26.81934356689453,124.7013931274414,117.82794952392578,40.965084075927734,42.285316467285156,13.153985023498535,259.30645751953125,190.9018096923828,234.5096893310547,121.58322143554688,45.94289016723633,32.91570281982422,25.309377670288086,163.60000610351562,190.20355224609375
2020-09-30,112.23585510253906,200.0240478515625,72.58926391601562,157.43649291992188,82.60111999511719,26.858461380004883,126.24469757080078,119.31301879882812,41.341915130615234,43.13941192626953,13.457077980041504,259.4153747558594,191.40916442871094,239.33584594726562,120.30340576171875,46.472412109375,33.193790435791016,25.68023109436035,165.25999450683594,190.9081268310547
2020-10-01,113.18563079833984,202.04965209960938,73.69374084472656,161.06300354003906,83.20173645019531,25.91963005065918,124.921875,119.52761840820312,41.18281555175781,44.116844177246094,13.540626525878906,264.10052490234375,194.64439392089844,239.25828552246094,119.55682373046875,46.88527297973633,32.99818420410156,25.44931983947754,167.86000061035156,190.99508666992188
2020-10-02,109.53195190429688,196.08682250976562,72.09396362304688,156.25,83.99109649658203,25.802270889282227,124.00609588623047,118.56616973876953,41.33354949951172,43.32133102416992,12.991373062133789,257.4739990234375,192.8353271484375,240.71473693847656,118.81996154785156,45.781333923339844,32.54743194580078,25.456321716308594,168.0800018310547,193.6739959716797
2020-10-05,112.90453338623047,200.07156372070312,73.4426498413086,159.9600067138672,85.76636505126953,26.39687156677246,125.69353485107422,119.65638732910156,41.35029220581055,43.722164154052734,13.568475723266602,262.1393127441406,194.8262481689453,243.11915588378906,119.61500549316406,46.39163589477539,32.80258560180664,25.715219497680664,171.1999969482422,196.6312713623047
2020-10-06,109.66763305664062,195.82058715820312,71.86713409423828,154.9980010986328,84.8830795288086,26.123035430908203,124.02301788330078,119.84522247314453,40.98183059692383,43.361412048339844,13.66196060180664,256.2061767578125,191.8685760498047,238.26719665527344,117.24927520751953,46.10443115234375,32.80258560180664,25.309377670288086,159.5399932861328,194.90911865234375
2020-10-07,111.52839660644531,199.54849243164062,72.2693099975586,159.7845001220703,86.36389923095703,26.209102630615234,125.39676666259766,120.78089904785156,41.50102233886719,43.44157791137695,13.888229370117188,255.6712188720703,193.80209350585938,243.7139129638672,119.16902160644531,47.27119064331055,33.50846862792969,25.519289016723633,164.61000061035156,196.9878692626953
2020-10-08,111.4217758178711,200.26174926757812,73.47235870361328,159.52749633789062,88.13914489746094,27.586055755615234,126.2531967163086,121.596435546875,42.254669189453125,43.58649826049805,13.76365852355957,261.2577209472656,194.2902374267578,245.2047576904297,119.3435287475586,47.899436950683594,33.840152740478516,25.81318473815918,168.0,196.3964385986328
2020-10-09,113.36006164550781,205.23550415039062,74.81062316894531,164.33250427246094,87.63687896728516,27.179231643676758,128.01690673828125,122.6866226196289,42.54775619506836,44.02434158325195,13.688074111938477,261.9412536621094,197.79351806640625,246.411376953125,121.17601776123047,47.40581130981445,33.891178131103516,25.74321174621582,167.3300018310547,195.55271911621094
2020-10-12,120.56074523925781,210.55162048339844,77.49210357666016,172.14649963378906,88.71067810058594,27.093168258666992,128.75462341308594,124.03438568115234,42.78221893310547,44.477596282958984,14.148809432983398,273.1340026855469,197.56382751464844,247.2646484375,121.16632080078125,48.35716247558594,34.32491683959961,25.764202117919922,167.35000610351562,196.6660614013672
2020-10-13,117.36259460449219,211.9400634765625,77.61494445800781,172.18150329589844,87.27315521240234,26.772401809692383,125.80372619628906,123.79399871826172,42.05369567871094,45.088096618652344,14.170936584472656,273.52032470703125,195.5728759765625,250.2378692626953,125.03487396240234,48.312278747558594,33.857154846191406,25.820178985595703,162.13999938964844,197.74459838867188
2020-10-14,117.44982147216797,210.03805541992188,77.43514251708984,168.1855010986328,86.78822326660156,26.717634201049805,125.58332061767578,123.64805603027344,41.96995544433594,44.38200378417969,14.018767356872559,269.24127197265625,193.5436248779297,247.4196319580078,122.73699951171875,48.06098175048828,33.925193786621094,25.792192459106445,163.24000549316406,197.9794464111328
2020-10-15,116.98463439941406,208.8968505859375,77.0404052734375,166.9324951171875,88.08717346191406,26.952341079711914,124.8116455078125,123.46778869628906,41.8610954284668,44.56392288208008,13.894198417663574,264.1896667480469,191.0071258544922,247.80760192871094,123.48357391357422,48.33023452758789,33.99323654174805,25.575275421142578,164.24000549316406,199.73638916015625
2020-10-16,115.34678649902344,208.8968505859375,77.64616394042969,163.635498046875,87.90531921386719,26.678516387939453,125.58332061767578,123.94851684570312,41.89458465576172,44.61942672729492,13.736557960510254,263.4071350097656,191.68667602539062,247.91094970703125,122.95030212402344,48.60845184326172,34.15483093261719,26.55489730834961,167.35000610351562,199.5015106201172
2020-10-19,112.40059661865234,203.72335815429688,75.77643585205078,160.36050415039062,86.42449951171875,26.146509170532227,122.37798309326172,121.81961822509766,41.55126190185547,44.076751708984375,13.42451000213623,258.9201354980469,188.5375518798828,244.5239715576172,120.44883728027344,48.98541259765625,33.423423767089844,26.44994354248047,167.11000061035156,196.57040405273438
2020-10-20,113.88339233398438,204.13235473632812,76.82298278808594,160.85049438476562,86.9181137084961,26.365570068359375,122.57301330566406,122.3089370727539,42.078826904296875,44.36967086791992,13.57146167755127,265.0216979980469,189.2362823486328,246.51478576660156,121.14691925048828,47.95327377319336,33.338375091552734,26.233020782470703,167.24000549316406,197.83160400390625
2020-10-21,113.26314544677734,204.27499389648438,78.55201721191406,159.2469940185547,86.05213928222656,25.943098068237305,122.04727172851562,122.96987915039062,41.8610954284668,44.523841857910156,13.451362609863281,276.0857238769531,189.93507385253906,245.19622802734375,122.7757797241211,48.01609802246094,33.219295501708984,25.946134567260742,163.86000061035156,198.47525024414062
2020-10-22,112.1777114868164,204.3605499267578,79.5757827758789,158.82000732421875,89.09170532226562,27.273115158081055,123.02244567871094,122.09895324707031,42.43889617919922,44.261756896972656,13.28849983215332,275.48150634765625,189.51390075683594,242.3091278076172,123.67748260498047,48.37510299682617,33.01519775390625,26.1910343170166,169.07000732421875,199.3101806640625
2020-10-23,111.4896240234375,205.63490295410156,80.8793716430664,160.22000122070312,89.89707946777344,26.72545623779297,123.15811157226562,122.90172576904297,42.30491256713867,44.3542594909668,13.516509056091309,282.0882873535156,189.53298950195312,243.8948211669922,124.44343566894531,43.259376525878906,33.01519775390625,26.715839385986328,167.36000061035156,198.927490234375
2020-10-26,111.49929809570312,199.78628540039062,78.46781921386719,160.3520050048828,87.67151641845703,26.09174919128418,122.08123779296875,121.969482421875,41.70199203491211,43.83316421508789,13.06994342803955,274.4811096191406,184.8045196533203,237.89663696289062,120.28400421142578,41.93107604980469,32.03714370727539,26.533910751342773,160.8300018310547,195.065673828125
2020-10-27,113.00148010253906,202.80093383789062,79.19043731689453,164.31649780273438,86.01748657226562,25.67709732055664,121.38585662841797,122.88446807861328,41.78573226928711,44.05208969116211,13.32405948638916,280.6025085449219,181.92335510253906,238.58602905273438,119.55682373046875,40.9617805480957,31.356773376464844,26.1910343170166,155.24000549316406,193.93495178222656
2020-10-28,107.76812744140625,192.74887084960938,74.82796478271484,158.13900756835938,83.6014175415039,24.699140548706055,117.32414245605469,118.82746124267578,40.161190032958984,43.17949295043945,12.558483123779297,265.1306457519531,173.1267852783203,232.44985961914062,114.86414337158203,39.71426010131836,30.370248794555664,24.805564880371094,148.13999938964844,186.73316955566406
2020-10-29,111.76095581054688,194.6889190673828,77.11024475097656,160.55050659179688,84.14698791503906,25.794448852539062,116.33199310302734,118.7497787475586,40.21144104003906,43.142494201660156,12.95333194732666,278.16583251953125,176.95553588867188,232.37232971191406,117.84071350097656,39.58860397338867,30.353225708007812,24.686609268188477,148.2899932861328,186.95928955078125
2020-10-30,105.50032806396484,192.5491485595703,80.0438232421875,151.8074951171875,84.900390625,25.520618438720703,116.26414489746094,118.34406280517578,40.24494171142578,42.781734466552734,12.465989112854004,260.6138916015625,173.9308319091797,229.8557891845703,117.55953216552734,39.741180419921875,30.531827926635742,24.82655906677246,144.38999938964844,185.26324462890625
2020-11-02,105.41311645507812,192.41600036621094,80.4504623413086,150.2239990234375,86.8141860961914,26.592456817626953,117.60397338867188,119.55252075195312,40.7138786315918,43.290489196777344,12.512486457824707,258.8804931640625,176.83116149902344,233.3289337158203,116.47361755371094,39.902732849121094,30.531827926635742,25.351362228393555,148.60000610351562,184.88055419921875
2020-11-03,107.0315933227539,196.31504821777344,81.50740051269531,152.42050170898438,89.55067443847656,26.138690948486328,117.44285583496094,121.90042114257812,41.325164794921875,44.02434158325195,12.9488525390625,262.7830810546875,180.27700805664062,239.04283142089844,120.24523162841797,40.25276184082031,31.195194244384766,25.323368072509766,153.64999389648438,188.56838989257812
2020-11-04,111.40238952636719,205.7870635986328,86.46969604492188,162.05799865722656,86.8141860961914,25.997865676879883,118.20601654052734,121.39974212646484,41.17443084716797,43.771507263183594,13.719400405883789,284.6536560058594,185.6659698486328,243.65350341796875,121.26326751708984,41.015625,31.101648330688477,26.12106704711914,151.6300048828125,186.8897247314453
2020-11-05,115.3564682006836,212.34896850585938,87.29434204101562,166.10000610351562,90.36468505859375,25.950925827026367,118.51130676269531,122.90172576904297,41.40052795410156,44.237091064453125,14.083165168762207,291.8844299316406,189.17886352539062,246.35108947753906,123.09574127197266,41.295867919921875,31.662954330444336,25.725189208984375,157.08999633789062,188.14219665527344
2020-11-06,115.22541809082031,212.75794982910156,87.1571273803711,165.56849670410156,89.1609878540039,25.64579963684082,120.6226806640625,123.63542175292969,41.40890884399414,44.94626235961914,14.482987403869629,290.6264343261719,189.97335815429688,244.9635467529297,123.58052062988281,41.03371047973633,31.91809844970703,25.732250213623047,157.74000549316406,188.35968017578125
2020-11-09,112.9245834350586,207.68911743164062,87.2408447265625,157.18699645996094,101.23271179199219,28.89259147644043,123.87039184570312,119.11229705810547,44.02156448364258,44.25868225097656,13.556783676147461,276.12530517578125,203.57498168945312,232.66537475585938,138.25,41.22356033325195,32.48790740966797,27.711654663085938,179.36000061035156,185.4546356201172
2020-11-10,112.5848159790039,200.6707000732422,86.0670166015625,151.75100708007812,100.90364074707031,29.533592224121094,125.73588562011719,121.07176208496094,45.202274322509766,44.881507873535156,12.700708389282227,269.8454895019531,204.17796325683594,237.49154663085938,137.7846221923828,41.07891082763672,32.930152893066406,27.344058990478516,188.69000244140625,185.5415802001953
2020-11-11,116.00203704833984,205.93923950195312,86.53802490234375,156.8695068359375,99.39684295654297,29.229122161865234,125.32892608642578,122.63417053222656,44.867332458496094,45.62769317626953,13.34519100189209,273.85711669921875,203.59414672851562,239.370361328125,133.62521362304688,41.90156555175781,33.44894027709961,27.21681022644043,182.14999389648438,189.62953186035156
2020-11-12,115.7302474975586,204.88360595703125,86.31959533691406,155.51400756835938,98.17584228515625,28.227575302124023,125.7529067993164,122.70316314697266,44.39000701904297,45.704769134521484,13.383729934692383,272.4703674316406,199.64456176757812,238.06898498535156,131.39520263671875,40.63594055175781,32.88762664794922,26.545225143432617,176.72000122070312,185.3241424560547
2020-11-13,115.77879333496094,205.9011688232422,87.77772521972656,156.4405059814453,98.79065704345703,28.90862464904785,127.1096420288086,124.54177856445312,44.75845718383789,46.417022705078125,13.224849700927734,274.3226318359375,201.77273559570312,238.87045288085938,134.1487579345703,41.09699249267578,35.209407806396484,27.3016357421875,187.11000061035156,185.50677490234375
2020-11-16,116.78843688964844,206.5859375,87.86540985107422,156.55299377441406,101.5791015625,30.575199127197266,127.91520690917969,122.9448471069336,45.09341049194336,47.00286865234375,13.441914558410645,276.31353759765625,203.90090942382812,240.9388427734375,140.26670837402344,41.756927490234375,36.17893981933594,26.38970184326172,202.39999389648438,188.50753784179688
2020-11-17,115.90496063232422,203.95164489746094,87.25272369384766,156.7830047607422,100.54861450195312,30.98382568359375,126.64325714111328,122.4701156616211,44.951072692871094,46.056270599365234,13.349418640136719,272.3911437988281,201.9932098388672,234.8199005126953,140.1018524169922,41.160274505615234,35.61763381958008,26.853565216064453,210.0500030517578,187.8812255859375
2020-11-18,114.58467864990234,201.26278686523438,86.21163940429688,155.2729949951172,99.80384826660156,29.814016342163086,124.96426391601562,120.58837890625,44.05504608154297,45.96994400024414,13.355883598327637,269.3898620605469,199.23240661621094,232.54469299316406,139.5201416015625,40.73538589477539,35.14136505126953,27.062185287475586,203.3000030517578,187.455078125
2020-11-19,115.17688751220703,202.54046630859375,87.09968566894531,155.8509979248047,100.0722885131836,29.966257095336914,124.76924133300781,120.44159698486328,44.49049377441406,46.90419387817383,13.367321968078613,270.3506774902344,198.9831085205078,233.49273681640625,137.406494140625,41.241634368896484,35.013790130615234,26.965322494506836,205.6699981689453,187.09844970703125
2020-11-20,113.91482543945312,200.6049346923828,86.00064849853516,154.97000122070312,99.21499633789062,29.59769058227539,124.10784149169922,120.24311065673828,44.10530471801758,46.32453155517578,13.01673412322998,267.14141845703125,195.44578552246094,232.52743530273438,136.7762908935547,41.03371047973633,34.843711853027344,27.34532356262207,199.6199951171875,186.2113037109375
2020-11-23,110.52670288085938,200.337890625,85.56380462646484,154.91949462890625,102.07269287109375,31.53667640686035,122.84414672851562,119.7769546508789,44.113670349121094,46.537288665771484,13.068697929382324,265.8834533691406,199.54872131347656,233.89776611328125,141.53680419921875,41.639400482177734,35.41351318359375,27.211210250854492,211.52999877929688,188.74237060546875
2020-11-24,111.80816650390625,203.91357421875,87.36367797851562,155.9029998779297,106.79228210449219,33.63592529296875,122.84414672851562,119.3885269165039,44.56585693359375,46.66987228393555,12.887439727783203,274.29296875,201.0058135986328,235.5438690185547,146.87911987304688,42.498233795166016,36.238460540771484,27.270816802978516,218.49000549316406,191.09945678710938
2020-11-25,112.64307403564453,203.92303466796875,87.37506103515625,159.2534942626953,105.67518615722656,32.69847106933594,122.681884765625,119.70789337158203,44.32302474975586,46.814788818359375,13.162936210632324,272.9755554199219,202.16578674316406,236.10401916503906,144.55218505859375,42.53438949584961,36.144920349121094,27.218666076660156,217.61000061035156,190.77764892578125
2020-11-27,113.18670654296875,205.21978759765625,88.5087661743164,159.76699829101562,104.9737319946289,32.20171356201172,122.95514678955078,119.64750671386719,44.13041687011719,46.743865966796875,13.189290046691895,275.17449951171875,202.27117919921875,237.853515625,142.65184020996094,42.89600372314453,36.31501770019531,27.740232467651367,216.5,189.899169921875
2020-11-30,115.57492065429688,204.11376953125,86.89315032958984,158.40199279785156,102.08138275146484,30.55115509033203,123.5357437133789,119.87189483642578,43.54808807373047,47.11079788208008,13.328781127929688,274.3424377441406,201.6481170654297,239.07733154296875,143.50502014160156,43.709625244140625,36.58717727661133,28.544950485229492,210.7100067138672,190.2491455078125
2020-12-01,119.13778686523438,206.15423583984375,88.92184448242188,161.00399780273438,103.69207763671875,30.847618103027344,125.90093994140625,120.30350494384766,43.919429779052734,47.06453323364258,13.317343711853027,283.83154296875,202.4629669189453,238.37928771972656,144.89151000976562,44.803497314453125,37.0294075012207,29.36456298828125,213.00999450683594,189.11172485351562
2020-12-02,119.48726654052734,205.35330200195312,90.38838195800781,160.17649841308594,105.683837890625,32.00139236450195,126.4900894165039,119.43168640136719,43.978511810302734,46.410865783691406,13.471007347106934,284.7923583984375,201.4851531982422,234.9131622314453,148.93458557128906,45.11085891723633,37.32707595825195,30.400251388549805,223.85000610351562,184.491943359375
2020-12-03,119.35136413574219,204.2758331298828,90.23336791992188,159.3365020751953,104.99105834960938,32.21773147583008,127.22442626953125,118.55121612548828,44.5439567565918,46.03468704223633,13.32724666595459,279.1761474609375,199.44325256347656,232.34825134277344,148.57586669921875,46.09625244140625,37.5141716003418,29.871231079101562,237.1999969482422,185.0606689453125
2020-12-04,118.6814956665039,204.3902587890625,90.3284683227539,158.12899780273438,105.943603515625,33.39555358886719,128.30882263183594,118.66344451904297,45.446990966796875,45.9144401550293,13.488665580749512,277.04656982421875,203.8817138671875,228.752197265625,149.44845581054688,47.00027847290039,37.74380111694336,30.057506561279297,232.7100067138672,184.38699340820312
2020-12-07,120.13771057128906,204.3235321044922,89.9951400756836,157.89999389648438,105.54528045654297,32.77058410644531,127.19879913330078,118.84471893310547,44.721195220947266,45.66777801513672,13.536918640136719,282.8707275390625,203.85293579101562,227.5824432373047,149.00245666503906,45.38207244873047,37.71828079223633,30.73555564880371,238.1699981689453,182.76834106445312
2020-12-08,120.74931335449219,205.9635467529297,89.71282196044922,158.864501953125,105.64921569824219,33.8442497253418,129.40171813964844,119.16410064697266,44.88154220581055,46.0809326171875,13.281485557556152,280.71142578125,203.968017578125,226.78518676757812,149.04124450683594,45.825042724609375,37.73529052734375,31.71164894104004,236.57000732421875,182.33084106445312
2020-12-09,118.2252197265625,201.94932556152344,88.05508422851562,155.2100067138672,104.82650756835938,34.292930603027344,130.72518920898438,117.74845123291016,45.00813293457031,45.717105865478516,12.864384651184082,275.2834167480469,200.90997314453125,230.1300048828125,149.72964477539062,45.264549255371094,38.007450103759766,31.1826114654541,232.05999755859375,182.59335327148438
2020-12-10,119.6426010131836,200.72886657714844,87.5494155883789,155.07449340820312,104.15105438232422,35.26243591308594,129.99940490722656,116.9715576171875,44.77183532714844,45.50358581542969,12.905672073364258,274.4909973144531,199.02145385742188,229.4627685546875,149.9817352294922,45.43631362915039,37.692771911621094,31.09320640563965,234.42999267578125,182.02459716796875
2020-12-11,118.83684539794922,203.34141540527344,87.90353393554688,155.8209991455078,103.53619384765625,35.09417724609375,130.59713745117188,117.83475494384766,45.02500915527344,45.49119567871094,12.946463584899902,270.9548645019531,197.70811462402344,229.2374267578125,170.3716278076172,44.95718002319336,37.692771911621094,30.638689041137695,230.3300018310547,181.77963256835938
2020-12-14,118.2252197265625,204.2377166748047,86.78716278076172,157.84849548339844,102.445068359375,33.82822036743164,127.2841567993164,117.26506805419922,44.95750045776367,45.073421478271484,13.240445137023926,271.5888366699219,198.67636108398438,230.1300048828125,164.14706420898438,45.626155853271484,37.62473678588867,29.215547561645508,228.6199951171875,185.41943359375
2020-12-15,124.14715576171875,204.1709442138672,87.22399139404297,158.25599670410156,104.1943588256836,34.4852294921875,128.56497192382812,117.95559692382812,45.43855667114258,45.051753997802734,13.291932106018066,272.9358825683594,199.74044799804688,232.20960998535156,168.64581298828125,45.80695343017578,38.032958984375,28.84298324584961,229.5,187.99179077148438
2020-12-16,124.07917785644531,209.08143615722656,87.03133392333984,162.04800415039062,104.49742889404297,35.014041900634766,127.79647064208984,118.49080657958984,44.78026580810547,45.005340576171875,13.174534797668457,273.0547790527344,199.6541748046875,233.6046600341797,167.85076904296875,46.213775634765625,38.032958984375,28.19474983215332,225.8699951171875,187.06434631347656
2020-12-17,124.94322204589844,209.2149200439453,86.20520782470703,161.8040008544922,103.6314697265625,34.837772369384766,131.169189453125,119.33670043945312,44.95750045776367,45.21267318725586,13.272777557373047,271.8760986328125,202.44375610351562,237.4001007080078,168.26768493652344,45.78887939453125,38.11800765991211,28.33631134033203,221.24000549316406,187.4580535888672
2020-12-18,122.96277618408203,208.4235076904297,85.49742126464844,160.08250427246094,103.12054443359375,34.236839294433594,131.92913818359375,120.01864624023438,45.35416030883789,45.166263580322266,13.203886032104492,273.77789306640625,202.56838989257812,234.3499298095703,167.62779235839844,42.9050407409668,38.645294189453125,28.075532913208008,219.75,188.18429565429688
2020-12-21,124.48693084716797,212.2374725341797,85.9104995727539,160.3090057373047,106.99146270751953,33.61188888549805,130.65692138671875,118.70660400390625,44.56928253173828,45.172447204589844,13.263823509216309,270.2021179199219,200.363525390625,234.8177947998047,165.4947509765625,41.910606384277344,38.169036865234375,27.851999282836914,219.30999755859375,185.20069885253906
2020-12-22,128.03042602539062,213.52468872070312,85.20027160644531,160.3260040283203,105.3634262084961,33.04301071166992,130.4007110595703,117.86929321289062,44.52708435058594,44.62470245361328,13.210101127624512,264.55615234375,197.32467651367188,233.99464416503906,165.2620391845703,41.73884201049805,38.007450103759766,27.375133514404297,218.77999877929688,185.41943359375
2020-12-23,127.13728332519531,210.74049377441406,85.59698486328125,159.2635040283203,108.30774688720703,33.46765899658203,129.7347412109375,117.68801879882812,44.79714584350586,44.3214225769043,12.942484855651855,265.5664367675781,196.80703735351562,233.79530334472656,168.26768493652344,42.1004638671875,37.74380111694336,27.896705627441406,219.69000244140625,185.50689697265625
2020-12-24,128.1177520751953,212.39002990722656,85.89069366455078,158.63450622558594,107.83145141601562,33.33144760131836,130.18728637695312,118.87921905517578,45.10097122192383,44.40807342529297,12.9270601272583,264.86322021484375,200.06634521484375,234.7571258544922,168.44219970703125,42.55247116088867,37.87987518310547,27.770034790039062,217.14999389648438,184.95570373535156
2020-12-28,132.70001220703125,214.49728393554688,87.86192321777344,164.197998046875,108.54156494140625,33.44362258911133,130.8020782470703,119.70789337158203,45.708621978759766,44.94035720825195,12.833794593811035,274.3721008300781,203.83380126953125,233.31007385253906,173.41607666015625,42.55247116088867,38.20305252075195,27.434741973876953,216.08999633789062,187.25682067871094
2020-12-29,130.93310546875,213.72491455078125,87.05956268310547,166.10000610351562,108.25579071044922,33.067039489746094,131.61322021484375,119.48348999023438,45.68330001831055,44.65565490722656,12.87681770324707,274.15423583984375,205.50181579589844,230.6585235595703,171.903564453125,44.64980697631836,37.964927673339844,27.606111526489258,216.25,186.11062622070312
2020-12-30,129.81666564941406,211.36978149414062,85.99420928955078,164.29249572753906,108.55888366699219,33.33144760131836,133.2440948486328,118.92239379882812,45.944915771484375,44.61851501464844,13.07828140258789,269.2907409667969,209.3267059326172,229.85269165039062,175.65576171875,44.07123565673828,37.82884979248047,27.375133514404297,216.6699981689453,185.1044158935547
2020-12-31,128.81671142578125,212.07540893554688,86.80599212646484,162.84649658203125,110.0396957397461,33.02698516845703,134.3796844482422,120.10497283935547,46.282508850097656,44.609230041503906,12.98799991607666,270.568603515625,209.68141174316406,230.16465759277344,175.66543579101562,45.03853988647461,38.058475494384766,27.427297592163086,214.05999755859375,187.74681091308594
2021-01-04,125.63249206542969,207.56541442871094,85.49298095703125,159.3314971923828,109.00052642822266,33.25132369995117,133.62832641601562,118.96556854248047,44.52708435058594,45.34575271606445,13.046198844909668,266.38861083984375,208.7515869140625,228.69154357910156,172.27198791503906,44.902931213378906,37.68981170654297,27.427297592163086,202.72000122070312,183.9320526123047
2021-01-05,127.18579864501953,207.765625,86.18241882324219,160.92550659179688,109.59363555908203,34.85380554199219,135.19944763183594,119.72512817382812,44.0375862121582,45.1043701171875,13.335953712463379,268.39935302734375,205.635986328125,230.53720092773438,173.00888061523438,45.752723693847656,37.706966400146484,27.710426330566406,211.6300048828125,185.03443908691406
2021-01-06,122.9045181274414,202.37838745117188,85.3320083618164,156.91900634765625,114.73969268798828,35.74317932128906,136.47166442871094,120.98545837402344,42.636627197265625,45.38597869873047,12.54975700378418,260.8120422363281,203.82418823242188,231.85438537597656,173.66815185546875,46.19569396972656,38.06704330444336,27.47199821472168,211.02999877929688,184.6144561767578
2021-01-07,127.09841918945312,208.13751220703125,87.88076782226562,158.10800170898438,118.50762176513672,36.02360534667969,136.93270874023438,119.85465240478516,42.16400146484375,45.38288497924805,13.275513648986816,266.19049072265625,204.96499633789062,230.71922302246094,173.14459228515625,47.18107986450195,38.547183990478516,27.613571166992188,212.7100067138672,185.47195434570312
2021-01-08,128.19546508789062,209.40557861328125,89.044189453125,159.13499450683594,118.63846588134766,36.424224853515625,136.65093994140625,119.8028335571289,43.109230041503906,45.3766975402832,13.208609580993652,265.0316162109375,206.5371551513672,233.17144775390625,173.25123596191406,46.692909240722656,38.632904052734375,27.66572380065918,209.89999389648438,188.87545776367188
2021-01-11,125.21504974365234,207.3746795654297,86.98676300048828,155.7104949951172,120.40908813476562,37.52993392944336,136.07884216308594,118.991455078125,42.36655044555664,45.5809440612793,13.551590919494629,254.40341186523438,204.08303833007812,235.02578735351562,173.6390838623047,46.593467712402344,38.89011764526367,28.14258575439453,206.7899932861328,187.44056701660156
2021-01-12,125.04031372070312,204.9337615966797,86.05265045166016,156.04150390625,122.30176544189453,38.36322021484375,135.0200958251953,118.30091857910156,42.290592193603516,46.10083770751953,13.415541648864746,248.70794677734375,200.21974182128906,239.44503784179688,170.63343811035156,48.130313873291016,39.2587890625,27.70298194885254,208.41000366210938,185.13943481445312
2021-01-13,127.06929779052734,206.27813720703125,86.53901672363281,158.29449462890625,122.41519165039062,38.795894622802734,134.815185546875,118.48218536376953,42.332794189453125,45.63046646118164,13.462300300598145,249.2527313232422,200.68946838378906,237.46932983398438,170.7594757080078,51.48424530029297,38.89011764526367,27.46454429626465,207.2100067138672,185.56817626953125
2021-01-14,125.14712524414062,203.11256408691406,85.73021697998047,156.37350463867188,123.1303939819336,40.31023025512695,137.17184448242188,117.22189331054688,41.54792022705078,45.4819221496582,13.1325044631958,243.30966186523438,193.50930786132812,232.52159118652344,168.15133666992188,53.563499450683594,38.7100715637207,27.38258934020996,209.91000366210938,182.42710876464844
2021-01-15,123.42875671386719,202.75978088378906,85.5667724609375,155.21249389648438,120.92366790771484,38.37123489379883,136.87295532226562,116.34144592285156,41.100624084472656,44.760860443115234,12.793499946594238,248.9753875732422,193.25047302246094,238.80374145507812,166.221923828125,52.05377960205078,38.95012664794922,27.34532356262207,204.32000732421875,183.66078186035156
2021-01-19,124.09862518310547,206.37347412109375,88.38247680664062,156.03799438476562,120.40033721923828,39.13241195678711,138.9905242919922,115.3228759765625,40.940269470214844,44.374027252197266,12.95840072631836,258.6229553222656,193.317626953125,236.7241973876953,167.01693725585938,52.4244270324707,38.74436950683594,27.3676815032959,210.7100067138672,182.94334411621094
2021-01-20,128.17601013183594,213.9061279296875,93.11741638183594,163.16900634765625,118.59490966796875,39.68526077270508,138.64898681640625,113.88130187988281,41.08374786376953,45.03010177612305,13.297152519226074,264.94244384765625,197.4876251220703,237.68597412109375,168.35496520996094,53.03915786743164,38.87296676635742,27.196304321289062,211.4499969482422,186.91563415527344
2021-01-21,132.87474060058594,214.5067596435547,93.31949615478516,165.34950256347656,117.60055541992188,38.54751205444336,138.0939483642578,113.7693099975586,41.311614990234375,44.82585525512695,13.796330451965332,270.2813415527344,196.65365600585938,241.802001953125,166.0667724609375,56.46541213989258,38.675785064697266,27.1814022064209,207.41000366210938,186.8280792236328
2021-01-22,135.01055908203125,215.44122314453125,93.73601531982422,164.6114959716797,116.69343566894531,38.002662658691406,139.6479949951172,112.89222717285156,40.92338943481445,45.28385925292969,13.64212417602539,271.89581298828125,193.66268920898438,246.0912628173828,167.52113342285156,51.222068786621094,38.384281158447266,27.233564376831055,205.83999633789062,186.69686889648438
2021-01-25,138.74815368652344,218.854736328125,93.82120513916016,164.6999969482422,115.2368392944336,37.578006744384766,141.72286987304688,114.8374252319336,41.16814422607422,45.243621826171875,13.583178520202637,275.3725280761719,192.66574096679688,247.02703857421875,166.65821838378906,50.11915588378906,38.6071891784668,27.77748680114746,203.36000061035156,186.661865234375
2021-01-26,138.9811248779297,221.52452087402344,94.498291015625,166.30650329589844,114.76586151123047,36.75273132324219,145.56521606445312,115.57557678222656,41.59855651855469,45.649024963378906,13.366296768188477,279.3742370605469,193.65313720703125,244.87814331054688,164.39913940429688,49.91123962402344,38.80438232421875,27.79984474182129,202.05999755859375,188.44677734375
2021-01-27,137.91323852539062,222.06797790527344,90.0897445678711,161.62899780273438,111.52120971679688,36.33608627319336,143.34519958496094,111.48541259765625,40.9571533203125,44.51329040527344,12.851451873779297,269.5582275390625,186.9043731689453,237.46932983398438,158.06787109375,48.446712493896484,39.18162536621094,27.002582550048828,194.02999877929688,181.11465454101562
2021-01-28,133.0883026123047,227.81748962402344,91.78658294677734,161.88099670410156,113.48371124267578,36.904972076416016,144.43812561035156,113.204833984375,41.48040771484375,44.48544692993164,12.984020233154297,262.4859924316406,190.01991271972656,240.93544006347656,166.64852905273438,50.68869400024414,38.87296676635742,27.010108947753906,197.22999572753906,180.95716857910156
2021-01-29,128.1080780029297,221.17172241210938,90.50676727294922,160.30999755859375,112.22770690917969,35.927459716796875,139.2893829345703,111.33780670166016,40.636444091796875,43.47659683227539,12.923084259033203,255.87924194335938,185.25550842285156,234.67051696777344,163.0514373779297,50.182437896728516,38.22137451171875,27.04024314880371,194.19000244140625,181.8496551513672
2021-02-01,130.22439575195312,228.50399780273438,93.76129150390625,167.1439971923828,113.05631256103516,35.99155807495117,138.93080139160156,111.99778747558594,40.91495895385742,43.09904098510742,13.16906452178955,259.52435302734375,190.1541290283203,234.0206298828125,165.76622009277344,51.24919891357422,38.924415588378906,26.964920043945312,195.83999633789062,181.9284210205078
2021-02-02,131.0496063232422,228.37054443359375,95.05152130126953,169.0,116.53644561767578,36.5604362487793,137.68414306640625,111.8414535522461,41.32005310058594,43.56324768066406,13.487174987792969,264.5462951660156,194.2283172607422,235.8316650390625,171.57391357421875,52.433467864990234,39.293087005615234,26.35482406616211,200.94000244140625,183.529541015625
2021-02-03,130.03028869628906,231.69821166992188,101.97364807128906,165.62649536132812,117.87094116210938,37.99464797973633,137.0437469482422,111.98041534423828,41.15969467163086,43.69630813598633,13.461055755615234,264.1203308105469,193.03004455566406,237.5734100341797,171.06002807617188,52.14418029785156,39.241641998291016,26.241838455200195,207.38999938964844,182.61080932617188
2021-02-04,133.37957763671875,230.75424194335938,101.713623046875,166.5500030517578,120.58350372314453,38.723785400390625,138.31600952148438,112.04988098144531,41.36223602294922,44.107887268066406,13.594121932983398,263.96185302734375,200.5936279296875,241.6026611328125,174.74436950683594,53.470245361328125,40.51054000854492,26.279504776000977,210.63999938964844,184.6407012939453
2021-02-05,132.96633911132812,230.93544006347656,103.45703125,167.6074981689453,120.3480224609375,40.021785736083984,140.41648864746094,112.51881408691406,41.902381896972656,44.6742057800293,13.521246910095215,265.55657958984375,200.13343811035156,241.6373291015625,175.6460723876953,52.915443420410156,41.22215270996094,26.302095413208008,207.92999267578125,185.99688720703125
2021-02-08,133.11219787597656,231.19287109375,103.24356842041016,166.14700317382812,122.23202514648438,41.74444580078125,140.8177490234375,112.17144775390625,42.13024139404297,44.881553649902344,14.364645957946777,264.05096435546875,198.33123779296875,242.65118408203125,184.21701049804688,53.80677032470703,41.9594841003418,26.226776123046875,211.9499969482422,185.1219482421875
2021-02-09,132.23709106445312,232.43240356445312,102.79136657714844,165.25,121.74354553222656,41.255531311035156,141.9705047607422,111.73724365234375,41.94458770751953,45.129127502441406,14.190047264099121,266.893798828125,197.9765625,239.82630920410156,182.4814910888672,53.46115493774414,41.582252502441406,26.339757919311523,215.1199951171875,188.9717254638672
2021-02-10,131.63430786132812,231.526611328125,103.34063720703125,164.32899475097656,121.8133544921875,41.65480422973633,142.4315643310547,111.34646606445312,41.86017990112305,44.603031158447266,14.688474655151367,269.2907409667969,197.89987182617188,241.49002075195312,183.85829162597656,53.53390884399414,40.50196838378906,26.166515350341797,211.9199981689453,187.58929443359375
2021-02-11,131.38156127929688,233.1189422607422,103.45307159423828,163.10650634765625,121.47318267822266,40.61180877685547,141.7911834716797,111.4419937133789,42.45095443725586,44.56899642944336,15.172478675842285,267.8248291015625,202.2587890625,240.07754516601562,185.0993194580078,55.17103958129883,40.79347610473633,25.933025360107422,210.66000366210938,187.47557067871094
2021-02-12,131.61488342285156,233.59567260742188,103.76412200927734,163.885498046875,123.20014953613281,41.16588592529297,142.23521423339844,110.8254165649414,42.78008270263672,44.708248138427734,14.884467124938965,267.9338073730469,201.58670043945312,240.467529296875,181.95791625976562,56.216976165771484,40.54484176635742,26.151451110839844,210.97999572753906,187.15182495117188
2021-02-16,129.49539184570312,232.3656768798828,104.54022979736328,163.44749450683594,126.16568756103516,42.40446853637695,140.9458465576172,111.08595275878906,42.425628662109375,45.076515197753906,15.251571655273438,271.3708801269531,199.60885620117188,238.63055419921875,180.67813110351562,56.817264556884766,39.8760871887207,26.12885284423828,217.17999267578125,188.1405029296875
2021-02-17,127.21055603027344,233.3787078857422,104.9324951171875,165.4320068359375,126.5582046508789,43.06447982788086,141.44964599609375,111.55490112304688,42.30747985839844,45.5530891418457,14.829499244689941,270.9747314453125,199.23439025878906,243.42242431640625,180.76536560058594,56.253353118896484,39.653175354003906,26.279504776000977,215.52000427246094,186.75808715820312
2021-02-18,126.11188507080078,232.98683166503906,104.29802703857422,166.4114990234375,126.98555755615234,42.38816833496094,141.5179443359375,112.48406982421875,42.84761428833008,42.60080337524414,14.752894401550293,266.8343811035156,201.0010223388672,245.26808166503906,177.4300537109375,56.03507995605469,39.73033142089844,26.030935287475586,208.47999572753906,188.49049377441406
2021-02-19,126.26747131347656,230.2918243408203,103.4560317993164,162.4949951171875,129.1050262451172,42.67335510253906,139.16128540039062,110.39122009277344,42.290592193603516,42.81123733520508,14.849893569946289,259.07861328125,196.5653076171875,242.313232421875,178.06027221679688,57.30839538574219,39.16447448730469,25.940547943115234,217.47000122070312,185.69943237304688
2021-02-22,122.50482940673828,224.1180419921875,101.74482727050781,159.03700256347656,130.3174285888672,44.246009826660156,139.07537841796875,109.92229461669922,42.72945022583008,42.61008834838867,14.282072067260742,257.8602600097656,200.0121307373047,239.0290985107422,185.92344665527344,55.21651840209961,38.95012664794922,25.804977416992188,212.8800048828125,185.54193115234375
2021-02-23,122.36869049072266,222.9330596923828,102.0350570678711,159.72500610351562,131.3640899658203,44.857139587402344,137.8467254638672,110.73860168457031,42.653499603271484,41.92307662963867,14.069418907165527,263.3377990722656,203.65098571777344,231.56842041015625,191.09120178222656,55.589420318603516,39.01872634887695,25.541357040405273,212.1199951171875,184.89443969726562
2021-02-24,121.87285614013672,224.1563720703125,103.2083969116211,157.97650146484375,133.67544555664062,46.201629638671875,139.69398498535156,110.86016082763672,42.796974182128906,41.223697662353516,14.424586296081543,261.802490234375,210.67906188964844,225.26881408691406,191.4984130859375,57.47209930419922,39.21592330932617,25.420841217041016,229.33999633789062,186.60060119628906
2021-02-25,117.63379669189453,218.84268188476562,99.84737396240234,152.85800170898438,131.86123657226562,45.4356803894043,139.84002685546875,109.92229461669922,42.34123611450195,40.833770751953125,13.239200592041016,252.2738037109375,205.22555541992188,221.17881774902344,185.1671600341797,54.9345703125,39.02730178833008,25.473562240600586,216.4499969482422,184.5707244873047
2021-02-26,117.89630889892578,222.0824737548828,100.142578125,154.64649963378906,128.36367797851562,44.30304718017578,136.14559936523438,107.273681640625,41.345367431640625,40.20555877685547,13.644111633300781,255.1759796142578,203.9197998046875,223.8563995361328,183.28622436523438,55.280181884765625,38.47001266479492,25.225011825561523,212.00999450683594,181.47195434570312
2021-03-01,124.24518585205078,226.44041442871094,102.50756072998047,157.3070068359375,131.2681121826172,45.95718002319336,136.8844757080078,107.93364715576172,42.113372802734375,40.6542854309082,13.770709991455078,262.3968505859375,207.99072265625,226.69859313964844,189.04542541503906,57.190155029296875,39.3702507019043,25.37565040588379,224.38999938964844,183.3294677734375
2021-03-02,121.64923095703125,223.50643920898438,102.25101470947266,154.72650146484375,130.8407440185547,45.68828201293945,136.626708984375,107.594970703125,42.28215789794922,40.26435089111328,13.337445259094238,256.54296875,207.16500854492188,225.54608154296875,188.03707885742188,55.69855880737305,39.02730178833008,25.240074157714844,223.13999938964844,183.69921875
2021-03-03,118.67412567138672,217.47608947753906,99.62251281738281,150.25,133.37017822265625,46.054954528808594,134.2210235595703,106.95235443115234,42.18088912963867,39.4845085144043,12.739031791687012,252.98699951171875,206.28172302246094,223.00717163085938,186.40821838378906,54.47980880737305,38.69292449951172,25.902896881103516,228.55999755859375,181.1902313232422
2021-03-04,116.79765319824219,216.6827850341797,100.73790740966797,148.8784942626953,131.3204803466797,47.8394775390625,131.51461791992188,106.07527160644531,42.147125244140625,39.46593475341797,12.306761741638184,255.1958465576172,203.0653076171875,217.4354705810547,182.30694580078125,53.051876068115234,38.2042236328125,25.75978660583496,224.7100067138672,180.3275146484375
2021-03-05,118.05187225341797,221.33705139160156,103.86515045166016,150.0229949951172,131.6257781982422,49.648414611816406,134.11795043945312,109.40126037597656,42.86448669433594,39.957977294921875,12.397542953491211,261.7727966308594,206.8193817138672,219.6797637939453,184.20730590820312,55.24378967285156,39.653175354003906,25.902896881103516,223.22000122070312,182.5547637939453
2021-03-08,113.13224029541016,217.31358337402344,99.42886352539062,147.59750366210938,133.37017822265625,49.59953308105469,135.23486328125,110.55622863769531,43.58184814453125,39.57423782348633,11.5337495803833,252.88792419433594,211.48553466796875,224.45425415039062,195.76451110839844,54.434329986572266,40.73345184326172,25.872770309448242,224.02999877929688,184.0865478515625
2021-03-09,117.73102569580078,223.42042541503906,101.05638122558594,153.1425018310547,132.42816162109375,48.83357620239258,135.4925994873047,109.5749282836914,42.923561096191406,39.88679885864258,12.460293769836426,263.21893310546875,211.57196044921875,229.59271240234375,188.5897216796875,56.999149322509766,41.05924987792969,25.94808578491211,230.61000061035156,183.59356689453125
2021-03-10,116.65184020996094,222.1206817626953,100.84983825683594,152.8820037841797,135.3064727783203,50.3328857421875,136.7384033203125,110.58229064941406,43.413063049316406,40.904945373535156,12.408539772033691,262.3869323730469,214.2698974609375,232.1475372314453,189.12298583984375,56.617156982421875,41.40221405029297,26.309629440307617,245.33999633789062,187.78395080566406
2021-03-11,118.57689666748047,226.6220245361328,104.0370101928711,155.67950439453125,134.59999084472656,49.958065032958984,136.7298126220703,110.20887756347656,42.94044494628906,40.889469146728516,12.9312744140625,271.2817687988281,217.1310272216797,234.42330932617188,190.76156616210938,57.58125305175781,41.839454650878906,26.143922805786133,252.0,186.25218200683594
2021-03-12,117.67269134521484,225.30311584472656,101.53384399414062,154.47450256347656,136.1961669921875,50.49586486816406,137.12503051757812,111.27700805664062,42.8553466796875,41.50529479980469,12.79443359375,265.853759765625,215.41246032714844,238.129150390625,191.1591033935547,57.208343505859375,41.856605529785156,26.317161560058594,269.19000244140625,186.93003845214844
2021-03-15,120.55055236816406,224.40478515625,101.75373840332031,154.08399963378906,135.51583862304688,49.208404541015625,137.82955932617188,111.6417236328125,43.425498962402344,41.29177474975586,13.12807846069336,271.1529846191406,214.36590576171875,242.87245178222656,190.77125549316406,58.01781463623047,42.36245346069336,26.671165466308594,265.6300048828125,194.07833862304688
2021-03-16,122.08674621582031,227.17625427246094,103.21236419677734,154.59300231933594,133.89349365234375,48.16539764404297,138.64576721191406,111.97172546386719,43.587188720703125,41.279388427734375,13.227598190307617,276.6305236816406,215.73887634277344,245.95919799804688,188.3279571533203,58.9182243347168,42.58536911010742,26.987518310546875,255.2100067138672,193.55014038085938
2021-03-17,121.29922485351562,226.53594970703125,103.12964630126953,156.7864990234375,135.2716064453125,48.37727355957031,138.1303253173828,111.5201416015625,43.60421371459961,40.935890197753906,13.277359008789062,281.3156433105469,214.12591552734375,244.17172241210938,189.29751586914062,59.8277473449707,42.37102127075195,26.957393646240234,263.5899963378906,197.2915496826172
2021-03-18,117.18656158447266,220.4960479736328,100.11433410644531,151.39950561523438,137.50445556640625,46.29126739501953,137.87255859375,111.76329040527344,43.034053802490234,40.40138626098633,12.661569595336914,275.9767761230469,211.86000061035156,246.90089416503906,186.42759704589844,57.96324920654297,41.839454650878906,26.942325592041016,256.05999755859375,196.22634887695312
2021-03-19,116.66152954101562,220.14242553710938,100.39269256591797,153.7480010986328,135.3152313232422,46.030521392822266,137.50308227539062,111.16409301757812,43.238285064697266,40.938995361328125,12.784231185913086,287.3577880859375,198.6487274169922,252.0802764892578,185.3223114013672,57.99052047729492,41.99378967285156,26.761554718017578,255.82000732421875,195.82138061523438
2021-03-22,119.96723937988281,225.53250122070312,100.57743835449219,155.5435028076172,131.6781005859375,45.557899475097656,137.89828491210938,113.04853820800781,43.39996337890625,41.1347770690918,13.123103141784668,290.7552490234375,199.70489501953125,251.94078063964844,186.98997497558594,59.69131088256836,43.12550735473633,27.115556716918945,251.22999572753906,198.13665771484375
2021-03-23,119.14080047607422,227.0520477294922,101.10441589355469,156.875,130.3610382080078,44.995670318603516,137.76942443847656,115.15005493164062,43.731849670410156,41.62265396118164,13.008153915405273,287.87286376953125,199.848876953125,252.84759521484375,182.98565673828125,57.73585891723633,42.87687301635742,26.633508682250977,241.25,197.52041625976562
2021-03-24,116.75875854492188,225.0260009765625,100.6685791015625,154.35350036621094,131.37278747558594,45.90829086303711,139.10977172851562,115.11532592773438,43.84248733520508,41.3647346496582,12.582452774047852,279.46337890625,199.7720947265625,255.2628631591797,179.0977020263672,56.42616653442383,42.568214416503906,26.821809768676758,239.24000549316406,197.23873901367188
2021-03-25,117.244873046875,222.0442657470703,100.66510772705078,152.31300354003906,133.0561981201172,45.777915954589844,139.16131591796875,115.91426086425781,44.26797866821289,41.6444091796875,12.475218772888184,276.09564208984375,199.6761016845703,259.1256103515625,181.22103881835938,56.40797424316406,43.3055534362793,26.867000579833984,247.19000244140625,197.37074279785156
2021-03-26,117.84770202636719,226.00079345703125,100.28224182128906,152.60150146484375,135.2716064453125,47.024620056152344,141.70448303222656,117.62500762939453,45.13597869873047,41.99245834350586,12.777763366699219,280.33502197265625,205.01434326171875,264.9065856933594,180.26116943359375,59.00008773803711,45.07172393798828,27.303863525390625,244.8699951171875,198.25991821289062
2021-03-29,118.02269744873047,224.81573486328125,101.3253173828125,153.7864990234375,133.16958618164062,46.77202224731445,142.65817260742188,119.46605682373047,45.825260162353516,42.47102355957031,12.886240005493164,288.06103515625,205.95530700683594,263.5027770996094,179.2237548828125,58.6635627746582,45.02886962890625,27.582548141479492,250.52000427246094,200.14381408691406
2021-03-30,116.57404327392578,221.57595825195312,101.35900115966797,152.76449584960938,134.73951721191406,46.1934814453125,141.77320861816406,117.62500762939453,45.229576110839844,42.18203353881836,12.810111045837402,285.267822265625,203.44932556152344,265.7873229980469,179.883056640625,57.9996223449707,44.385833740234375,27.198413848876953,252.00999450683594,198.0574188232422
2021-03-31,118.76162719726562,225.32225036621094,102.1539306640625,154.70399475097656,132.77706909179688,45.49272155761719,141.20614624023438,117.60763549804688,44.85514831542969,42.20998764038086,13.28432559967041,291.73577880859375,203.2861328125,266.1622314453125,178.90379333496094,58.20881271362305,44.33439636230469,27.288801193237305,254.72000122070312,197.31793212890625
2021-04-01,119.5880355834961,231.6106719970703,105.4852294921875,158.0500030517578,134.06793212890625,46.76387405395508,139.9001922607422,116.60900115966797,44.68495178222656,42.14473342895508,13.74560832977295,295.82666015625,208.21151733398438,268.3421325683594,183.21835327148438,58.709041595458984,44.56588363647461,27.341529846191406,252.9600067138672,198.25991821289062
2021-04-05,122.40760040283203,238.0328826904297,109.90220642089844,161.3365020751953,134.77859497070312,46.038658142089844,140.4156494140625,118.49341583251953,44.94025802612305,43.32870864868164,13.920515060424805,305.9794616699219,210.30458068847656,275.0125732421875,182.76266479492188,60.518978118896484,45.25668716430664,27.32645606994629,259.3599853515625,201.46432495117188
2021-04-06,122.708984375,236.87649536132812,109.42176818847656,161.1909942626953,133.8310546875,45.90829086303711,140.38133239746094,118.53681182861328,45.26362228393555,43.53691864013672,13.795119285583496,303.3546142578125,209.93014526367188,273.5999755859375,183.95523071289062,59.62763977050781,44.928558349609375,27.153223037719727,255.1699981689453,204.1581573486328
2021-04-07,124.35211944580078,238.82606506347656,110.896240234375,163.96949768066406,135.92791748046875,46.11199188232422,140.57032775878906,118.74527740478516,45.3402099609375,43.443687438964844,14.07576847076416,310.1197814941406,210.52548217773438,272.4577331542969,181.8512725830078,60.25520706176758,44.70404052734375,27.047779083251953,252.5800018310547,204.77435302734375
2021-04-08,126.7438735961914,242.02767944335938,111.46087646484375,164.96499633789062,136.0946044921875,45.63124084472656,140.02044677734375,119.19682312011719,45.20405197143555,43.41571807861328,14.24843692779541,310.0504150390625,211.89840698242188,274.1667785644531,181.61859130859375,60.982826232910156,44.82494354248047,27.085430145263672,254.9499969482422,202.69680786132812
2021-04-09,129.31065368652344,244.51242065429688,112.46334075927734,168.61000061035156,137.1123809814453,45.52531051635742,138.5426788330078,118.42393493652344,45.25511169433594,43.43747329711914,14.331040382385254,309.4957580566406,213.6457977294922,278.35211181640625,182.17120361328125,62.083335876464844,44.980369567871094,27.567487716674805,252.36000061035156,203.77960205078125
2021-04-12,127.5994644165039,244.56980895996094,111.1731185913086,168.96949768066406,136.82286071777344,45.223819732666016,138.8777618408203,118.90155792236328,45.39977264404297,43.443687438964844,15.136167526245117,308.58453369140625,212.63771057128906,279.7123718261719,180.81385803222656,59.49123001098633,44.53133773803711,27.846174240112305,249.52000427246094,203.32179260253906
2021-04-13,130.7010040283203,247.0354461669922,111.65898895263672,170.0,135.1909637451172,45.39493942260742,137.0219268798828,117.32972717285156,45.17853546142578,43.3100700378418,15.604411125183105,306.82135009765625,212.20565795898438,279.3722839355469,179.84429931640625,59.318416595458984,44.60906219482422,27.98929214477539,253.27000427246094,203.63877868652344
2021-04-14,128.36753845214844,244.26397705078125,111.03888702392578,166.64999389648438,132.66415405273438,46.70684051513672,137.3999481201172,117.7552719116211,45.170021057128906,43.294532775878906,15.203841209411621,299.94720458984375,213.1273193359375,279.0409240722656,181.7543182373047,58.38161849975586,44.358638763427734,27.99681282043457,252.42999267578125,202.74961853027344
2021-04-15,130.76907348632812,248.0006866455078,113.18546295166016,168.95449829101562,133.5064697265625,46.429786682128906,137.80377197265625,119.17948150634766,45.38275146484375,43.555564880371094,16.059968948364258,304.89984130859375,217.255859375,281.4126281738281,180.2708740234375,59.13650894165039,44.5917854309082,28.32069206237793,251.11000061035156,203.603515625
2021-04-16,130.43850708007812,249.185791015625,113.06163787841797,169.9720001220703,134.49786376953125,46.169044494628906,139.39329528808594,119.18815612792969,45.680599212646484,43.695404052734375,15.836295127868652,303.2753601074219,217.3806915283203,286.06884765625,181.5603790283203,58.89094924926758,45.59346389770508,29.051313400268555,248.17999267578125,205.1881561279297
2021-04-19,131.09957885742188,247.2743682861328,113.40882110595703,168.60049438476562,133.92758178710938,46.02236557006836,139.77993774414062,118.63235473632812,45.952903747558594,43.41571807861328,15.288183212280273,299.3726806640625,216.78541564941406,284.996337890625,181.7252197265625,57.872283935546875,45.63663864135742,29.322471618652344,244.14999389648438,204.07008361816406
2021-04-20,129.41758728027344,246.8156280517578,112.87640380859375,166.7344970703125,130.9621124267578,45.052703857421875,143.0361785888672,119.62232208251953,46.09757995605469,43.751338958740234,15.09859848022461,299.77886962890625,214.37551879882812,282.4764404296875,177.2264404296875,57.02644348144531,44.72132110595703,29.397785186767578,234.05999755859375,205.1265411376953
2021-04-21,129.79676818847656,249.03286743164062,112.84371948242188,168.1009979248047,132.0763702392578,45.63124084472656,143.13072204589844,118.84076690673828,46.47201156616211,43.878746032714844,15.286941528320312,298.61004638671875,218.37924194335938,284.21160888671875,177.53671264648438,57.93595886230469,44.84220886230469,29.774391174316406,235.9199981689453,204.46624755859375
2021-04-22,128.2800750732422,245.7739715576172,111.56438446044922,165.45199584960938,129.29513549804688,45.036407470703125,141.91925048828125,117.66096496582031,46.32734680175781,43.40328598022461,14.779133796691895,293.70697021484375,218.4944305419922,280.2964782714844,177.19735717773438,56.9082145690918,44.47089385986328,29.10403060913086,234.3300018310547,205.08253479003906
2021-04-23,130.5940704345703,249.5775909423828,113.91254425048828,167.04400634765625,131.76927185058594,45.280853271484375,142.21141052246094,117.05789947509766,46.352867126464844,43.474761962890625,15.192145347595215,298.2732238769531,220.82754516601562,282.41534423828125,177.44944763183594,53.879539489746094,44.82494354248047,29.119098663330078,238.3800048828125,206.50865173339844
2021-04-26,130.98294067382812,249.95980834960938,114.40782928466797,170.4499969482422,132.0939178466797,45.37049102783203,141.00856018066406,114.7156982421875,45.66358184814453,42.856361389160156,15.403878211975098,300.1651306152344,221.15394592285156,279.0147705078125,178.66140747070312,53.442962646484375,44.5917854309082,29.13416290283203,241.44000244140625,204.51026916503906
2021-04-27,130.662109375,250.36122131347656,113.46925354003906,170.8715057373047,132.69927978515625,45.965328216552734,140.20089721679688,114.64578247070312,45.59550476074219,43.00242614746094,15.308088302612305,300.6900939941406,220.74107360839844,279.5379638671875,179.02015686035156,52.72444534301758,44.358638763427734,28.96092987060547,242.47000122070312,206.8607635498047
2021-04-28,129.87454223632812,243.27960205078125,116.8401870727539,172.9250030517578,133.55908203125,47.35056686401367,139.16990661621094,114.83805084228516,45.604007720947266,42.85013961791992,15.203590393066406,304.1866149902344,224.13990783691406,278.7706604003906,177.80821228027344,52.4061164855957,44.13412857055664,29.232080459594727,235.4600067138672,204.5983428955078
2021-04-29,129.7772979736328,241.32046508789062,118.51028442382812,173.5655059814453,136.156005859375,48.02688217163086,141.07728576660156,115.80813598632812,46.17416763305664,43.39085388183594,15.251360893249512,326.3840026855469,227.4138946533203,283.6796569824219,179.68914794921875,53.00639724731445,44.43635559082031,29.073917388916016,235.94000244140625,207.0632781982422
2021-04-30,127.81336212158203,241.00503540039062,116.5657958984375,173.37100219726562,134.9452667236328,46.64164352416992,139.8142547607422,116.60344696044922,45.9359016418457,43.47787094116211,14.937621116638184,321.9960021972656,224.2455291748047,282.22357177734375,180.358154296875,52.32427215576172,43.96141815185547,29.11156463623047,234.30999755859375,207.8291473388672
2021-05-03,128.86337280273438,240.69923400878906,116.0497055053711,169.32449340820312,134.55050659179688,47.929100036621094,141.94505310058594,117.98429870605469,46.36137771606445,44.164642333984375,14.765698432922363,319.519775390625,223.33343505859375,287.978271484375,179.86366271972656,52.07869338989258,44.18592834472656,30.00035285949707,235.19000244140625,207.37135314941406
2021-05-04,124.30351257324219,236.80960083007812,114.2542953491211,165.593505859375,136.4104461669922,48.2305908203125,144.1445770263672,117.58228302001953,46.07204818725586,43.72958755493164,14.282524108886719,315.3397216796875,222.77655029296875,290.158203125,178.6420135498047,51.75127410888672,43.78872299194336,30.090742111206055,233.6300048828125,205.87481689453125
2021-05-05,124.54658508300781,235.548095703125,114.64755249023438,163.52699279785156,138.20025634765625,49.6810188293457,143.5430908203125,116.6384048461914,45.952903747558594,43.69229507446289,14.38925838470459,312.0314636230469,220.06900024414062,289.5304260253906,175.98541259765625,51.70579147338867,44.151405334472656,30.105810165405273,228.17999267578125,206.91360473632812
2021-05-06,126.14107513427734,238.66360473632812,115.76592254638672,165.31849670410156,140.98146057128906,50.15362548828125,144.11878967285156,118.10665893554688,46.412445068359375,44.0042610168457,14.453451156616211,316.9840393066406,222.09486389160156,294.3522644042969,176.2568817138672,52.335391998291016,45.2825927734375,29.80915641784668,229.80999755859375,206.75514221191406
2021-05-07,126.81307220458984,241.27267456054688,116.488037109375,164.58050537109375,141.46401977539062,50.87068557739258,144.77174377441406,118.1153793334961,46.386905670166016,43.73909378051758,14.741316795349121,316.0529479980469,222.86297607421875,295.8085021972656,179.21405029296875,52.77465057373047,46.13747787475586,30.10580062866211,235.47000122070312,206.73751831054688
2021-05-10,123.54073333740234,236.22662353515625,113.50740051269531,159.52450561523438,141.4464569091797,50.992919921875,146.29249572753906,120.31776428222656,46.7273063659668,43.93252182006836,14.197431564331055,303.0672607421875,216.95823669433594,297.4389953613281,178.6905059814453,51.218955993652344,45.90433120727539,30.318782806396484,232.92999267578125,208.73585510253906
2021-05-11,122.6252670288086,235.31875610351562,112.43311309814453,161.19549560546875,139.09515380859375,49.371376037597656,145.09820556640625,119.72345733642578,46.225223541259766,43.53630065917969,14.237737655639648,303.6220397949219,216.48780822753906,288.31842041015625,176.14053344726562,50.36790466308594,45.6193733215332,29.93086814880371,228.8800048828125,205.87481689453125
2021-05-12,119.56717681884766,228.40911865234375,108.97552490234375,157.5970001220703,138.1388702392578,49.635921478271484,144.51400756835938,118.4561996459961,45.9869499206543,42.41006851196289,13.692612648010254,299.67974853515625,211.83120727539062,276.4076843261719,172.43679809570312,49.06843185424805,44.5572509765625,30.189477920532227,220.77999877929688,200.66323852539062
2021-05-13,121.70978546142578,232.2605743408203,110.40145111083984,158.07350158691406,141.69212341308594,49.02415084838867,146.0261688232422,120.36146545410156,46.386905670166016,43.12760925292969,13.599806785583496,302.3640441894531,215.1291961669922,283.7494812011719,172.91189575195312,49.425331115722656,45.325782775878906,30.5013370513916,222.63999938964844,202.27423095703125
2021-05-14,124.12507629394531,237.1536407470703,112.84521484375,161.14500427246094,143.89430236816406,50.23942565917969,146.24957275390625,120.61490631103516,46.574134826660156,43.526939392089844,14.174792289733887,312.9427795410156,218.2060089111328,282.18865966796875,168.4131317138672,50.65158462524414,45.67981719970703,30.44048500061035,228.47000122070312,203.99085998535156
2021-05-17,122.97586822509766,234.31524658203125,113.36724853515625,163.51950073242188,144.47332763671875,51.413368225097656,146.39559936523438,120.37020111083984,46.49753952026367,43.33040237426758,14.097661972045898,312.46722412109375,217.7252960205078,279.0321960449219,164.90330505371094,50.63328552246094,45.714359283447266,30.50894546508789,227.97999572753906,203.95567321777344
2021-05-18,121.59290313720703,232.308349609375,112.05720520019531,161.61399841308594,142.43788146972656,49.958343505859375,146.44717407226562,119.1379165649414,46.242252349853516,44.2725715637207,13.948629379272461,307.0194396972656,216.88877868652344,276.18963623046875,164.51548767089844,50.18487548828125,45.70572280883789,30.463302612304688,227.5500030517578,204.17576599121094
2021-05-19,121.43708801269531,232.88307189941406,112.50444030761719,161.58999633789062,141.34994506835938,48.75960922241211,146.12924194335938,119.38263702392578,46.09757995605469,44.275691986083984,13.998392105102539,310.6150817871094,215.94647216796875,274.1841735839844,164.1179656982422,50.660728454589844,45.308502197265625,30.29595947265625,224.4199981689453,202.60874938964844
2021-05-20,123.9887466430664,236.10159301757812,114.2602310180664,162.38400268554688,141.1042938232422,48.643863677978516,146.97984313964844,120.6061782836914,46.50605010986328,44.43166732788086,14.542522430419922,315.5873718261719,217.7252960205078,275.448486328125,166.1443328857422,51.200653076171875,45.63663864135742,30.516544342041016,227.64999389648438,204.39581298828125
2021-05-21,122.15776824951172,234.84674072265625,113.6252670288086,160.1540069580078,142.70982360839844,48.71000289916992,146.8853302001953,120.6061782836914,46.48051452636719,44.22265625,14.91995620727539,313.2299499511719,218.0426025390625,275.3351745605469,167.15269470214844,51.319618225097656,45.273963928222656,30.38724136352539,234.82000732421875,203.56832885742188
2021-05-24,123.78421020507812,240.22052001953125,116.93924713134766,162.24949645996094,143.4818878173828,49.28044128417969,147.447265625,120.57120513916016,46.63370132446289,44.22577667236328,15.537235260009766,321.55029296875,220.4944610595703,274.5242614746094,169.00454711914062,52.12491226196289,46.10293197631836,30.28075408935547,237.44000244140625,204.1581573486328
2021-05-25,123.58942413330078,241.12094116210938,117.02987670898438,162.95249938964844,141.99920654296875,48.16437911987305,147.0409393310547,120.98197937011719,46.62518310546875,44.40673065185547,15.5728120803833,324.6803283691406,220.2059783935547,276.18963623046875,170.80796813964844,52.042564392089844,46.03386688232422,29.9156551361084,240.74000549316406,204.36062622070312
2021-05-26,123.54073333740234,240.90065002441406,117.89366912841797,163.25799560546875,141.98165893554688,48.72653579711914,146.16773986816406,120.71106719970703,46.82942581176758,44.35368728637695,15.624813079833984,324.5515441894531,218.3310546875,276.6954345703125,171.0988006591797,52.08831024169922,45.688453674316406,29.60379409790039,241.3699951171875,204.54550170898438
2021-05-27,122.0116958618164,238.8124237060547,117.02047729492188,161.5054931640625,144.1925506591797,48.412391662597656,145.9429931640625,117.96681213378906,47.22087478637695,44.20393371582031,15.413829803466797,329.5932922363281,218.12911987304688,277.9509582519531,173.59059143066406,52.82955551147461,45.69707489013672,29.398418426513672,250.6999969482422,206.75514221191406
2021-05-28,121.35917663574219,239.16680908203125,116.7317123413086,161.15350341796875,144.0960693359375,48.25531005859375,146.32339477539062,117.85318756103516,47.05067443847656,44.31000518798828,16.166711807250977,325.6114196777344,218.55221557617188,278.0730285644531,173.21246337890625,52.271331787109375,45.67981719970703,29.459272384643555,247.02000427246094,207.03839111328125
2021-06-01,121.03778076171875,236.9828338623047,117.93673706054688,160.9324951171875,145.68406677246094,49.9831428527832,143.10731506347656,116.13150787353516,47.04216003417969,44.194576263427734,16.186609268188477,326.00762939453125,217.90797424316406,275.8059997558594,173.3966827392578,52.06086349487305,45.43803405761719,29.284320831298828,254.72999572753906,206.46302795410156
2021-06-02,121.79743194580078,236.88705444335938,117.41223907470703,161.69949340820312,145.6927947998047,50.379966735839844,143.68649291992188,116.6384048461914,47.22938537597656,44.097869873046875,16.69789695739746,326.0273742675781,220.8213653564453,274.5525817871094,171.6126708984375,52.60077667236328,45.731624603271484,29.504907608032227,255.6199951171875,206.94102478027344
2021-06-03,120.31708526611328,235.36402893066406,116.27259063720703,159.35049438476562,145.78933715820312,50.57838439941406,143.54820251464844,118.72718811035156,47.348514556884766,44.17585754394531,16.88848114013672,322.9468994140625,219.3310089111328,272.9748229980469,170.87582397460938,51.46603775024414,46.051124572753906,29.641826629638672,250.32000732421875,205.76370239257812
2021-06-04,122.60576629638672,240.2301025390625,118.55040740966797,160.31100463867188,146.02622985839844,50.80160140991211,143.48768615722656,118.81455993652344,47.859107971191406,44.25385284423828,17.49406623840332,327.2160949707031,221.2829132080078,272.6067199707031,171.78720092773438,52.500118255615234,46.690128326416016,29.77874183654785,249.9199981689453,206.58692932128906
2021-06-07,122.61551666259766,243.12290954589844,118.98280334472656,159.90049743652344,145.3418731689453,50.470909118652344,142.51072692871094,119.22530364990234,47.68891525268555,43.95746612548828,17.534626007080078,333.3869323730469,222.41746520996094,271.686279296875,171.6029815673828,52.2438850402832,46.56059646606445,29.657039642333984,252.66000366210938,205.09097290039062
2021-06-08,123.43360900878906,241.9351348876953,118.79161834716797,163.20550537109375,144.76283264160156,51.36376190185547,141.25718688964844,117.84445190429688,47.357032775878906,43.6236572265625,17.373401641845703,330.5144348144531,223.119384765625,272.51031494140625,170.96310424804688,52.161529541015625,46.741939544677734,29.5505428314209,252.75999450683594,205.93190002441406
2021-06-09,123.81342315673828,242.9122314453125,119.26213836669922,164.0574951171875,142.9555206298828,51.79365158081055,143.15914916992188,117.8007583618164,47.21235656738281,43.389678955078125,17.27907943725586,327.1169738769531,223.369384765625,269.3898620605469,170.68190002441406,52.161529541015625,46.646949768066406,30.28075408935547,248.05999755859375,204.89625549316406
2021-06-10,122.8200454711914,246.40847778320312,120.60884094238281,167.4824981689453,140.72702026367188,51.87631607055664,144.44732666015625,118.67472839355469,47.578277587890625,43.63925552368164,17.34552574157715,329.3059997558594,224.9462432861328,270.24005126953125,171.19577026367188,52.50926971435547,47.51909255981445,30.942502975463867,248.33999633789062,207.65802001953125
2021-06-11,124.0276870727539,247.0312042236328,120.36465454101562,167.3415069580078,140.63052368164062,51.39683151245117,142.61447143554688,117.8619384765625,47.79103088378906,43.91068649291992,17.743953704833984,328.1174011230469,225.91741943359375,272.3963623046875,171.9811248779297,52.939369201660156,47.29458236694336,30.539369583129883,247.27999877929688,209.7293701171875
2021-06-14,127.07601928710938,248.9468994140625,121.29132843017578,169.19349670410156,138.244140625,51.31414794921875,142.96890258789062,117.90565490722656,47.62812423706055,43.85139465332031,17.936569213867188,333.5751647949219,225.07125854492188,271.1253662109375,172.7567596435547,53.25050354003906,46.7764778137207,30.143844604492188,245.13999938964844,209.77365112304688
2021-06-15,126.25794982910156,247.4813690185547,120.2750015258789,169.156494140625,136.1472930908203,53.18252182006836,142.20816040039062,117.67840576171875,47.508094787597656,43.676692962646484,17.70737075805664,333.5552978515625,224.01358032226562,268.60992431640625,170.50738525390625,53.06748962402344,46.448341369628906,30.113407135009766,246.5399932861328,209.21595764160156
2021-06-16,126.75463104248047,246.5426025390625,119.63410949707031,170.7624969482422,137.1035919189453,52.99238204956055,142.15625,116.0440902709961,46.873619079589844,42.78756332397461,17.729021072387695,327.9390563964844,220.76365661621094,265.3929138183594,169.34390258789062,52.36284255981445,46.17202377319336,29.89283561706543,242.27000427246094,208.5343780517578
2021-06-17,128.3518524169922,249.91445922851562,120.59595489501953,174.46200561523438,133.14674377441406,51.24802017211914,142.8392791748047,117.1015853881836,47.11368942260742,42.96537780761719,18.57215690612793,333.31756591796875,223.21548461914062,265.69091796875,169.33419799804688,52.32624435424805,45.87841796875,30.02974510192871,239.22000122070312,207.029541015625
2021-06-18,127.05656433105469,248.5063018798828,118.97882843017578,174.34500122070312,129.77774047851562,49.93354797363281,140.0381622314453,115.3886489868164,46.101966857910156,42.16984558105469,18.553741455078125,326.5325622558594,221.54251098632812,265.2438659667969,167.1720733642578,50.944419860839844,44.963096618652344,29.520116806030273,237.35000610351562,203.2585906982422
2021-06-21,128.84854125976562,251.57159423828125,120.66429901123047,172.697998046875,131.97987365722656,51.74404525756836,141.6461944580078,116.29756164550781,46.60782241821289,42.55358123779297,18.34320068359375,329.1376647949219,225.3020477294922,269.6177978515625,168.67489624023438,51.127437591552734,45.921592712402344,29.98410415649414,245.27999877929688,206.16204833984375
2021-06-22,130.4847412109375,254.33023071289062,121.17740631103516,175.27200317382812,131.78684997558594,52.73610305786133,141.45602416992188,116.34125518798828,46.77931594848633,42.7501220703125,18.800609588623047,335.8136901855469,226.8500213623047,274.0967712402344,168.2191925048828,51.127437591552734,45.990684509277344,30.128620147705078,243.77999877929688,207.029541015625
2021-06-23,130.2120361328125,254.1004180908203,120.97582244873047,175.1909942626953,132.58523559570312,53.12466812133789,140.60011291503906,116.17520141601562,46.40205383300781,42.41630554199219,18.970333099365234,337.3588562011719,225.64816284179688,273.1852111816406,169.99354553222656,50.5692253112793,45.55891799926758,29.702672958374023,243.57000732421875,206.46302795410156
2021-06-24,129.9296112060547,255.46063232421875,121.34532165527344,172.45399475097656,133.80470275878906,53.339595794677734,141.23988342285156,116.25386810302734,46.63355255126953,42.71269226074219,19.117902755737305,339.9242858886719,227.1481475830078,273.3341369628906,172.5143585205078,51.31045913696289,45.57619857788086,29.80915641784668,250.57000732421875,206.54269409179688
2021-06-25,129.63743591308594,253.8609161376953,121.35372924804688,170.072998046875,135.15585327148438,53.455352783203125,141.96609497070312,117.91437530517578,46.57353210449219,43.21808624267578,18.9442081451416,338.1315002441406,228.18658447265625,274.9031677246094,172.9215850830078,51.16404342651367,45.81797790527344,29.649436950683594,248.3800048828125,205.73716735839844
2021-06-28,131.26385498046875,257.4051513671875,121.38097381591797,172.1945037841797,135.4015350341797,52.09126663208008,141.8018341064453,118.26397705078125,46.522090911865234,43.08393478393555,19.89385223388672,352.26611328125,225.0808868408203,275.472900390625,171.19577026367188,52.60077667236328,45.731624603271484,29.755916595458984,239.9600067138672,204.55984497070312
2021-06-29,132.77342224121094,259.97235107421875,121.11995697021484,172.40699768066406,135.2348175048828,51.76884841918945,141.8104705810547,117.45989990234375,46.179141998291016,42.83435821533203,19.93541145324707,348.5516662597656,226.8692626953125,278.9439697265625,168.63612365722656,51.932743072509766,45.688453674316406,29.740697860717773,235.75999450683594,203.9224853515625
2021-06-30,133.3870086669922,259.4933166503906,120.93868255615234,172.00799560546875,136.46307373046875,52.149147033691406,142.42428588867188,117.92311096191406,46.39348220825195,43.99490737915039,19.911272048950195,344.41131591796875,224.82130432128906,279.513671875,170.4201202392578,51.37452697753906,45.76616668701172,29.786340713500977,239.55999755859375,204.47134399414062
2021-07-01,133.6888885498047,260.1638488769531,121.29034423828125,171.64849853515625,137.81423950195312,52.29794692993164,143.4790496826172,118.19402313232422,46.264869689941406,43.46455001831055,20.119823455810547,351.0279846191406,226.10003662109375,281.8365173339844,171.86477661132812,51.25556182861328,46.1461067199707,30.09059715270996,239.72999572753906,205.60438537597656
2021-07-02,136.3087158203125,265.9591979980469,124.07682800292969,175.5489959716797,137.68185424804688,52.223533630371094,146.08995056152344,118.77084350585938,46.45350646972656,43.71100997924805,20.3935604095459,351.33502197265625,229.4461212158203,282.85321044921875,171.71932983398438,51.94188690185547,46.55480194091797,30.219900131225586,236.67999267578125,206.8082275390625
2021-07-06,138.3149871826172,265.96875,125.00051879882812,183.78700256347656,135.36996459960938,50.735450744628906,145.21676635742188,118.84081268310547,46.196285247802734,43.657981872558594,20.604097366333008,349.43328857421875,230.3788299560547,279.8379821777344,168.40342712402344,51.32876968383789,46.0678596496582,29.885223388671875,236.13999938964844,206.0292510986328
2021-07-07,140.7984619140625,268.1431884765625,125.2818603515625,184.82899475097656,135.52877807617188,49.941810607910156,146.4617156982422,119.73220825195312,46.57353210449219,43.58622741699219,20.278839111328125,347.1649475097656,230.763427734375,283.5369567871094,167.55992126464844,51.209808349609375,46.31132888793945,29.93086814880371,231.77999877929688,207.69345092773438
2021-07-08,139.50315856933594,265.7388000488281,123.8653335571289,186.57049560546875,133.19039916992188,49.718597412109375,146.17640686035156,119.71472930908203,46.4106330871582,43.54878616333008,19.811975479125977,342.370849609375,227.50390625,279.2069091796875,167.54052734375,50.68818664550781,46.31132888793945,29.854799270629883,236.77000427246094,206.1089324951172
2021-07-09,141.32435607910156,266.2369384765625,124.33535766601562,185.9669952392578,137.45245361328125,50.619712829589844,146.755615234375,119.75841522216797,46.693572998046875,43.770286560058594,19.958799362182617,347.09564208984375,229.29226684570312,282.3185119628906,171.65145874023438,51.23725891113281,46.728702545166016,30.128620147705078,239.58999633789062,208.62289428710938
2021-07-12,140.73028564453125,265.64300537109375,125.77864074707031,185.92750549316406,139.4202423095703,50.57011032104492,146.52220153808594,119.85455322265625,46.71071243286133,43.692298889160156,20.418949127197266,349.8096008300781,228.71539306640625,282.0117492675781,178.76805114746094,51.91444778442383,46.28524398803711,30.242717742919922,238.2899932861328,208.56097412109375
2021-07-13,141.84051513671875,269.1489562988281,126.14117431640625,183.8679962158203,137.3465576171875,50.33037185668945,146.34066772460938,119.70598602294922,47.173702239990234,43.857643127441406,20.157642364501953,348.7497863769531,233.02297973632812,277.9008483886719,178.06027221679688,52.042564392089844,46.363494873046875,30.159046173095703,228.1999969482422,209.05665588378906
2021-07-14,145.25894165039062,270.6145324707031,127.02823638916016,184.08399963378906,136.87884521484375,49.21429443359375,147.33486938476562,120.58869171142578,48.23686981201172,44.16025924682617,19.751007080078125,344.33209228515625,236.52291870117188,279.80303955078125,177.83726501464844,51.722267150878906,47.03303146362305,30.38724136352539,224.4499969482422,209.90640258789062
2021-07-15,144.60643005371094,269.1968078613281,125.80785369873047,181.55999755859375,137.1788787841797,48.73481369018555,145.56256103515625,121.61994171142578,48.39120101928711,44.194576263427734,18.87974739074707,341.192138671875,238.98439025878906,282.86199951171875,178.5450439453125,51.07253646850586,46.65043640136719,30.49374008178711,222.75999450683594,209.68515014648438
2021-07-16,142.57095336914062,268.9285888671875,125.77317810058594,178.68150329589844,134.04637145996094,47.387271881103516,145.32913208007812,122.79981231689453,48.356910705566406,44.16338348388672,18.078166961669922,337.9234619140625,238.57089233398438,281.8365173339844,173.8523712158203,50.303836822509766,46.69391632080078,30.691492080688477,217.74000549316406,207.79965209960938
2021-07-19,138.73379516601562,265.3460693359375,123.40373992919922,177.47950744628906,129.68731689453125,45.75864028930664,144.27444458007812,122.73861694335938,47.7824592590332,44.060428619384766,18.69409942626953,333.75341796875,231.15765380859375,279.49615478515625,167.68592834472656,50.00184631347656,46.13741683959961,30.539369583129883,206.99000549316406,202.93992614746094
2021-07-20,142.33721923828125,267.5588684082031,125.01985931396484,178.6595001220703,132.1050567626953,46.2629280090332,145.6317596435547,122.08316802978516,47.86819839477539,44.26008987426758,18.527114868164062,338.41876220703125,233.35948181152344,285.1759948730469,171.37030029296875,50.55092239379883,46.58958053588867,31.22393226623535,217.14999389648438,207.37478637695312
2021-07-21,141.6067657470703,269.5512390136719,126.34672546386719,179.25999450683594,134.88462829589844,47.75101852416992,146.53086853027344,121.6549072265625,48.48551940917969,44.041709899902344,19.32147216796875,342.9454040527344,234.28256225585938,286.0613098144531,171.5060272216797,51.45688247680664,46.85043716430664,31.20111656188965,222.5399932861328,208.8441925048828
2021-07-22,142.9702911376953,274.0916748046875,127.21099090576172,181.90150451660156,133.18154907226562,47.213645935058594,146.95448303222656,121.18882751464844,48.416927337646484,44.07291030883789,19.504634857177734,347.85833740234375,234.74407958984375,286.32421875,169.79962158203125,51.209808349609375,47.42432403564453,31.543397903442383,220.8699951171875,211.2696533203125
2021-07-23,144.684326171875,277.4729919433594,131.7611846923828,182.83200073242188,132.92567443847656,47.15577697753906,148.51925659179688,122.9389419555664,48.87990951538086,44.434791564941406,19.46880340576172,366.2818908691406,239.43626403808594,291.7410888671875,170.7788543701172,48.50106430053711,48.02429962158203,31.703134536743164,221.52000427246094,215.067138671875
2021-07-26,145.10316467285156,276.8791198730469,132.7716064453125,184.99099731445312,133.81690979003906,48.346256256103516,148.58843994140625,123.36986541748047,48.922786712646484,44.4971809387207,19.206003189086914,368.9265441894531,240.61892700195312,290.2861022949219,173.2997283935547,49.699867248535156,48.23298645019531,31.802013397216797,225.85000610351562,215.9700469970703
2021-07-27,142.94105529785156,274.47479248046875,130.65670776367188,181.3195037841797,133.6404571533203,47.80888748168945,149.27145385742188,123.87115478515625,49.094261169433594,44.500308990478516,19.120397567749023,364.3206481933594,241.2727508544922,286.8501892089844,174.03660583496094,48.66578674316406,48.06777572631836,32.02260208129883,222.27000427246094,218.06796264648438
2021-07-28,141.19775390625,274.1682434082031,134.81117248535156,181.51600646972656,133.86102294921875,48.13130187988281,148.8564453125,122.0330810546875,48.6484260559082,44.31935501098633,19.414051055908203,369.73870849609375,237.43630981445312,285.3249816894531,173.6487579345703,48.565120697021484,47.62431716918945,33.04945373535156,231.57000732421875,214.02261352539062
2021-07-29,141.84051513671875,274.4365234375,134.49766540527344,179.99600219726562,135.00819396972656,48.71827697753906,148.8564453125,122.66630554199219,48.91421127319336,44.375526428222656,19.572328567504883,354.92071533203125,238.37860107421875,286.9991455078125,172.9215850830078,49.14164733886719,47.88518142700195,32.84222412109375,231.6300048828125,216.00546264648438
2021-07-30,142.05477905273438,272.9134521484375,133.45655822753906,166.37950134277344,133.931640625,47.59394454956055,148.87374877929688,125.08479309082031,48.89707565307617,44.47222900390625,19.410070419311523,352.9198303222656,236.90748596191406,287.6653747558594,170.6625213623047,49.15995407104492,48.146034240722656,32.85757064819336,226.47999572753906,214.84580993652344
2021-08-02,141.7236785888672,272.8272705078125,133.5833740234375,166.57400512695312,133.3933563232422,47.602210998535156,148.93426513671875,124.7770004272461,48.768455505371094,44.36928176879883,19.65992546081543,348.6111145019531,230.55191040039062,286.8150634765625,170.2068328857422,49.12334442138672,48.21560287475586,33.74021911621094,225.33999633789062,212.53546142578125
2021-08-03,143.51565551757812,275.0303649902344,134.35153198242188,168.31199645996094,134.9110870361328,48.114768981933594,150.76712036132812,126.59748077392578,48.80274963378906,44.868446350097656,19.724628448486328,347.9078674316406,227.9653778076172,290.9522705078125,167.72474670410156,49.47108840942383,48.91123580932617,35.060359954833984,229.08999633789062,209.74708557128906
2021-08-04,143.1163787841797,274.446044921875,133.851806640625,167.73599243164062,133.45513916015625,46.99045181274414,149.87660217285156,125.26068115234375,48.099693298339844,44.56270980834961,20.181535720825195,355.5150146484375,227.5615692138672,289.5235290527344,167.3272247314453,49.324668884277344,48.424293518066406,34.684268951416016,226.6300048828125,207.87049865722656
2021-08-05,143.2235107421875,277.32940673828125,134.9672088623047,168.79949951171875,135.14053344726562,47.28805923461914,150.16192626953125,125.32225799560547,48.44264602661133,45.389442443847656,20.54288101196289,359.52655029296875,230.96536254882812,291.977783203125,171.33152770996094,49.635986328125,48.48514938354492,34.58449172973633,229.94000244140625,209.27793884277344
2021-08-06,142.5407257080078,277.2718200683594,134.4590301513672,167.2469940185547,138.97900390625,47.83368682861328,149.66046142578125,124.36367797851562,48.56267547607422,45.3083381652832,20.27311134338379,360.06146240234375,232.10952758789062,289.111572265625,171.73873901367188,49.663612365722656,48.337337493896484,34.592166900634766,231.3300018310547,209.1363067626953
2021-08-09,142.4919891357422,276.1894226074219,135.6224365234375,167.093505859375,138.82899475097656,47.28805923461914,150.17919921875,125.04081726074219,48.57125473022461,45.41752243041992,20.202434539794922,358.179443359375,230.763427734375,288.1650085449219,171.34120178222656,49.78335189819336,48.23298645019531,35.29060745239258,232.27000427246094,207.73768615722656
2021-08-10,142.0140380859375,274.37896728515625,135.51747131347656,166.03399658203125,140.5320281982422,48.09823226928711,150.2310791015625,125.11997985839844,48.69986343383789,46.3846549987793,19.84507942199707,357.7040100097656,228.90771484375,290.549072265625,171.68055725097656,49.682037353515625,48.35472869873047,36.98683166503906,235.77999877929688,206.6488800048828
2021-08-11,142.2676544189453,274.8675537109375,134.9944610595703,164.60549926757812,142.20864868164062,48.23876190185547,150.25701904296875,125.42778015136719,48.63984298706055,46.79957580566406,19.609153747558594,356.54510498046875,226.0135498046875,295.38751220703125,172.66952514648438,49.86624526977539,48.57211685180664,35.54389572143555,239.49000549316406,208.50779724121094
2021-08-12,145.22303771972656,277.6070861816406,135.9008026123047,165.1750030517578,142.7645263671875,48.12967300415039,151.4674072265625,125.7179946899414,48.73415756225586,46.67433547973633,19.814218521118164,359.2095947265625,223.17320251464844,292.7754211425781,173.83299255371094,49.31361389160156,49.032958984375,36.25769805908203,238.17999267578125,209.49925231933594
2021-08-13,145.42784118652344,280.51904296875,136.4292755126953,164.69850158691406,141.16737365722656,47.64292907714844,152.3751220703125,126.32482147216797,49.06854248046875,46.82148742675781,20.095928192138672,359.73455810546875,224.001220703125,290.4088134765625,175.56851196289062,49.2675666809082,49.10253143310547,37.20942306518555,234.4600067138672,211.40243530273438
2021-08-16,147.39808654785156,282.1954040527344,137.0058135986328,164.94949340820312,140.2407989501953,46.946372985839844,153.74977111816406,127.20429992675781,49.28288650512695,47.20350646972656,19.859012603759766,363.08245849609375,226.61048889160156,293.67822265625,173.6390838623047,49.24913787841797,48.93730926513672,37.53944778442383,229.05999755859375,213.3055419921875
2021-08-17,146.4910125732422,280.7393493652344,135.3733367919922,162.09800720214844,138.546630859375,46.62746810913086,155.1589813232422,127.41536712646484,49.111412048339844,47.187862396240234,19.36925506591797,355.0494689941406,225.81134033203125,281.1440124511719,170.47830200195312,48.53070831298828,48.702537536621094,38.69839859008789,222.22000122070312,212.69480895996094
2021-08-18,142.7553253173828,279.0215759277344,134.1722869873047,160.06100463867188,137.28480529785156,45.64556884765625,153.18783569335938,126.02583312988281,48.44264602661133,46.686859130859375,18.953161239624023,352.077880859375,223.01914978027344,281.8451843261719,169.4214630126953,48.070186614990234,47.954742431640625,37.846466064453125,219.0,210.74734497070312
2021-08-19,143.0869598388672,284.8182067871094,134.40109252929688,159.3874969482422,136.1376495361328,44.2524528503418,154.38088989257812,127.51211547851562,48.751312255859375,47.003108978271484,19.70770835876465,351.7510681152344,222.96139526367188,283.0285339355469,167.97682189941406,48.30044174194336,49.79814910888672,37.45502471923828,212.16000366210938,209.99496459960938
2021-08-20,144.5402374267578,292.1025695800781,136.13412475585938,159.99749755859375,136.52590942382812,44.260841369628906,155.13302612304688,127.60004425048828,48.56267547607422,47.42269515991211,20.7210636138916,355.960693359375,222.75918579101562,288.585693359375,169.78990173339844,47.90439224243164,50.624202728271484,37.39362335205078,212.6699981689453,211.1103057861328
2021-08-23,146.02284240722656,292.38092041015625,138.72145080566406,163.2935028076172,138.27305603027344,46.081966400146484,154.46336364746094,126.94922637939453,48.39120101928711,47.10957336425781,21.857852935791016,359.9029541015625,225.4358673095703,287.2708435058594,172.2526092529297,49.0280876159668,50.9024543762207,38.322322845458984,219.39999389648438,212.14598083496094
2021-08-24,145.93499755859375,290.43267822265625,139.92996215820312,165.28900146484375,139.1290283203125,46.45960998535156,152.53273010253906,125.9202880859375,48.02252197265625,46.62422180175781,21.693605422973633,362.0425109863281,225.5321044921875,284.7815856933594,173.03794860839844,49.56230163574219,51.58069610595703,37.132659912109375,221.42999267578125,211.05718994140625
2021-08-25,144.70608520507812,289.84722900390625,140.73976135253906,164.95899963378906,141.99684143066406,46.54354476928711,151.52386474609375,125.47173309326172,48.073970794677734,46.64303207397461,22.111690521240234,364.8951721191406,223.9434814453125,283.88763427734375,172.88282775878906,49.56230163574219,51.60677719116211,36.46491622924805,221.02999877929688,211.4113006591797
2021-08-26,143.90626525878906,287.0448303222656,140.10726928710938,165.8000030517578,142.72927856445312,45.91411209106445,150.715087890625,125.25189208984375,47.61955261230469,46.13889694213867,21.967348098754883,360.9231872558594,221.95040893554688,281.7839050292969,171.18606567382812,48.93598937988281,51.47634506225586,36.36514663696289,216.5,209.74708557128906
2021-08-27,144.9401397705078,287.6493835449219,142.6466064453125,167.48150634765625,143.87637329101562,46.8037109375,150.39328002929688,125.1551513671875,47.7138671875,45.87899398803711,22.532756805419922,369.094970703125,224.03973388671875,283.4492492675781,174.6571044921875,49.635986328125,51.3198356628418,35.766475677490234,221.75,210.2162322998047
2021-08-30,149.3488311767578,291.3636169433594,143.2275848388672,171.07850646972656,141.57330322265625,46.29177474975586,151.02818298339844,125.70040893554688,48.16828918457031,46.24848175048828,22.58452033996582,377.0487976074219,222.634033203125,286.7098693847656,174.50196838378906,49.682037353515625,51.415489196777344,35.889286041259766,217.66000366210938,209.428466796875
2021-08-31,148.09059143066406,289.72247314453125,143.3335723876953,173.5395050048828,141.14088439941406,45.754669189453125,150.56724548339844,125.22551727294922,48.279747009277344,46.373741149902344,22.286832809448242,375.7808837890625,220.58322143554688,285.9035339355469,175.7818145751953,49.792564392089844,51.3198356628418,35.35968780517578,219.5,211.35093688964844
2021-09-01,148.7538604736328,289.6744689941406,143.84669494628906,173.9499969482422,140.93795776367188,45.125240325927734,151.09774780273438,126.50067138671875,48.60554504394531,46.27352523803711,22.342592239379883,378.425537109375,221.56529235839844,285.11944580078125,177.8954620361328,49.433349609375,51.33723068237305,35.33666229248047,218.1199951171875,211.9650421142578
2021-09-02,149.86573791503906,289.0218811035156,141.93637084960938,173.156005859375,141.59095764160156,46.22463607788086,152.1326446533203,126.59748077392578,48.67414474487305,46.517765045166016,22.29778480529785,371.7197265625,215.84609985351562,288.7314453125,176.32473754882812,49.488609313964844,51.76329803466797,35.950679779052734,220.8300018310547,213.4959259033203
2021-09-03,150.49977111816406,289.01226806640625,142.38462829589844,173.90249633789062,140.73500061035156,46.04838943481445,152.22828674316406,126.68541717529297,48.63984298706055,46.733821868896484,22.742830276489258,372.6905212402344,216.74151611328125,291.0219421386719,175.4909210205078,49.285980224609375,51.66764831542969,35.950679779052734,218.1699981689453,212.56141662597656
2021-09-07,152.8308868408203,288.09088134765625,142.92051696777344,175.46449279785156,140.48793029785156,45.779850006103516,149.86277770996094,126.2104721069336,47.73101043701172,46.11383056640625,22.5626220703125,378.5543518066406,217.85841369628906,289.7973937988281,178.72927856445312,49.41493606567383,51.19810104370117,35.88160705566406,214.24000549316406,210.2205810546875
2021-09-08,151.28982543945312,288.1196594238281,142.33657836914062,176.27499389648438,139.86141967773438,45.360225677490234,149.4974822998047,127.16912078857422,48.374053955078125,46.1733283996582,22.24103546142578,373.98809814453125,220.57357788085938,292.1143493652344,179.51461791992188,49.341243743896484,51.024192810058594,35.69740295410156,211.3800048828125,212.3833770751953
2021-09-09,150.2754364013672,285.2789001464844,142.18797302246094,174.20799255371094,140.47027587890625,45.393802642822266,146.1666259765625,126.63261413574219,47.8939094543457,45.847679138183594,22.07974624633789,374.4139709472656,219.03306579589844,292.28179931640625,180.25149536132812,49.18466567993164,50.95463180541992,35.3289909362793,213.94000244140625,212.37448120117188
2021-09-10,145.3010711669922,283.8009338378906,139.54811096191406,173.45750427246094,138.85546875,45.30148696899414,145.2100067138672,126.75576782226562,47.679569244384766,45.68172836303711,22.379426956176758,375.0974426269531,216.5489959716797,292.44036865234375,178.51596069335938,49.589935302734375,50.33726119995117,34.99127960205078,210.3000030517578,212.88174438476562
2021-09-13,145.8667449951172,285.0294494628906,140.99087524414062,172.85850524902344,141.06150817871094,46.46800994873047,144.1925048828125,128.11891174316406,48.073970794677734,45.42182540893555,22.054851531982422,372.9381103515625,216.2794189453125,295.5238037109375,179.34979248046875,50.64915466308594,50.519859313964844,34.21609115600586,214.47999572753906,214.68862915039062
2021-09-14,144.4719696044922,287.7166442871094,141.20089721679688,172.5,138.59959411621094,45.805015563964844,143.3227996826172,127.89905548095703,48.108524322509766,45.18385696411133,22.144460678100586,372.95794677734375,214.73886108398438,293.4710998535156,176.84832763671875,50.21624755859375,50.31987380981445,34.315860748291016,211.57000732421875,214.61740112304688
2021-09-15,145.35955810546875,292.5440673828125,143.068115234375,173.7895050048828,139.56141662597656,47.349205017089844,143.8619842529297,127.62643432617188,48.27266311645508,45.262142181396484,22.24302864074707,370.3726501464844,215.48983764648438,293.6913146972656,178.79713439941406,50.76889419555664,50.05031967163086,34.36191177368164,214.22000122070312,214.48391723632812
2021-09-16,145.12548828125,292.9280090332031,142.25634765625,174.41200256347656,139.49964904785156,46.84565734863281,143.68807983398438,126.73819732666016,47.81480407714844,45.41244125366211,22.144460678100586,369.5208435058594,215.9905548095703,296.3519287109375,177.75970458984375,50.50178527832031,49.850318908691406,34.13166427612305,213.36000061035156,216.46868896484375
2021-09-17,142.46270751953125,287.7934265136719,139.47283935546875,173.12600708007812,139.13784790039062,46.29177474975586,143.2793426513672,126.94044494628906,47.028690338134766,45.31850051879883,21.8039608001709,361.260009765625,213.5064239501953,295.7176208496094,177.88575744628906,49.97677230834961,49.432952880859375,33.686492919921875,213.36000061035156,215.827880859375
2021-09-20,139.4195556640625,282.4477844238281,137.4119415283203,167.7864990234375,134.97288513183594,45.05811309814453,142.4617919921875,125.6652603149414,46.70042419433594,44.695377349853516,21.02041244506836,352.3255615234375,211.86965942382812,291.7884521484375,173.17367553710938,48.79781723022461,48.59819412231445,33.924434661865234,209.5,212.8017120361328
2021-09-21,139.89747619628906,282.9275207519531,137.7224884033203,167.18150329589844,134.9905242919922,45.016151428222656,143.08798217773438,125.85871887207031,46.69178009033203,44.78305435180664,21.152830123901367,354.0886535644531,211.9851837158203,294.440185546875,165.96014404296875,48.696502685546875,48.05038833618164,33.70951461791992,208.50999450683594,214.0566864013672
2021-09-22,142.25787353515625,286.55535888671875,138.961181640625,169.00250244140625,137.5760040283203,46.3337287902832,142.56619262695312,126.28968048095703,46.76089859008789,44.679725646972656,21.844783782958984,339.9539794921875,214.46926879882812,295.9466247558594,168.36465454101562,49.27677536010742,48.27647018432617,33.732547760009766,216.97999572753906,216.3975067138672
2021-09-23,143.21376037597656,287.4959411621094,139.8849334716797,170.8000030517578,142.22625732421875,47.90310287475586,143.375,126.80854797363281,46.68315124511719,44.70477294921875,22.383405685424805,342.6779479980469,219.82257080078125,295.9290466308594,170.88551330566406,49.76493453979492,49.293819427490234,33.916744232177734,221.10000610351562,217.86605834960938
2021-09-24,143.30154418945312,287.2943115234375,140.8744659423828,171.2760009765625,143.86753845214844,48.331092834472656,142.94017028808594,126.24567413330078,46.553565979003906,44.83001708984375,21.98416519165039,349.611572265625,222.98062133789062,297.32098388671875,170.6431121826172,49.939945220947266,49.328609466552734,33.72487258911133,221.38999938964844,219.32577514648438
2021-09-27,141.78968811035156,282.3229675292969,139.7422332763672,170.2899932861328,147.34423828125,49.766170501708984,141.90524291992188,124.58352661132812,46.311683654785156,44.54194641113281,21.565017700195312,350.2256164550781,221.06460571289062,300.7744140625,172.83433532714844,50.34519958496094,48.88513946533203,33.440895080566406,224.16000366210938,220.82994079589844
2021-09-28,138.41490173339844,272.1018371582031,134.5496826171875,165.79800415039062,146.550048828125,50.28649139404297,141.59217834472656,123.64249420166016,45.47373962402344,43.993988037109375,20.608226776123047,337.4183349609375,217.17478942871094,294.0701599121094,169.20816040039062,49.737300872802734,48.27647018432617,33.03410339355469,218.41000366210938,216.96714782714844
2021-09-29,139.312255859375,272.5626525878906,133.0870819091797,165.05599975585938,146.4353485107422,50.2529296875,142.6444549560547,124.90010833740234,45.75017166137695,43.97519302368164,20.42702865600586,336.38824462890625,218.253173828125,296.82757568359375,167.42417907714844,49.2675666809082,48.24168395996094,33.41018295288086,225.36000061035156,217.42108154296875
2021-09-30,138.01499938964844,270.56634521484375,132.4159698486328,164.2519989013672,144.44113159179688,49.363346099853516,140.452880859375,122.9477310180664,45.326873779296875,43.64328384399414,20.625152587890625,336.1702575683594,214.46926879882812,289.1896057128906,164.02099609375,49.07413864135742,47.32868194580078,33.011077880859375,219.94000244140625,214.599609375
2021-10-01,139.1366729736328,277.4571228027344,135.2559356689453,164.16299438476562,147.47659301757812,51.13410949707031,139.55714416503906,122.7542724609375,45.80200958251953,42.91370391845703,20.651039123535156,339.7558898925781,221.8926544189453,290.5990905761719,170.65280151367188,49.608360290527344,47.946048736572266,32.949668884277344,226.0,216.21951293945312
2021-10-04,135.71316528320312,271.7084045410156,132.39962768554688,159.48899841308594,147.3177490234375,51.79710388183594,138.4700164794922,122.05946350097656,45.77609634399414,42.50038146972656,19.64547348022461,323.1351013183594,216.3756561279297,287.6126708984375,168.180419921875,49.24913787841797,47.47331237792969,32.5582389831543,223.7899932861328,216.35302734375
2021-10-05,137.6346435546875,277.13079833984375,134.7408447265625,161.0500030517578,149.7234649658203,51.713172912597656,138.78306579589844,122.53438568115234,45.853843688964844,42.77906036376953,20.361318588256836,329.8012390136719,215.94241333007812,290.2643127441406,169.29542541503906,49.69124984741211,47.876007080078125,32.48149490356445,224.4199981689453,218.2576904296875
2021-10-06,138.502685546875,281.3056640625,136.268310546875,163.10049438476562,150.04306030273438,50.76484680175781,139.07008361816406,124.170166015625,46.398075103759766,43.09218215942383,20.60922622680664,330.4748229980469,218.08949279785156,291.03961181640625,170.13893127441406,49.71887969970703,47.219451904296875,32.25122833251953,224.99000549316406,219.93101501464844
2021-10-07,139.76092529296875,282.9755554199219,137.9126739501953,165.1215057373047,150.99293518066406,50.90751647949219,140.31373596191406,125.16395568847656,46.54493713378906,43.599456787109375,20.982582092285156,326.09674072265625,221.97930908203125,297.3122253417969,172.30108642578125,49.90309143066406,48.16489791870117,32.80384826660156,226.47999572753906,221.01683044433594
2021-10-08,139.3805389404297,282.9755554199219,138.46786499023438,164.43099975585938,151.1083221435547,52.18314743041992,139.9571533203125,124.64507293701172,46.752262115478516,43.730953216552734,20.73964500427246,326.9189147949219,221.70968627929688,294.5459289550781,171.36061096191406,49.56230163574219,48.21742248535156,32.58126449584961,226.38999938964844,220.4650421142578
2021-10-11,139.29273986816406,282.3804931640625,137.60459899902344,162.31500244140625,147.9302978515625,51.662818908691406,139.36578369140625,125.16395568847656,46.8472900390625,43.69024658203125,20.6042423248291,322.3625183105469,216.74151611328125,296.8629455566406,168.2386016845703,49.22151184082031,48.08612060546875,32.28193664550781,226.4499969482422,219.46815490722656
2021-10-12,138.02474975585938,281.0849304199219,135.162841796875,162.3665008544922,146.7940216064453,51.39427185058594,137.139404296875,124.979248046875,46.8472900390625,43.64328384399414,20.580350875854492,320.69842529296875,215.720947265625,297.5940246582031,167.86050415039062,48.051761627197266,47.517093658447266,32.120750427246094,223.57000732421875,217.63465881347656
2021-10-13,137.4395294189453,284.3768005371094,136.28517150878906,164.21400451660156,142.9235076904297,51.25160217285156,138.45260620117188,125.26949310302734,46.855926513671875,43.327030181884766,20.847171783447266,321.4611511230469,214.1900634765625,298.0169982910156,167.69564819335938,48.1346549987793,47.81473922729492,31.790719985961914,221.77999877929688,215.97027587890625
2021-10-14,140.21934509277344,290.5574035644531,139.82049560546875,164.9929962158203,145.11618041992188,52.032081604003906,139.24400329589844,126.68541717529297,47.1755485534668,43.79671096801758,21.650634765625,325.413330078125,216.8089141845703,303.1001892089844,169.1015167236328,49.64519500732422,48.716400146484375,31.98259735107422,217.44000244140625,217.661376953125
2021-10-15,141.27273559570312,291.9586486816406,140.0354766845703,170.4510040283203,147.90367126464844,52.527225494384766,140.2789306640625,127.01078796386719,47.06324005126953,44.0096321105957,21.766130447387695,321.6790771484375,222.4029083251953,308.7032470703125,171.08912658691406,50.16099166870117,48.36624526977539,31.84444808959961,217.0399932861328,215.61422729492188
2021-10-18,142.9406280517578,294.9145812988281,141.43215942382812,172.33700561523438,147.85040283203125,52.50204849243164,139.25271606445312,125.1815414428711,46.59676742553711,44.36346435546875,22.124547958374023,332.1586608886719,222.0755615234375,312.7557373046875,165.93104553222656,50.17019271850586,48.313720703125,31.713964462280273,216.97999572753906,215.62319946289062
2021-10-19,145.09619140625,295.8167419433594,141.8868408203125,172.20750427246094,149.6435546875,53.290924072265625,142.5139923095703,123.70409393310547,46.77817153930664,45.30596923828125,22.19225311279297,336.7645568847656,224.83892822265625,315.3810119628906,165.96981811523438,50.85178756713867,48.79520034790039,32.304954528808594,215.97000122070312,216.07711791992188
2021-10-20,145.58389282226562,295.02972412109375,140.43267822265625,170.7530059814453,151.65869140625,53.584659576416016,142.43572998046875,124.18777465820312,47.19282913208008,45.71616744995117,22.006072998046875,337.54705810546875,222.8169708251953,315.59246826171875,165.3590087890625,50.99916076660156,49.197872161865234,32.84989929199219,216.1699981689453,213.36245727539062
2021-10-21,145.7985076904297,298.2448425292969,140.548583984375,171.75050354003906,150.46914672851562,52.611148834228516,142.1053009033203,123.29402160644531,46.9509391784668,45.96979904174805,22.592491149902344,338.63665771484375,221.68080139160156,321.221923828125,166.12493896484375,51.579429626464844,48.75142288208008,32.89594650268555,214.33999633789062,214.85772705078125
2021-10-22,145.0279541015625,296.70916748046875,136.26980590820312,166.77749633789062,152.49319458007812,52.972015380859375,142.38356018066406,124.62134552001953,47.0373420715332,46.448875427246094,22.6263370513916,321.530517578125,222.634033203125,322.4288330078125,164.26339721679688,45.555686950683594,48.243690490722656,33.1262092590332,212.97000122070312,212.2231903076172
2021-10-25,144.9792022705078,295.7207946777344,136.15142822265625,166.01849365234375,151.74746704101562,54.00426483154297,142.69662475585938,124.6390380859375,46.8472900390625,46.987449645996094,23.06441307067871,325.5718078613281,225.18551635742188,327.0716247558594,166.77456665039062,45.5096321105957,48.26994323730469,33.118534088134766,212.8699951171875,211.244140625
2021-10-26,145.64242553710938,297.62103271484375,137.99539184570312,168.80349731445312,152.15582275390625,55.25470733642578,144.1490020751953,126.40888977050781,47.05460739135742,46.57725143432617,24.608606338500977,312.81396484375,223.20208740234375,325.25677490234375,166.8036346435547,44.468833923339844,48.85646057128906,33.4332160949707,209.80999755859375,210.42527770996094
2021-10-27,145.18402099609375,310.1550598144531,144.83924865722656,169.62449645996094,148.98667907714844,53.81963348388672,142.40093994140625,125.50624084472656,47.961669921875,46.19524002075195,24.34377670288086,309.2580261230469,207.7583465576172,328.0054016113281,164.3894500732422,44.109615325927734,49.18037414550781,32.980369567871094,206.61000061035156,216.0414581298828
2021-10-28,148.8123779296875,311.28759765625,144.4742431640625,172.32850646972656,151.2325897216797,53.97068786621094,141.626953125,126.25841522216797,48.41088104248047,46.48332214355469,24.83162498474121,313.9134521484375,202.03919982910156,327.3446960449219,164.51548767089844,44.28461837768555,49.2328987121582,33.141563415527344,207.85000610351562,218.50689697265625
2021-10-29,146.11061096191406,318.26470947265625,146.6505126953125,168.6215057373047,150.81536865234375,54.10498046875,141.65306091308594,126.53271484375,48.695953369140625,46.78704071044922,25.454879760742188,320.5003662109375,203.89749145507812,327.49444580078125,163.92405700683594,45.13199234008789,48.99653244018555,33.57136535644531,207.02999877929688,218.55140686035156
2021-11-01,145.29127502441406,316.10540771484375,142.14437866210938,165.90550231933594,150.7354736328125,55.07847595214844,141.7747802734375,126.22303009033203,48.52317810058594,46.902915954589844,25.7137451171875,326.8495178222656,204.5618133544922,322.8605041503906,165.0099334716797,45.63857650756836,49.11033630371094,33.49461364746094,214.5800018310547,223.0283660888672
2021-11-02,146.3251953125,319.71392822265625,144.0616455078125,165.6374969482422,151.33026123046875,54.398704528808594,144.0098419189453,127.4795913696289,48.46270751953125,46.8809814453125,26.28522300720215,324.967529296875,201.36520385742188,323.5740966796875,164.66091918945312,45.924110412597656,50.44095993041992,34.88383102416992,212.77000427246094,221.83566284179688
2021-11-03,147.75894165039062,320.54888916015625,145.2161865234375,169.1999969482422,151.3834686279297,53.65179443359375,143.54891967773438,128.3556671142578,48.62683868408203,47.025028228759766,26.481359481811523,328.4739990234375,200.3638916015625,325.05419921875,164.90330505371094,46.412269592285156,50.46722412109375,34.400291442871094,213.3800048828125,222.86813354492188
2021-11-04,147.24208068847656,322.89068603515625,146.8699188232422,173.85000610351562,149.39503479003906,54.054622650146484,143.14883422851562,128.5945587158203,48.89463424682617,47.36946487426758,29.670312881469727,332.66387939453125,201.01856994628906,327.8821105957031,165.0972137451172,46.66083908081055,50.00325393676758,33.95122146606445,213.02999877929688,225.5917205810547
2021-11-05,147.76950073242188,322.5260314941406,147.4489288330078,175.94949340820312,149.18199157714844,54.56654739379883,142.13134765625,129.23165893554688,49.10196304321289,47.04067611694336,29.62152862548828,337.8937683105469,208.61526489257812,324.55194091796875,170.2843780517578,47.226585388183594,49.95948028564453,37.636680603027344,224.4600067138672,226.7042694091797
2021-11-08,146.94895935058594,323.41845703125,147.62620544433594,174.44900512695312,150.07858276367188,55.15401077270508,141.64434814453125,128.2671356201172,48.6613883972168,46.740089416503906,30.668916702270508,335.4075927734375,212.2932891845703,324.7193908691406,171.4866180419922,47.810890197753906,49.89820098876953,37.419898986816406,222.67999267578125,225.27127075195312
2021-11-09,147.31044006347656,322.4203796386719,147.51480102539062,178.81149291992188,148.9422607421875,55.69112014770508,141.33126831054688,128.65650939941406,48.79962158203125,46.902915954589844,30.522560119628906,332.1883850097656,205.4572296142578,326.5341796875,169.78021240234375,47.48627853393555,50.28337860107422,36.62240982055664,220.7899932861328,224.87075805664062
2021-11-10,144.4874725341797,317.47772216796875,144.51829528808594,174.1024932861328,148.80023193359375,54.593971252441406,142.86187744140625,129.92193603515625,48.99829864501953,46.480194091796875,29.329811096191406,324.53173828125,207.9119110107422,324.7105407714844,169.14028930664062,47.07819366455078,50.572265625,37.95412826538086,218.5,225.29800415039062
2021-11-11,144.43862915039062,319.0421142578125,144.3925018310547,173.625,148.79139709472656,54.696014404296875,141.8095703125,129.55030822753906,49.01558303833008,46.49898147583008,30.256729125976562,324.6307678222656,202.95431518554688,323.87359619140625,157.1759033203125,46.864871978759766,49.688106536865234,38.85227966308594,219.3800048828125,222.654541015625
2021-11-12,146.5094451904297,323.15936279296875,147.2765655517578,176.25750732421875,148.12554931640625,54.279273986816406,143.5054473876953,129.69183349609375,48.90327835083008,46.26726150512695,30.256729125976562,337.6560363769531,204.56504821777344,328.278564453125,154.77139282226562,46.66083908081055,49.740623474121094,38.50386047363281,220.9600067138672,223.10848999023438
2021-11-15,146.5192108154297,322.5355224609375,147.0526885986328,177.28399658203125,147.85928344726562,54.74705505371094,142.2096405029297,130.4351806640625,48.91191482543945,46.00110626220703,29.893333435058594,344.2627868652344,204.76760864257812,326.9129638671875,153.60789489746094,46.67011260986328,50.134559631347656,38.44191360473633,233.08999633789062,225.12890625
2021-11-16,147.4959716796875,325.8370361328125,146.48211669921875,177.03500366210938,146.7940216064453,55.29988098144531,141.47039794921875,130.2493438720703,48.56637954711914,44.83001708984375,30.0705509185791,339.70635986328125,207.54542541503906,345.6336975097656,153.9957275390625,46.93907165527344,49.89820098876953,38.403202056884766,225.8000030517578,224.70167541503906
2021-11-17,149.92823791503906,326.0582275390625,146.65150451660156,177.4499969482422,146.00390625,54.696014404296875,142.00088500976562,130.1697235107422,48.29856872558594,44.444881439208984,29.13268280029297,337.53717041015625,197.7844696044922,347.8538818359375,152.5413818359375,46.58663558959961,49.688106536865234,39.386512756347656,226.6199951171875,224.9063720703125
2021-11-18,154.20655822753906,328.12530517578125,148.4261474609375,184.80299377441406,144.7433624267578,54.10067367553711,141.23561096191406,130.18740844726562,47.86664581298828,44.8268928527832,31.53609275817871,335.4768981933594,196.1158447265625,357.5445861816406,150.84463500976562,46.0765266418457,46.94807815551758,39.80461502075195,227.25,225.60948181152344
2021-11-19,156.82437133789062,329.8944396972656,147.522705078125,183.82850646972656,142.85247802734375,51.60017776489258,141.66171264648438,129.92193603515625,47.62477493286133,44.58578872680664,32.84035110473633,342.024169921875,193.73350524902344,360.0465393066406,149.31272888183594,45.928131103515625,46.61542510986328,39.33231735229492,214.1300048828125,224.2477264404297
2021-11-22,157.28346252441406,326.7408142089844,144.92294311523438,178.6284942626953,145.89736938476562,52.31460952758789,139.7971649169922,130.7891387939453,47.9184684753418,45.33415603637695,31.815860748291016,337.7749328613281,188.64080810546875,360.1346740722656,149.46786499023438,46.21564865112305,47.79722595214844,39.64202117919922,209.89999389648438,225.60948181152344
2021-11-23,157.66441345214844,324.67364501953125,144.4078369140625,179.0019989013672,149.38613891601562,53.69243240356445,140.66380310058594,132.24041748046875,48.27266311645508,45.65666198730469,31.60678482055664,334.0505676269531,191.4475860595703,359.7646179199219,146.43312072753906,45.538597106933594,48.410003662109375,39.54911422729492,209.1300048828125,227.54086303710938
2021-11-24,158.18214416503906,324.8947448730469,144.74266052246094,179.02049255371094,148.21434020996094,53.99010467529297,140.2698974609375,131.55015563964844,47.88391876220703,45.885257720947266,32.53071212768555,337.82440185546875,196.03866577148438,363.0594482421875,146.7336883544922,46.150718688964844,48.6201171875,39.40199661254883,210.60000610351562,228.84036254882812
2021-11-26,153.17117309570312,316.9817810058594,140.8427734375,175.22799682617188,143.74911499023438,52.093482971191406,139.3594970703125,130.49710083007812,46.41535568237305,45.37173080444336,31.364850997924805,329.95977783203125,190.6373748779297,354.7695007324219,143.6020050048828,45.2418098449707,47.8585090637207,41.8099365234375,199.2100067138672,222.52099609375
2021-11-29,156.52157592773438,323.6640930175781,144.15872192382812,178.07850646972656,143.12770080566406,52.38264465332031,139.8409423828125,131.86874389648438,47.149635314941406,44.66093063354492,33.22964096069336,334.8231201171875,189.32559204101562,358.3991394042969,143.31114196777344,46.37332534790039,48.81268310546875,40.57113265991211,198.5,222.77915954589844
2021-11-30,161.4641876220703,317.85675048828125,140.55995178222656,175.35350036621094,140.99716186523438,50.894264221191406,136.49700927734375,127.93978118896484,45.660972595214844,44.03469467163086,32.5327033996582,321.38189697265625,186.89503479003906,352.9282531738281,140.4897003173828,45.631343841552734,48.007320404052734,41.600894927978516,197.85000610351562,218.91285705566406
2021-12-01,160.9464569091797,317.3663635253906,139.72193908691406,172.18600463867188,140.16268920898438,50.851741790771484,138.37908935546875,129.55030822753906,45.5303955078125,42.9418830871582,31.300981521606445,307.65338134765625,183.41311645507812,354.2198181152344,137.82337951660156,45.074867248535156,48.17364501953125,42.33643341064453,188.19000244140625,218.53689575195312
2021-12-02,159.95986938476562,316.7990417480469,141.618408203125,171.8679962158203,143.10995483398438,52.11899185180664,137.51243591308594,130.31129455566406,46.20072555541992,42.418968200683594,31.98902702331543,307.44537353515625,191.25462341308594,360.72174072265625,142.71971130371094,45.90958023071289,49.15410614013672,41.066654205322266,202.3800048828125,222.6717529296875
2021-12-03,158.08444213867188,310.5686950683594,140.66299438476562,169.489501953125,140.51779174804688,51.78730010986328,139.51707458496094,132.62977600097656,46.609886169433594,43.057735443115234,30.562145233154297,303.9290771484375,189.3545684814453,360.7571105957031,141.76953125,45.67771911621094,49.22414016723633,42.01898193359375,198.49000549316406,223.14605712890625
2021-12-06,161.4836883544922,313.6261901855469,141.8056182861328,171.36849975585938,142.17782592773438,52.374141693115234,142.6333770751953,134.6384735107422,47.80255889892578,43.524295806884766,29.908935546875,314.8544006347656,195.48890686035156,367.73687744140625,145.79322814941406,47.2915153503418,49.863189697265625,39.85881423950195,205.8800048828125,228.9276580810547
2021-12-07,167.2077178955078,322.01995849609375,145.88136291503906,176.1645050048828,144.31724548339844,52.96099090576172,143.0010223388672,134.28453063964844,48.063720703125,43.383392333984375,32.28874206542969,319.74755859375,200.0124969482422,368.1614074707031,146.21983337402344,48.75690460205078,50.84364318847656,40.04462814331055,208.8300018310547,232.61502075195312
2021-12-08,171.0172576904297,322.0679931640625,146.78970336914062,176.1580047607422,142.6660614013672,53.11408233642578,143.85891723632812,134.8862762451172,47.88090896606445,42.94501876831055,31.6903133392334,327.4239807128906,201.57505798339844,363.8002014160156,148.67283630371094,47.99637985229492,49.915706634521484,39.796875,211.02999877929688,232.3196258544922
2021-12-09,170.50926208496094,320.2699890136719,146.2468719482422,174.17100524902344,142.4441375732422,53.25016403198242,145.22445678710938,135.67381286621094,47.759033203125,43.54235076904297,30.36000633239746,326.69110107421875,203.889892578125,363.8798522949219,148.28500366210938,46.81850051879883,50.379676818847656,40.3233642578125,207.55999755859375,234.78981018066406
2021-12-10,175.28578186035156,329.3463439941406,146.60641479492188,172.21200561523438,141.87599182128906,53.59036636352539,144.86558532714844,137.5675506591797,48.9952278137207,44.33773422241211,30.06925392150879,326.6217346191406,205.8285675048828,367.471435546875,148.06201171875,46.920528411865234,51.86787796020508,40.8653450012207,205.05999755859375,237.14366149902344
2021-12-13,171.6619110107422,326.3273620605469,144.4519500732422,169.5675048828125,140.18931579589844,52.416664123535156,147.4566650390625,139.523193359375,50.28365707397461,45.13628387451172,28.040939331054688,331.3167724609375,203.53298950195312,358.4836730957031,145.8513641357422,46.37332534790039,51.30760955810547,42.739051818847656,197.39999389648438,235.46109008789062
2021-12-14,170.28463745117188,315.6933288574219,142.55052185058594,169.0915069580078,141.26345825195312,52.340118408203125,149.06735229492188,140.0364227294922,50.31848907470703,45.566986083984375,28.216188430786133,330.5738830566406,202.52989196777344,355.79443359375,144.5618896484375,46.09507751464844,50.572265625,43.00230026245117,195.5,234.95091247558594
2021-12-15,175.1392822265625,321.7603454589844,145.06065368652344,173.31500244140625,140.20704650878906,52.110496520996094,149.8114776611328,140.576171875,50.54482650756836,45.82792282104492,30.329145431518555,338.41876220703125,204.77723693847656,360.7571105957031,145.82229614257812,46.99471664428711,52.46315002441406,45.52637481689453,195.42999267578125,236.74085998535156
2021-12-16,168.26263427734375,312.3858337402344,143.08348083496094,168.87100219726562,142.3997344970703,52.19553756713867,151.4484100341797,142.56723022460938,51.0584602355957,45.06397247314453,28.265972137451172,331.72283935546875,206.76414489746094,353.4324645996094,144.22251892089844,47.14311599731445,52.79580307006836,47.42331314086914,190.7899932861328,237.66268920898438
2021-12-17,167.16867065429688,311.3282165527344,140.3891143798828,170.0175018310547,139.15953063964844,51.05585479736328,147.26409912109375,139.3373565673828,50.257545471191406,43.620948791503906,27.682470321655273,330.6233825683594,204.36248779296875,343.21514892578125,144.2322235107422,46.94834518432617,52.92711639404297,46.05287170410156,192.6300048828125,234.21701049804688
2021-12-20,165.81089782714844,307.5881042480469,140.272216796875,167.07899475097656,136.65618896484375,50.315921783447266,146.8439483642578,139.6912841796875,50.092140197753906,43.762420654296875,27.6008243560791,322.3625183105469,201.33392333984375,344.4713134765625,142.01193237304688,46.002323150634766,52.83956527709961,47.24523162841797,188.47999572753906,234.24386596679688
2021-12-21,168.97573852539062,314.683837890625,142.12013244628906,170.41700744628906,138.5647735595703,51.45560073852539,146.37123107910156,139.60281372070312,50.2923698425293,43.89445877075195,28.9510440826416,331.029541015625,207.73831176757812,345.41778564453125,146.45252990722656,47.087467193603516,53.42609786987305,45.642520904541016,199.52000427246094,236.62452697753906
2021-12-22,171.564208984375,320.36614990234375,145.03488159179688,171.03700256347656,139.10629272460938,51.872352600097656,147.00148010253906,140.98330688476562,50.649295806884766,43.95104217529297,29.2746524810791,327.3150939941406,210.22677612304688,349.9913635253906,147.25726318359375,47.2729606628418,53.86378860473633,46.10707473754883,201.69000244140625,237.11679077148438
2021-12-23,172.18936157226562,321.798828125,145.5316619873047,171.06849670410156,139.60342407226562,51.89786911010742,147.2816162109375,141.6735076904297,50.684120178222656,43.85359191894531,29.513633728027344,332.05963134765625,208.93431091308594,351.2562561035156,148.95401000976562,47.58829879760742,54.52035140991211,45.456695556640625,204.22000122070312,238.020751953125
2021-12-27,176.14535522460938,329.2598876953125,146.5123291015625,169.66949462890625,140.40237426757812,52.63780212402344,148.52464294433594,143.32827758789062,51.0584602355957,44.252864837646484,30.813074111938477,342.8958740234375,209.90846252441406,357.4664306640625,148.1492462158203,48.17259979248047,55.518314361572266,45.83608627319336,203.1699981689453,240.07020568847656
2021-12-28,175.12950134277344,328.10614013671875,145.3043212890625,170.66099548339844,140.8284454345703,52.46770477294922,149.119873046875,144.09814453125,51.25869369506836,44.887916564941406,30.19272804260254,342.9354248046875,210.31356811523438,359.3505554199219,150.4761962890625,48.005653381347656,55.61460876464844,44.91471481323242,206.1300048828125,239.74795532226562
2021-12-29,175.2174072265625,328.7791442871094,145.2726287841797,169.2010040283203,140.75747680664062,52.008426666259766,150.17034912109375,145.29278564453125,51.31963348388672,44.86592102050781,29.873092651367188,339.6866149902344,210.42933654785156,363.4375915527344,150.15625,48.07058334350586,55.99104309082031,44.581790924072266,203.66000366210938,240.29397583007812
2021-12-30,174.06480407714844,326.25048828125,144.82241821289062,168.64450073242188,140.68641662597656,51.70225143432617,150.83566284179688,144.0361785888672,51.171630859375,45.01051712036133,29.459861755371094,341.0931091308594,210.13995361328125,362.641357421875,151.1839599609375,47.98711395263672,55.693397521972656,45.21668243408203,202.7100067138672,239.14837646484375
2021-12-31,173.449462890625,323.36602783203125,143.4866180419922,166.7169952392578,140.571044921875,52.04243850708008,149.75018310546875,144.75296020507812,51.54597473144531,45.48838806152344,29.28561019897461,333.15911865234375,209.02114868164062,367.12652587890625,150.1756134033203,47.7645263671875,55.47454833984375,45.719940185546875,201.32000732421875,239.9180908203125
2022-01-03,177.78640747070312,321.8564453125,143.62481689453125,170.4044952392578,143.54490661621094,54.0411376953125,150.16159057617188,144.15122985839844,51.624324798583984,45.475807189941406,29.99258041381836,335.32830810546875,213.5736541748047,361.49139404296875,151.98870849609375,49.350486755371094,55.290706634521484,43.861724853515625,207.86000061035156,240.37449645996094
2022-01-04,175.53001403808594,316.3374938964844,143.03839111328125,167.52200317382812,148.98667907714844,56.073848724365234,149.75894165039062,144.6556396484375,52.48617935180664,44.642696380615234,29.165124893188477,333.33740234375,214.56712341308594,365.206787109375,150.9900665283203,49.28556442260742,53.93463897705078,42.22029113769531,213.6300048828125,240.31185913085938
2022-01-05,170.86093139648438,304.1940612792969,136.47633361816406,164.35699462890625,146.2628936767578,56.7712516784668,150.75685119628906,145.31045532226562,52.92145919799805,45.24631118774414,27.486312866210938,321.09466552734375,212.19436645507812,360.25286865234375,150.46652221679688,49.962608337402344,53.08049774169922,43.07197570800781,213.07000732421875,239.1304931640625
2022-01-06,168.00865173339844,301.7903747558594,136.44908142089844,163.25399780273438,147.8167724609375,58.10655212402344,150.2404022216797,144.08929443359375,52.64288330078125,45.12056350708008,28.05786895751953,329.3059997558594,211.9533233642578,358.94366455078125,152.1244354248047,50.092464447021484,53.64405059814453,42.4603157043457,211.33999633789062,241.36795043945312
2022-01-07,168.17477416992188,301.9441223144531,135.7254638671875,162.5540008544922,149.28140258789062,58.58282470703125,152.271240234375,144.00967407226562,52.52100372314453,45.551265716552734,27.13083267211914,328.6424255371094,209.2622528076172,348.19549560546875,153.02613830566406,49.56380844116211,53.82897186279297,43.14166259765625,215.5,239.01409912109375
2022-01-10,168.19427490234375,302.16522216796875,137.36241149902344,161.48599243164062,149.42428588867188,58.234130859375,151.5184326171875,142.04518127441406,52.608062744140625,45.46324157714844,27.283184051513672,324.9576721191406,204.44931030273438,342.755126953125,151.8336181640625,51.20542526245117,54.43656921386719,43.54427719116211,209.30999755859375,236.64244079589844
2022-01-11,171.0172576904297,302.84796142578125,138.41883850097656,165.36199951171875,149.5760955810547,60.68357849121094,149.9077606201172,140.3992462158203,52.6254768371582,45.33434295654297,27.69840431213379,331.1978759765625,206.7738037109375,342.05633544921875,153.08433532714844,51.85464096069336,54.92086410522461,43.8926887512207,216.02000427246094,234.59291076660156
2022-01-12,171.45675659179688,306.01116943359375,140.09735107421875,165.20700073242188,150.4244384765625,60.50497055053711,148.6297149658203,140.70896911621094,52.703819274902344,45.095401763916016,27.8796329498291,330.098388671875,208.056640625,344.4713134765625,152.9970703125,51.69697189331055,54.70073318481445,43.861724853515625,217.4499969482422,233.51895141601562
2022-01-13,168.19427490234375,293.0600280761719,137.2806854248047,161.21400451660156,150.23692321777344,60.071224212646484,147.7280731201172,140.07177734375,53.01723098754883,45.733612060546875,26.461700439453125,323.3826904296875,207.37179565429688,342.3304748535156,150.7089080810547,50.95500564575195,54.15477752685547,43.00230026245117,223.89999389648438,233.9574737548828
2022-01-14,169.0538787841797,298.2520751953125,138.16575622558594,162.13800048828125,141.0028533935547,61.1258544921875,146.92276000976562,141.41690063476562,53.44379806518555,45.604713439941406,26.82713508605957,328.7513427734375,207.0535125732422,329.0788879394531,147.3154296875,51.65987777709961,54.0315055847168,42.54549026489258,225.9600067138672,230.64608764648438
2022-01-18,165.8597412109375,290.9928894042969,134.7161102294922,158.91749572753906,135.09091186523438,62.15496826171875,146.27493286132812,138.6913604736328,53.01723098754883,44.806182861328125,25.792566299438477,315.1317443847656,208.056640625,324.40814208984375,147.63539123535156,50.788055419921875,52.5961799621582,41.89510726928711,225.00999450683594,229.54522705078125
2022-01-19,162.37258911132812,291.646728515625,133.84291076660156,156.2989959716797,133.0011749267578,62.18047332763672,145.8197479248047,143.35484313964844,53.10428237915039,45.252601623535156,24.960126876831055,316.5580749511719,207.06312561035156,318.189208984375,145.5411376953125,49.730743408203125,51.865318298339844,41.45378494262695,217.0800018310547,228.4175262451172
2022-01-20,160.69247436523438,289.9833679199219,132.05093383789062,151.66749572753906,131.86700439453125,62.31654739379883,144.65553283691406,144.12884521484375,52.88663864135742,44.3974723815918,24.047033309936523,313.5568542480469,206.744873046875,309.2457275390625,143.1269073486328,48.265350341796875,51.14324951171875,41.84864807128906,214.19000244140625,226.5470428466797
2022-01-21,158.64126586914062,284.6278381347656,129.12281799316406,142.64300537109375,129.5629425048828,61.381011962890625,144.32286071777344,144.680419921875,52.6254768371582,44.07365798950195,23.274343490600586,300.29388427734375,198.62359619140625,308.8210754394531,133.1986083984375,48.265350341796875,49.91044616699219,40.87308883666992,205.44000244140625,227.85369873046875
2022-01-24,157.8695831298828,284.9546813964844,129.571044921875,144.54400634765625,129.4468536376953,61.90830612182617,142.65965270996094,143.506103515625,52.19890213012695,44.076805114746094,23.272357940673828,305.78131103515625,194.68832397460938,321.83380126953125,133.2761688232422,48.17259979248047,50.10418701171875,39.90526580810547,204.1999969482422,226.9766082763672
2022-01-25,156.072265625,277.3782958984375,125.73851013183594,139.98599243164062,130.85784912109375,63.728397369384766,146.7388916015625,141.9402313232422,52.0770149230957,43.117923736572266,22.228822708129883,297.3025817871094,194.83302307128906,317.5611267089844,132.3550567626953,47.300785064697266,49.408531188964844,40.67952346801758,204.10000610351562,224.3542938232422
2022-01-26,155.98435974121094,285.2816162109375,128.0148162841797,138.87249755859375,132.09921264648438,63.08201217651367,147.3954315185547,140.7035675048828,51.8854866027832,42.677791595458984,22.674915313720703,291.8348693847656,198.5657196044922,316.05731201171875,129.5336456298828,47.94073486328125,48.7216911315918,41.043426513671875,194.27000427246094,223.61148071289062
2022-01-27,155.52523803710938,288.2911376953125,127.78900146484375,139.6374969482422,129.76834106445312,63.890010833740234,149.32998657226562,141.57546997070312,51.92902755737305,42.70608139038086,21.850446701049805,291.84478759765625,198.83580017089844,315.30535888671875,131.29824829101562,44.56475830078125,48.096492767333984,41.63633728027344,189.75,222.61802673339844
2022-01-28,166.37742614746094,296.3868103027344,132.0940399169922,143.97799682617188,130.92929077148438,64.02605438232422,150.3804168701172,142.7943115234375,52.964996337890625,43.234249114990234,22.742626190185547,298.84771728515625,219.9105224609375,324.24896240234375,134.41055297851562,44.267974853515625,48.96824645996094,42.38528060913086,190.57000732421875,229.19615173339844
2022-01-31,170.72415161132812,299.0019836425781,134.02813720703125,149.57350158691406,132.7064666748047,64.60440826416016,150.81814575195312,142.7498321533203,53.11298751831055,43.954193115234375,24.38160514831543,310.2881774902344,218.1455078125,324.6380920410156,138.6184539794922,45.278907775878906,49.02108383178711,41.105838775634766,200.24000549316406,232.20327758789062
2022-02-01,170.55813598632812,296.8675842285156,136.34657287597656,151.19349670410156,134.98370361328125,68.74639129638672,149.58387756347656,142.1181640625,52.72123336791992,44.300018310546875,24.532958984375,315.97369384765625,224.1158447265625,326.1596984863281,140.09217834472656,45.39948654174805,48.75691604614258,41.40229415893555,208.33999633789062,231.79159545898438
2022-02-02,171.75958251953125,301.3865051269531,146.60496520996094,150.6125030517578,133.9031524658203,68.5677719116211,151.23831176757812,144.6626739501953,53.260986328125,44.28115463256836,25.134384155273438,319.9357604980469,227.06729125976562,330.6092224121094,138.2790985107422,45.918861389160156,49.46136474609375,42.018611907958984,207.52000427246094,234.7361602783203
2022-02-03,168.8878173828125,289.646728515625,141.7412567138672,138.8455047607422,132.7957305908203,67.76829528808594,151.22952270507812,146.0327606201172,53.635318756103516,44.325164794921875,23.84589958190918,235.50442504882812,223.324951171875,322.7185363769531,135.76792907714844,44.778079986572266,48.60721206665039,41.644134521484375,206.38999938964844,233.26837158203125
2022-02-04,168.60418701171875,294.1560363769531,141.9423370361328,157.63949584960938,136.242919921875,69.23966217041016,150.2404022216797,143.71070861816406,53.0694580078125,43.803287506103516,24.215320587158203,234.84075927734375,220.28671264648438,318.1715393066406,137.69735717773438,44.866859436035156,48.56318664550781,41.34768295288086,206.4499969482422,232.749267578125
2022-02-07,167.8902130126953,289.3583679199219,137.88888549804688,157.9355010986328,136.69839477539062,70.07316589355469,149.7414093017578,142.6342010498047,53.62661361694336,43.37258529663086,24.622573852539062,222.7763214111328,219.100341796875,316.11920166015625,138.1724395751953,45.025733947753906,48.58079528808594,41.511512756347656,211.9199981689453,232.5613250732422
2022-02-08,170.9906005859375,292.829345703125,138.0850372314453,161.4134979248047,139.27032470703125,68.2615966796875,150.13534545898438,142.3138885498047,53.9748420715332,43.38201141357422,25.000953674316406,218.09120178222656,219.85269165039062,319.7373046875,138.1433563232422,45.61448287963867,48.730499267578125,40.33349609375,213.27000427246094,232.7671661376953
2022-02-09,172.4087371826172,299.22314453125,140.25732421875,161.1894989013672,139.85081481933594,67.934814453125,150.11781311035156,141.9936065673828,53.13911056518555,43.28770065307617,26.59114646911621,229.799072265625,222.6787109375,322.3292541503906,142.748779296875,46.642459869384766,49.56703567504883,40.15406036376953,215.86000061035156,232.57025146484375
2022-02-10,168.34010314941406,290.7332458496094,137.31336975097656,159.0034942626953,139.27032470703125,67.28125762939453,148.30580139160156,139.8317108154297,53.43510055541992,42.78154373168945,25.713905334472656,225.90635681152344,217.94004821777344,314.1199035644531,147.52874755859375,45.66121292114258,48.31662368774414,39.47533416748047,218.75,229.89425659179688
2022-02-11,164.93653869628906,283.676025390625,133.01675415039062,153.2935028076172,137.45745849609375,68.975341796875,146.8089141845703,139.0487518310547,52.48617935180664,42.545753479003906,23.846895217895508,217.4671630859375,217.07057189941406,309.873779296875,144.9206085205078,44.51173400878906,47.46248245239258,39.61575698852539,212.3000030517578,228.36383056640625
2022-02-14,165.17127990722656,283.6374816894531,134.24851989746094,155.16700744628906,136.180419921875,67.91763305664062,144.96189880371094,139.44911193847656,52.82570266723633,42.11189651489258,24.163541793823242,215.6347198486328,217.6985321044922,310.9971923828125,146.25860595703125,44.46501541137695,46.82847213745117,38.851226806640625,210.0399932861328,226.77972412109375
2022-02-15,168.995361328125,288.8968200683594,135.3208465576172,156.510498046875,138.171875,67.06629180908203,146.45880126953125,139.52027893066406,53.025936126708984,42.24394226074219,26.382043838500977,218.90341186523438,220.0944366455078,312.5011291503906,150.0108184814453,45.26871109008789,47.78828430175781,38.843414306640625,217.72999572753906,227.15560913085938
2022-02-16,168.76065063476562,288.55963134765625,136.43968200683594,158.10049438476562,138.42193603515625,67.3758544921875,146.37123107910156,140.57899475097656,53.01723098754883,41.979862213134766,26.39797592163086,214.4857177734375,221.060546875,309.69683837890625,151.59121704101562,45.07245635986328,47.77067565917969,38.75760269165039,218.92999267578125,226.51119995117188
2022-02-17,165.17127990722656,280.1099548339844,131.28968811035156,154.65249633789062,135.23374938964844,67.27267456054688,145.47833251953125,142.18936157226562,54.079315185546875,43.66181182861328,24.40251922607422,205.73947143554688,216.99331665039062,307.7949523925781,148.29469299316406,44.45566177368164,49.10913848876953,38.14908981323242,213.5800018310547,224.57806396484375
2022-02-18,163.62596130371094,277.4122619628906,129.173828125,152.60150146484375,135.8678436279297,66.5245361328125,143.91897583007812,142.26051330566406,54.44495391845703,43.38201141357422,23.54120635986328,204.20420837402344,215.13841247558594,306.84832763671875,146.75311279296875,42.09130096435547,50.37715148925781,37.86043167114258,209.02999877929688,224.28271484375
2022-02-22,160.7113800048828,277.20989990234375,128.58990478515625,150.19749450683594,135.62673950195312,65.75056457519531,141.96322631835938,140.50782775878906,54.21860122680664,42.89786911010742,23.290279388427734,200.16290283203125,213.81484985351562,279.6905517578125,143.58261108398438,41.764217376708984,49.575843811035156,37.08028793334961,198.74000549316406,226.1621856689453
2022-02-23,156.5547332763672,270.03204345703125,126.3853530883789,144.82699584960938,132.786865234375,66.01716613769531,142.03369140625,138.75515747070312,53.61792755126953,42.45772933959961,22.291553497314453,196.5673370361328,208.62693786621094,272.8612365722656,141.43017578125,41.726829528808594,47.93798828125,36.56539535522461,196.4199981689453,221.7677764892578
2022-02-24,159.16610717773438,283.8289489746094,131.44021606445312,151.35800170898438,129.0896453857422,65.18302917480469,139.32020568847656,135.0184783935547,52.67770767211914,42.29423141479492,23.646751403808594,205.6305389404297,209.93115234375,277.0985107421875,144.8527374267578,43.66130828857422,48.193355560302734,35.85546112060547,198.42999267578125,219.2976531982422
2022-02-25,161.22979736328125,286.4496154785156,133.19207763671875,153.7884979248047,132.14385986328125,66.93730926513672,146.24478149414062,140.7836456298828,54.714813232421875,42.875850677490234,24.05401039123535,208.48321533203125,211.8343963623047,280.1151428222656,144.97879028320312,44.58650207519531,49.34688949584961,37.2285270690918,201.47999572753906,223.2534637451172
2022-02-28,161.4938201904297,287.8756103515625,133.78395080566406,153.56300354003906,126.63374328613281,67.4360580444336,144.9850311279297,138.69287109375,54.18377685546875,42.492305755615234,24.281038284301758,209.02798461914062,208.79119873046875,279.3897399902344,143.94134521484375,44.57715606689453,49.10913848876953,36.6199951171875,205.33999633789062,220.2836456298828
2022-03-01,159.61598205566406,284.17584228515625,132.7978515625,151.14199829101562,121.85594177246094,68.08100891113281,144.48281860351562,136.3975067138672,53.94873046875,42.75324249267578,23.37690544128418,201.55950927734375,201.88363647460938,283.29974365234375,141.26535034179688,43.75476837158203,48.096492767333984,35.691627502441406,194.91000366210938,215.65782165527344
2022-03-02,162.9021759033203,289.2244873046875,133.30303955078125,152.05250549316406,124.38330078125,69.25052642822266,146.28005981445312,136.8245391845703,54.349185943603516,42.806678771972656,24.120847702026367,206.13571166992188,201.41029357910156,289.5982971191406,142.85543823242188,45.67055130004883,49.44375228881836,37.21291732788086,197.80999755859375,216.83676147460938
2022-03-03,162.57945251464844,285.1103820800781,132.63735961914062,147.89849853515625,123.49917602539062,69.6890869140625,148.42967224121094,137.3316192626953,54.384010314941406,43.79071044921875,23.61692237854004,201.04444885253906,200.20266723632812,286.9355773925781,141.1393280029297,44.79209518432617,49.37330627441406,37.3143310546875,188.85000610351562,212.97592163085938
2022-03-04,159.58665466308594,279.2717590332031,130.6631317138672,145.64100646972656,120.02520751953125,72.31185913085938,149.31068420410156,138.025634765625,54.4710578918457,44.90049362182617,22.842105865478516,198.16207885742188,193.4980010986328,286.84716796875,136.4369354248047,44.92292785644531,49.76075744628906,37.95405197143555,180.83999633789062,212.21994018554688
2022-03-07,155.8016357421875,268.7217102050781,125.18726348876953,137.4530029296875,115.39034271240234,74.91749572753906,151.71578979492188,135.9793701171875,53.173927307128906,44.538944244384766,21.264591217041016,185.69151306152344,184.2332305908203,285.52899169921875,129.4366912841797,44.5584602355957,48.95063781738281,37.43135452270508,169.1699981689453,201.88839721679688
2022-03-08,153.9824676513672,265.7735290527344,125.90641784667969,136.01449584960938,114.57765197753906,75.48503875732422,148.64112854003906,130.59674072265625,51.06715774536133,43.6178092956543,21.425926208496094,188.48475646972656,185.20896911621094,280.1947326660156,127.73995208740234,44.39025115966797,47.902767181396484,37.01008224487305,173.8000030517578,200.50244140625
2022-03-09,159.37147521972656,277.96142578125,132.16238403320312,139.2790069580078,119.16788482666016,71.19396209716797,149.2049560546875,132.35833740234375,51.328330993652344,43.84415817260742,22.919788360595703,196.6168670654297,192.98594665527344,282.2950439453125,129.58212280273438,44.51173400878906,49.24121856689453,38.03207015991211,178.55999755859375,200.21446228027344
2022-03-10,155.03880310058594,275.15771484375,131.18121337890625,146.8175048828125,117.75688171386719,73.40399169921875,149.46926879882812,128.95082092285156,50.38812255859375,44.84074783325195,22.565248489379883,193.35809326171875,191.25668334960938,282.9536437988281,129.5724334716797,43.60524368286133,48.17573547363281,38.38313674926758,178.38999938964844,199.79148864746094
2022-03-11,151.33197021484375,269.83941650390625,128.64633178710938,145.52450561523438,115.10454559326172,73.02561950683594,149.19610595703125,127.42057800292969,50.42294692993164,44.664703369140625,22.0095272064209,185.83018493652344,190.03939819335938,281.9301452636719,127.73995208740234,42.8295783996582,48.15812683105469,39.217891693115234,176.22999572753906,204.17431640625
2022-03-14,147.31224060058594,266.3420104980469,124.76377868652344,141.85299682617188,116.24765014648438,70.41142272949219,151.25765991210938,129.04872131347656,51.35280990600586,45.28718185424805,21.2426815032959,184.8594970703125,193.53665161132812,283.32745361328125,125.10273742675781,41.49319839477539,47.814701080322266,40.76256561279297,175.52000427246094,203.5532989501953
2022-03-15,151.68411254882812,276.66070556640625,127.98019409179688,147.3665008544922,118.31056213378906,66.40412902832031,155.17807006835938,133.69287109375,52.30021286010742,45.83107376098633,22.878952026367188,190.20826721191406,199.14962768554688,292.38720703125,130.11537170410156,41.8763542175293,48.959442138671875,40.73136901855469,179.88999938964844,209.30406188964844
2022-03-16,156.0852813720703,283.63629150390625,132.02418518066406,153.10400390625,123.59740447998047,66.15474700927734,153.75088500976562,133.23910522460938,52.15985870361328,45.69588088989258,24.395721435546875,201.6981964111328,204.685302734375,294.4963073730469,133.93544006347656,43.577205657958984,49.14435577392578,41.2852668762207,188.99000549316406,214.31683349609375
2022-03-17,157.09263610839844,284.4359130859375,132.57742309570312,157.23899841308594,125.16020965576172,67.91763305664062,155.75953674316406,133.6572723388672,52.712501525878906,45.76531982421875,24.664621353149414,205.86827087402344,206.21173095703125,299.34661865234375,135.22496032714844,44.05381393432617,49.46136474609375,42.3150634765625,190.19000244140625,213.7138671875
2022-03-18,160.37884521484375,289.4556579589844,134.84237670898438,161.25050354003906,125.1155776977539,67.65103149414062,154.03280639648438,133.58607482910156,52.72128677368164,45.901031494140625,26.344709396362305,214.43621826171875,211.67982482910156,303.24468994140625,136.02972412109375,44.34352493286133,49.285247802734375,42.525699615478516,192.8300018310547,215.01882934570312
2022-03-21,161.7481231689453,288.2320556640625,134.818603515625,161.4915008544922,124.7137222290039,70.68659973144531,154.9049835205078,134.09320068359375,53.14235305786133,45.51915740966797,26.624557495117188,209.483642578125,209.6799774169922,293.1258239746094,134.40084838867188,44.287445068359375,49.31167221069336,42.27605438232422,185.89999389648438,211.77896118164062
2022-03-22,165.11257934570312,292.9530334472656,138.54959106445312,164.88900756835938,127.36604309082031,70.37702941894531,154.17373657226562,135.125244140625,53.335350036621094,45.38344192504883,26.415414810180664,214.59466552734375,211.06149291992188,293.44622802734375,135.84548950195312,45.221981048583984,49.46136474609375,41.378883361816406,191.0399932861328,214.29885864257812
2022-03-23,166.47206115722656,288.54998779296875,136.9721221923828,163.4080047607422,124.82979583740234,71.4863510131836,153.59231567382812,134.18218994140625,52.98445510864258,44.7995719909668,25.5290584564209,211.43490600585938,207.40000915527344,282.1614990234375,133.45066833496094,45.109840393066406,47.973209381103516,40.71576690673828,186.0399932861328,212.4989471435547
2022-03-24,170.2472686767578,292.9916076660156,140.237548828125,163.64950561523438,125.64248657226562,71.70133972167969,154.38522338867188,134.4134979248047,53.49324035644531,45.07731246948242,28.034765243530273,217.4869842529297,209.9408416748047,281.0313415527344,134.73049926757812,48.24052047729492,47.99082565307617,41.02782440185547,189.0500030517578,216.22479248046875
2022-03-25,170.8830108642578,292.5869445800781,140.3376007080078,164.77349853515625,126.74092102050781,73.26641082763672,155.86526489257812,135.97042846679688,53.97571563720703,45.272972106933594,27.57863998413086,219.71563720703125,211.02284240722656,276.4925231933594,134.905029296875,48.436767578125,48.40468978881836,41.17605209350586,188.9499969482422,217.4127197265625
2022-03-28,171.74366760253906,299.3504943847656,140.12216186523438,168.99049377441406,125.80322265625,71.21115112304688,156.66697692871094,136.90463256835938,54.31782913208008,46.07776641845703,28.103477478027344,221.46884155273438,213.28350830078125,279.69635009765625,134.49781799316406,48.13771438598633,48.55438232421875,41.56612014770508,188.16000366210938,218.63665771484375
2022-03-29,175.02992248535156,303.88848876953125,141.16226196289062,169.31500244140625,126.08004760742188,70.83280181884766,156.58770751953125,138.31033325195312,54.52836608886719,46.4659538269043,28.538686752319336,227.67938232421875,220.3842315673828,282.7488708496094,138.04640197753906,48.82926559448242,49.02108383178711,41.14484786987305,193.8000030517578,223.34347534179688
2022-03-30,173.8660430908203,302.3950500488281,140.60060119628906,166.30099487304688,125.50851440429688,72.04529571533203,158.2174835205078,137.35836791992188,54.57221603393555,47.29914093017578,27.57664680480957,225.68844604492188,216.3556671142578,274.5168151855469,136.6696319580078,48.06295394897461,49.35570526123047,40.910804748535156,194.91000366210938,224.117431640625
2022-03-31,170.7754364013672,297.0477600097656,137.75665283203125,162.99749755859375,121.73987579345703,71.02197265625,156.1383514404297,135.94375610351562,54.38801193237305,46.99932098388672,27.174297332763672,220.25051879882812,214.2495880126953,266.3914794921875,132.98529052734375,46.31538009643555,49.10032272338867,40.38810348510742,191.5,222.54249572753906
2022-04-01,170.48199462890625,298.1172790527344,138.8294677734375,163.55999755859375,120.837890625,71.47774505615234,156.984130859375,137.9811553955078,55.15120315551758,47.6589241027832,26.60264778137207,222.71690368652344,218.68394470214844,268.6697998046875,132.83013916015625,44.9603157043457,49.01227569580078,40.23207092285156,190.75999450683594,224.31546020507812
2022-04-04,174.52130126953125,303.46453857421875,141.62387084960938,168.34649658203125,121.37372589111328,71.51213073730469,155.4688262939453,137.08255004882812,54.861717224121094,47.66839599609375,27.247995376586914,231.67112731933594,220.01718139648438,271.9536437988281,134.36207580566406,45.97895050048828,49.197200775146484,39.74058532714844,191.17999267578125,222.1375274658203
2022-04-05,171.21551513671875,299.52392578125,139.2657928466797,164.05499267578125,119.96125030517578,71.14237976074219,156.47314453125,137.56297302246094,54.80031204223633,47.804107666015625,25.824853897094727,229.6405792236328,218.42311096191406,271.31292724609375,131.49215698242188,44.979000091552734,48.691829681396484,39.9746208190918,182.64999389648438,223.6494903564453
2022-04-06,168.05645751953125,288.55963134765625,135.2609100341797,158.75599670410156,118.29686737060547,71.93350982666016,160.54330444335938,139.52919006347656,55.35295486450195,48.91502380371094,24.307083129882812,221.18157958984375,211.5831756591797,265.6884460449219,128.53500366210938,44.42762756347656,48.20420837402344,41.24625778198242,178.72000122070312,226.30435180664062
2022-04-07,168.3596649169922,290.361328125,134.6076202392578,157.7845001220703,117.93699645996094,73.13741302490234,160.12924194335938,141.335205078125,55.651214599609375,49.404205322265625,24.10890007019043,220.8349151611328,208.82015991210938,269.43511962890625,127.85629272460938,44.446319580078125,48.434722900390625,43.03279113769531,177.97000122070312,228.91424560546875
2022-04-08,166.35464477539062,286.1221008300781,132.03114318847656,154.4604949951172,120.09620666503906,74.67668914794922,160.44638061523438,142.43846130371094,55.99333953857422,49.678775787353516,23.024354934692383,220.2207794189453,209.6220245361328,276.87518310546875,127.85629272460938,43.941673278808594,48.124412536621094,43.04059600830078,175.1999969482422,226.30435180664062
2022-04-11,162.11001586914062,274.83984375,127.60921478271484,151.1219940185547,119.65533447265625,72.10550689697266,158.43775939941406,141.89572143554688,55.975799560546875,48.694095611572266,21.82727813720703,214.40647888183594,207.4676513671875,272.96826171875,126.67340850830078,43.52113342285156,46.88318634033203,42.073219299316406,175.02999877929688,225.39537048339844
2022-04-12,163.97805786132812,271.7567138671875,126.51067352294922,150.78750610351562,118.34185028076172,73.61038970947266,158.49061584472656,141.4687042236328,56.63370895385742,48.359561920166016,21.415966033935547,212.10845947265625,204.2312469482422,272.58563232421875,126.85763549804688,43.45571517944336,45.943389892578125,41.433502197265625,176.27999877929688,224.24342346191406
2022-04-13,166.65786743164062,277.113525390625,128.6696014404297,155.54100036621094,114.52729034423828,74.65088653564453,159.1602020263672,141.86907958984375,56.7828369140625,49.618812561035156,22.112104415893555,212.95042419433594,206.037841796875,276.26116943359375,128.3217010498047,43.93231964111328,46.235958099365234,41.425697326660156,182.8699951171875,226.18734741210938
2022-04-14,161.66006469726562,269.6081237792969,125.53543853759766,151.7064971923828,113.46566772460938,75.52803802490234,158.49061584472656,141.07723999023438,57.0372314453125,49.574615478515625,21.170974731445312,208.1860809326172,205.57411193847656,271.01031494140625,126.49890899658203,42.6800537109375,45.367095947265625,41.4412956237793,181.94000244140625,225.44935607910156
2022-04-18,161.4449005126953,270.27288818359375,126.47303009033203,152.78500366210938,115.57089233398438,76.14720916748047,156.51718139648438,139.7338104248047,56.5284538269043,49.195892333984375,21.693824768066406,208.77049255371094,205.94126892089844,267.1746826171875,123.88107299804688,43.586551666259766,45.31391525268555,40.442718505859375,179.85000610351562,225.94436645507812
2022-04-19,163.72372436523438,274.8782653808594,128.78353881835938,158.11549377441406,117.96398162841797,75.46783447265625,161.29217529296875,141.82460021972656,57.081092834472656,49.7545166015625,22.107126235961914,215.24839782714844,208.38546752929688,273.9294738769531,127.88536834716797,44.79209518432617,45.95225524902344,39.147674560546875,185.97999572753906,229.8501739501953
2022-04-20,163.55746459960938,275.8996276855469,126.83308410644531,153.9980010986328,118.37783813476562,75.63983917236328,162.00579833984375,145.5968017578125,57.8618278503418,50.37940979003906,21.39405632019043,198.51864624023438,210.404541015625,280.4617614746094,120.77848815917969,44.9603157043457,47.00730514526367,38.81221008300781,183.5500030517578,230.25515747070312
2022-04-21,162.7652587890625,270.5522766113281,123.63800048828125,148.29600524902344,117.46019744873047,74.84008026123047,161.53887939453125,145.48318481445312,58.081138610839844,50.45515060424805,20.10037612915039,186.28582763671875,209.11001586914062,276.2077331542969,117.95706939697266,44.39025115966797,46.79452133178711,38.31291961669922,181.02000427246094,229.7151641845703
2022-04-22,158.23695373535156,264.01995849609375,118.50782012939453,144.35000610351562,114.08642578125,73.20620727539062,159.9354248046875,144.26646423339844,57.238990783691406,49.505191802978516,19.435110092163086,182.36338806152344,201.1107635498047,267.0856628417969,114.67024230957031,43.49309158325195,45.535552978515625,37.54837417602539,176.9199981689453,225.14341735839844
2022-04-25,159.30299377441406,270.46563720703125,121.91390228271484,146.07400512695312,114.05044555664062,70.73818969726562,163.87350463867188,145.4295196533203,57.844295501708984,49.530433654785156,19.820526123046875,185.216064453125,202.8304443359375,271.3841857910156,116.2990951538086,43.97905349731445,46.04977035522461,38.18809127807617,175.91000366210938,227.58229064941406
2022-04-26,153.3565216064453,260.34918212890625,117.53160095214844,139.39100646972656,110.67670440673828,70.76400756835938,162.70175170898438,142.96018981933594,57.063560485839844,49.012855529785156,18.71108627319336,179.2333526611328,194.28053283691406,266.9521179199219,112.246337890625,42.53987121582031,45.127723693847656,38.25050354003906,167.0399932861328,223.7124481201172
2022-04-27,153.13157653808594,272.874267578125,113.21715545654297,138.16700744628906,109.23725128173828,72.78483581542969,160.42881774902344,142.57553100585938,57.51093292236328,48.67831802368164,18.339614868164062,173.29026794433594,206.84934997558594,268.41168212890625,111.703369140625,42.259517669677734,43.71803283691406,38.804405212402344,154.4600067138672,222.41651916503906
2022-04-28,160.04632568359375,279.0502014160156,117.4052963256836,144.59649658203125,110.964599609375,74.98627471923828,161.62696838378906,146.19895935058594,58.0635871887207,49.300052642822266,19.70101547241211,203.77828979492188,213.17723083496094,277.4537658691406,111.78093719482422,43.773460388183594,44.88833999633789,39.405120849609375,154.22000122070312,228.76126098632812
2022-04-29,154.1878662109375,267.3825378417969,113.03390502929688,124.28150177001953,107.3839340209961,73.30939483642578,158.98397827148438,143.6401824951172,56.67756652832031,48.283809661865234,18.471080780029297,198.56817626953125,205.902587890625,267.34368896484375,108.23233032226562,40.736228942871094,43.42546463012695,38.28171157836914,148.83999633789062,224.23443603515625
2022-05-02,154.49105834960938,274.07867431640625,115.48410034179688,124.5,108.36457824707031,74.30693817138672,157.38055419921875,141.69874572753906,55.651214599609375,47.965057373046875,19.45303726196289,209.1270751953125,204.35684204101562,273.1908264160156,110.0454330444336,42.01654052734375,44.205665588378906,37.71221160888672,148.61000061035156,221.966552734375
2022-05-03,155.97764587402344,271.4868469238281,116.22801208496094,124.25350189208984,110.68570709228516,75.8376235961914,157.0721893310547,139.7572784423828,55.33542251586914,48.132328033447266,19.521753311157227,210.01852416992188,201.48756408691406,271.4019775390625,110.09391021728516,42.1099967956543,44.25886154174805,38.453338623046875,153.5800018310547,221.27359008789062
2022-05-04,162.37408447265625,279.38739013671875,121.10857391357422,125.92849731445312,114.34733581542969,78.85598754882812,158.75489807128906,140.78614807128906,57.04601287841797,48.79825210571289,20.250757217407227,221.29055786132812,207.24545288085938,280.61297607421875,112.65355682373047,43.49309158325195,45.73060607910156,38.74199295043945,156.97000122070312,228.8782501220703
2022-05-05,153.3272247314453,267.21875,115.4073257446289,116.40699768066406,111.48641204833984,77.66068267822266,155.7242889404297,138.1916046142578,56.58985137939453,48.38014221191406,18.76685905456543,206.30409240722656,198.28016662597656,266.1956787109375,109.1825180053711,42.00957107543945,43.98400115966797,37.79802703857422,150.47000122070312,224.01844787597656
2022-05-06,154.05198669433594,264.6944580078125,114.65547180175781,114.77249908447266,111.30648803710938,78.8473892211914,155.3806915283203,139.5694122314453,56.7916145324707,47.37287902832031,18.59855079650879,201.83689880371094,195.94223022460938,261.92388916015625,106.93312072753906,41.72700119018555,43.73576354980469,38.25830841064453,148.89999389648438,225.69239807128906
2022-05-09,148.93914794921875,254.91519165039062,111.4504623413086,108.78900146484375,109.63310241699219,72.63006591796875,156.2264404296875,139.22048950195312,56.67756652832031,47.927188873291016,16.880611419677734,194.34860229492188,186.45523071289062,264.34454345703125,103.72386932373047,40.56843185424805,43.40773391723633,37.946250915527344,133.30999755859375,222.7314910888672
2022-05-10,151.33888244628906,259.6554260253906,113.31670379638672,108.85900115966797,106.96111297607422,73.11160278320312,156.01504516601562,138.48683166503906,56.1512336730957,47.25251388549805,17.52297592163086,195.77490234375,187.01556396484375,259.1205139160156,104.4025650024414,41.45384216308594,43.93082809448242,38.609371185302734,132.9499969482422,221.1025848388672
2022-05-11,143.4932403564453,251.03237915039062,112.53168487548828,105.37200164794922,106.28634643554688,74.63371276855469,155.16928100585938,136.53646850585938,56.414405822753906,46.75838851928711,16.561918258666992,186.94944763183594,190.049072265625,251.82281494140625,102.00773620605469,40.34237289428711,43.13288497924805,38.57817459106445,129.38999938964844,219.9776153564453
2022-05-12,139.63414001464844,246.02236938476562,111.78032684326172,106.93049621582031,106.1963882446289,74.97251892089844,156.7021942138672,135.9817657470703,56.58985137939453,46.714046478271484,16.108779907226562,189.42575073242188,187.75022888183594,257.8123474121094,101.13513946533203,40.3517951965332,42.813716888427734,39.632083892822266,123.13999938964844,219.7616424560547
2022-05-13,144.09072875976562,251.58155822753906,114.95659637451172,113.05500030517578,107.14102172851562,77.19649505615234,155.80361938476562,137.44009399414062,57.65128707885742,46.89459228515625,17.633516311645508,196.73573303222656,192.84156799316406,263.4546203613281,104.06322479248047,41.06765365600586,43.93968200683594,39.262428283691406,127.19999694824219,220.52658081054688
2022-05-16,142.55296325683594,251.94773864746094,113.36624908447266,110.81050109863281,106.39431762695312,79.01217651367188,156.88720703125,138.78208923339844,57.8618278503418,46.94526672363281,17.193326950073242,198.1422576904297,191.46710205078125,263.4190673828125,101.9786605834961,40.57786178588867,43.44318389892578,39.85231018066406,124.05000305175781,219.6266326904297
2022-05-17,146.17701721191406,257.0733947753906,115.37512969970703,115.36849975585938,109.92098999023438,80.0199203491211,157.53912353515625,138.38844299316406,57.70391845703125,41.60489273071289,18.10259437561035,200.69778442382812,197.45858764648438,267.8332214355469,105.33334350585938,41.82119369506836,44.86174392700195,40.379268646240234,132.0500030517578,217.45773315429688
2022-05-18,137.9298553466797,245.36886596679688,110.8447265625,107.11250305175781,108.04067993164062,78.75154113769531,154.61427307128906,129.76373291015625,53.68622970581055,38.77949905395508,16.868656158447266,190.41627502441406,193.57716369628906,253.7985382080078,101.12544250488281,39.8902473449707,42.87577438354492,39.639957427978516,125.5199966430664,207.9361572265625
2022-05-19,134.5310516357422,244.46115112304688,109.34352111816406,107.31900024414062,106.43928527832031,79.1772232055664,153.23988342285156,126.77554321289062,52.63356018066406,37.7152214050293,17.05390167236328,189.4752655029297,191.04116821289062,256.0946350097656,100.00074768066406,39.570003509521484,36.98876953125,39.836578369140625,127.13999938964844,206.09120178222656
2022-05-20,134.76611328125,243.90106201171875,107.88143157958984,107.59100341796875,105.56661224365234,79.80271911621094,155.91810607910156,126.85602569580078,53.49324035644531,37.75639724731445,16.625659942626953,191.70388793945312,192.64796447753906,255.58737182617188,99.30265045166016,39.230918884277344,38.07041931152344,41.26802062988281,120.69999694824219,210.5099639892578
2022-05-23,140.17283630371094,251.71371459960938,110.4371109008789,107.55699920654297,112.09819793701172,81.56627655029297,159.10121154785156,129.77273559570312,55.14242172241211,38.83334732055664,16.828826904296875,194.36842346191406,200.90444946289062,254.5550537109375,102.60887908935547,39.560585021972656,38.43392562866211,41.59048843383789,124.06999969482422,214.1908721923828
2022-05-24,137.4792938232422,250.71896362304688,104.97113037109375,104.0999984741211,113.68158721923828,82.00934600830078,160.83905029296875,132.0809783935547,56.160011291503906,39.317970275878906,16.087873458862305,179.5602264404297,196.13250732421875,256.23712158203125,98.4979248046875,39.249752044677734,38.80629348754883,42.00733184814453,119.4000015258789,220.05859375
2022-05-25,137.63597106933594,253.51953125,104.80768585205078,106.7750015258789,114.47330474853516,83.65995025634766,159.26080322265625,129.91587829589844,56.20386505126953,39.07723617553711,16.90550994873047,182.0860137939453,197.3037567138672,261.26531982421875,100.11709594726562,39.74897384643555,39.01020812988281,42.243282318115234,122.05999755859375,219.59963989257812
2022-05-26,140.8290557861328,256.78369140625,106.77645111083984,111.07749938964844,116.45256042480469,83.95530700683594,159.1189422607422,131.0520477294922,56.4056282043457,39.910282135009766,17.777925491333008,189.8120574951172,201.86268615722656,269.4885559082031,102.39556884765625,40.95462417602539,39.887939453125,42.46352005004883,127.7300033569336,223.271484375
2022-05-27,146.56883239746094,263.87200927734375,111.25780487060547,115.14649963378906,118.09896087646484,84.78062438964844,160.5641632080078,133.05615234375,56.738983154296875,40.69582748413086,18.733993530273438,193.2788543701172,206.05386352539062,274.5168151855469,105.99264526367188,41.96247863769531,40.446495056152344,42.40058135986328,132.22999572753906,226.67332458496094
2022-05-31,145.78521728515625,262.54901123046875,112.68966674804688,120.20950317382812,118.96261596679688,83.3993148803711,159.1810302734375,132.30465698242188,55.59857940673828,40.74333953857422,18.595565795898438,191.80294799804688,205.36663818359375,269.43511962890625,107.07855987548828,41.840023040771484,39.941139221191406,41.716331481933594,131.39999389648438,226.9793243408203
2022-06-01,145.6578826904297,263.0801086425781,112.8184585571289,121.68399810791016,116.87541198730469,84.99779510498047,157.56732177734375,130.300537109375,55.32664489746094,39.73606872558594,18.2450008392334,186.85040283203125,203.1984405517578,266.1572570800781,105.86660766601562,41.548030853271484,40.10072326660156,41.18937301635742,130.64999389648438,224.34243774414062
2022-06-02,148.1066131591797,265.16607666015625,116.51378631591797,125.51100158691406,118.75570678710938,84.85013580322266,157.07077026367188,131.7052001953125,55.90560531616211,40.38857650756836,19.51179313659668,196.9734649658203,208.15428161621094,273.9309997558594,107.49547576904297,42.23563766479492,40.59721755981445,41.43318557739258,140.5,225.33238220214844
2022-06-03,142.39622497558594,260.7624206542969,113.46134185791016,122.3499984741211,117.1003189086914,86.08372497558594,156.4235076904297,130.5242156982422,55.23891830444336,39.69489669799805,18.643367767333984,188.97010803222656,205.83120727539062,273.22344970703125,105.3624267578125,40.86985397338867,40.118465423583984,41.84217071533203,139.25,224.75323486328125
2022-06-06,143.14065551757812,259.5360107421875,115.7193603515625,124.79000091552734,116.71344757080078,85.86654663085938,156.40576171875,130.01426696777344,55.15120315551758,39.552364349365234,18.709095001220703,192.4071807861328,206.11190795898438,272.15771484375,104.54800415039062,40.82276153564453,40.18937301635742,41.88936233520508,139.24000549316406,224.4907989501953
2022-06-07,145.6578826904297,263.15740966796875,116.04524993896484,123.0,117.01934814453125,89.80197143554688,158.1259002685547,131.463623046875,55.48453903198242,39.07723617553711,18.848522186279297,193.7938995361328,207.6219024658203,270.259033203125,104.50921630859375,41.0017204284668,40.40217208862305,42.439918518066406,140.82000732421875,225.27809143066406
2022-06-08,144.9232940673828,261.1390380859375,116.0893325805664,121.18000030517578,115.15703582763672,90.86182403564453,157.18603515625,129.82640075683594,55.16873550415039,38.73832321166992,18.575586318969727,194.77450561523438,206.65399169921875,266.46185302734375,104.07290649414062,38.835304260253906,39.82587432861328,42.054534912109375,139.6300048828125,222.2646026611328
2022-06-09,139.71246337890625,255.71170043945312,113.7530517578125,116.1500015258789,112.73694610595703,88.89847564697266,154.02069091796875,127.48233795166016,54.212562561035156,38.332881927490234,17.977916717529297,182.25440979003906,199.5009002685547,268.54852294921875,100.15587615966797,37.68617248535156,39.240726470947266,40.72533416748047,133.72999572753906,219.1425323486328
2022-06-10,134.31556701660156,244.31629943847656,110.11369323730469,109.6500015258789,107.55487060546875,87.27391815185547,152.99215698242188,126.99921417236328,53.870445251464844,38.548274993896484,16.90808868408203,173.9044189453125,193.11257934570312,259.0374755859375,96.37458038330078,36.90437316894531,38.558040618896484,39.3017578125,127.0,214.81689453125
2022-06-13,129.1732940673828,233.95416259765625,105.3896484375,103.66999816894531,104.3520736694336,83.26901245117188,151.4493865966797,123.59943389892578,53.80903244018555,37.822906494140625,15.5862398147583,162.70169067382812,186.09506225585938,253.5923614501953,92.79689025878906,35.57626724243164,38.33639144897461,37.681549072265625,115.86000061035156,215.8032989501953
2022-06-14,130.0352325439453,236.10769653320312,105.70958709716797,102.30999755859375,102.61571502685547,83.48619079589844,149.12635803222656,119.74337768554688,52.33348846435547,37.83876037597656,15.774506568908691,162.1766815185547,187.31463623046875,249.57119750976562,91.35224151611328,35.72697448730469,38.043827056884766,37.689414978027344,122.16000366210938,216.06573486328125
2022-06-15,132.65045166015625,243.1284942626953,108.72986602783203,107.66999816894531,103.83026885986328,82.43500518798828,150.72230529785156,118.55345916748047,52.72225570678711,37.81340789794922,16.46282196044922,167.743408203125,189.87001037597656,250.52047729492188,92.96172332763672,36.4051628112793,38.83287811279297,38.15345001220703,133.72000122070312,216.19241333007812
2022-06-16,127.39065551757812,236.5712432861328,105.03402709960938,103.66000366210938,102.04891967773438,79.3944320678711,150.80215454101562,119.27818298339844,52.19211959838867,38.20618438720703,15.54041862487793,159.34385681152344,182.9879913330078,244.90521240234375,91.4104232788086,35.17124557495117,38.40733337402344,37.343353271484375,133.36000061035156,212.8350372314453
2022-06-17,128.85987854003906,239.1593780517578,106.13356018066406,106.22000122070312,101.6890640258789,74.81613159179688,150.25241088867188,118.41928100585938,52.510196685791016,37.468162536621094,15.818334579467773,162.1866455078125,183.91717529296875,242.46031188964844,91.46858978271484,34.82273483276367,38.46938705444336,36.59617233276367,136.8000030517578,212.10202026367188
2022-06-21,133.08140563964844,245.04054260253906,110.49258422851562,108.68000030517578,104.20812225341797,79.47261810302734,153.40003967285156,122.00691223144531,53.63233184814453,38.697139739990234,16.50166893005371,155.5601043701172,188.15676879882812,241.0900421142578,90.45055389404297,35.53859329223633,39.13433074951172,37.83885192871094,136.75,216.81680297851562
2022-06-22,132.5720977783203,244.45147705078125,110.43661499023438,108.94999694824219,103.62332916259766,76.32774353027344,155.82057189941406,123.91259765625,54.029930114746094,38.22835159301758,16.296472549438477,154.3714599609375,187.6050567626953,240.89303588867188,90.65415954589844,35.20892333984375,38.62897491455078,38.59389877319336,137.16000366210938,219.95700073242188
2022-06-23,135.4321746826172,249.9850311279297,111.18401336669922,112.44000244140625,102.4897689819336,74.02558135986328,159.2962646484375,127.31230926513672,54.6749382019043,39.15643310546875,16.161996841430664,157.2439727783203,190.33456420898438,246.66058349609375,91.4298095703125,35.2371826171875,38.06155014038086,39.39613342285156,133.97000122070312,220.4275665283203
2022-06-24,138.7526092529297,258.5219421386719,116.86295318603516,116.45999908447266,105.54863739013672,75.49375915527344,161.62814331054688,129.14642333984375,55.69987106323242,39.18810272216797,17.059497833251953,168.5457305908203,198.920166015625,253.44900512695312,94.80388641357422,36.36748123168945,39.0988655090332,40.57590103149414,141.52999877929688,224.33694458007812
2022-06-27,138.7526092529297,255.80841064453125,114.74166107177734,113.22000122070312,104.70293426513672,77.34419250488281,161.47740173339844,128.1622772216797,55.584999084472656,39.31480026245117,16.803495407104492,167.882080078125,197.03269958496094,253.1715087890625,93.66950225830078,36.386322021484375,38.80629348754883,40.803985595703125,138.72000122070312,223.54966735839844
2022-06-28,134.6192169189453,247.6866455078125,110.95171356201172,107.4000015258789,104.19912719726562,79.489990234375,156.88458251953125,126.07768249511719,55.02836227416992,38.760494232177734,15.919939041137695,159.15565490722656,191.7671356201172,241.94082641601562,93.00050354003906,35.58568572998047,38.176815032958984,39.84444808959961,138.6999969482422,219.74888610839844
2022-06-29,136.3724822998047,251.33705139160156,110.64860534667969,108.91999816894531,103.73129272460938,76.5536117553711,156.92892456054688,127.22286224365234,55.42596435546875,38.617958068847656,15.481646537780762,162.38475036621094,193.10289001464844,245.2723846435547,92.73871612548828,35.1241455078125,38.0172233581543,40.064666748046875,138.4499969482422,224.19215393066406
2022-06-30,133.91397094726562,248.02462768554688,107.93592071533203,106.20999908447266,101.31119537353516,74.39913940429688,157.38998413085938,128.64544677734375,55.584999084472656,38.51026153564453,15.10013484954834,159.7202606201172,190.57659912109375,245.6306610107422,91.52677154541016,35.2371826171875,37.80443572998047,41.2365608215332,136.72000122070312,223.41387939453125
2022-07-01,136.07859802246094,250.68032836914062,107.71255493164062,109.55999755859375,102.60672760009766,76.05844116210938,159.1721649169922,130.7210693359375,56.88384246826172,38.84284973144531,14.46660327911377,158.51182556152344,192.79315185546875,249.9383544921875,93.21379852294922,34.22932434082031,37.76897430419922,41.142181396484375,139.83999633789062,228.91600036621094
2022-07-05,138.65463256835938,253.83824157714844,112.19538116455078,113.5,102.2164535522461,73.67808532714844,157.94854736328125,129.45953369140625,55.91191482543945,39.355987548828125,14.905892372131348,166.5944061279297,194.1095428466797,254.1028289794922,94.2221450805664,34.55899429321289,37.53639602661133,40.61521911621094,137.6999969482422,228.30970764160156
2022-07-06,139.98670959472656,257.0829772949219,113.4920425415039,114.33000183105469,101.55389404296875,72.34891510009766,158.09042358398438,130.6673583984375,56.026790618896484,39.63471603393555,15.071248054504395,168.15940856933594,194.6709442138672,253.96852111816406,93.15563201904297,34.841575622558594,38.18942642211914,41.48823928833008,136.30999755859375,227.55859375
2022-07-07,143.34634399414062,259.1979064941406,117.66333770751953,116.33000183105469,104.12245178222656,74.6597671508789,158.2677459716797,130.6226348876953,55.584999084472656,39.69489669799805,15.79642105102539,170.5564727783203,196.29708862304688,256.75372314453125,94.46454620361328,35.924774169921875,38.66355514526367,42.01519775390625,139.97000122070312,228.89788818359375
2022-07-08,144.02218627929688,258.4833679199219,118.22846984863281,115.54000091552734,103.79571533203125,74.78138732910156,158.0727081298828,129.745849609375,55.78822708129883,39.72023391723633,15.776498794555664,169.25888061523438,197.04241943359375,256.5567932128906,92.94232940673828,35.78349685668945,38.81563186645508,41.81857681274414,139.07000732421875,229.16940307617188
2022-07-11,141.89671325683594,255.44129943847656,114.58612823486328,111.75,102.43428039550781,74.39913940429688,158.13473510742188,130.6584014892578,55.611515045166016,39.73606872558594,15.093162536621094,161.3347930908203,198.48463439941406,256.485107421875,90.7898941040039,35.03937530517578,38.69038772583008,41.59835433959961,136.99000549316406,229.20556640625
2022-07-12,142.8664093017578,244.9729461669922,112.94576263427734,109.22000122070312,102.53411865234375,73.40877532958984,155.91812133789062,129.50428771972656,55.372955322265625,39.61572265625,15.023433685302734,161.7210693359375,198.25233459472656,255.34771728515625,90.75111389160156,35.04879379272461,38.34150314331055,40.929832458496094,147.14999389648438,227.57666015625
2022-07-13,142.50399780273438,244.05557250976562,110.30387878417969,110.4000015258789,101.5720443725586,73.70413970947266,155.5546112060547,130.35421752929688,55.11671829223633,39.71073532104492,15.105117797851562,161.93902587890625,197.60377502441406,257.1925354003906,90.11119842529297,35.04879379272461,38.19837188720703,40.73320007324219,143.9499969482422,228.65354919433594
2022-07-14,145.42282104492188,245.36886596679688,109.3271713256836,110.62999725341797,98.0232162475586,72.22728729248047,155.76736450195312,129.96954345703125,54.940006256103516,40.48677062988281,15.312304496765137,156.5506134033203,199.307373046875,259.2524108886719,89.04467010498047,35.51974868774414,37.86738204956055,40.41859436035156,147.14999389648438,228.59022521972656
2022-07-15,147.08790588378906,247.9184112548828,110.72388458251953,113.55000305175781,102.51596069335938,73.44351959228516,158.02838134765625,129.7906036376953,55.222740173339844,40.88269805908203,15.70079231262207,163.1374969482422,203.30491638183594,261.87646484375,92.30240631103516,36.37690353393555,38.52936553955078,40.70173645019531,147.74000549316406,230.7711181640625
2022-07-18,144.0515594482422,245.53306579589844,108.00228881835938,113.76000213623047,101.463134765625,74.79875183105469,154.4817352294922,128.2159881591797,54.471717834472656,40.78767776489258,16.038480758666992,165.6435089111328,200.56564331054688,262.4496154785156,92.78718566894531,36.46167755126953,38.10891342163086,39.91522979736328,147.72000122070312,228.42730712890625
2022-07-19,147.90089416503906,250.632080078125,112.73722076416016,118.20999908447266,103.97723388671875,76.68392944335938,152.22964477539062,128.86904907226562,55.2492561340332,41.037906646728516,16.9260196685791,174.11241149902344,206.808837890625,268.5216064453125,96.57819366455078,37.883975982666016,39.388160705566406,40.402862548828125,156.1300048828125,232.11949157714844
2022-07-20,149.89901733398438,253.2781524658203,112.8263931274414,122.7699966430664,103.9590835571289,77.52661895751953,151.3607177734375,126.641357421875,54.33917999267578,41.3799934387207,17.73784828186035,181.35304260253906,206.52813720703125,270.7337646484375,100.20433807373047,38.2042236328125,39.47761535644531,39.97028732299805,158.3800048828125,230.3820343017578
2022-07-21,152.16162109375,255.76004028320312,113.26223754882812,124.62999725341797,104.6670150756836,76.23219299316406,151.89266967773438,126.7610855102539,54.21548080444336,41.984981536865234,17.979909896850586,181.43231201171875,209.2577362060547,273.15185546875,101.00909423828125,38.25131607055664,39.88017272949219,40.20623779296875,161.41000366210938,229.37754821777344
2022-07-22,150.92747497558594,251.43359375,106.88292694091797,122.41999816894531,104.15876007080078,75.65013885498047,152.6108856201172,128.78721618652344,54.41870880126953,41.87729263305664,17.25174903869629,167.66415405273438,206.84754943847656,274.5757751464844,99.59354400634766,36.92321014404297,39.772823333740234,40.292755126953125,158.16000366210938,229.8480987548828
2022-07-25,149.81089782714844,249.95602416992188,106.49661254882812,121.13999938964844,104.57625579833984,78.16948699951172,152.912353515625,129.66065979003906,54.94883346557617,41.817115783691406,16.9578914642334,165.06903076171875,207.3992919921875,274.1816711425781,99.56444549560547,36.885536193847656,39.66547775268555,40.717464447021484,156.63999938964844,226.5812225341797
2022-07-26,148.48858642578125,243.26364135742188,104.03006744384766,114.80999755859375,102.94253540039062,77.86544036865234,153.9940643310547,129.9127960205078,55.85007095336914,38.636959075927734,16.46879768371582,157.64016723632812,205.6763916015625,267.0439453125,96.74300384521484,36.697147369384766,39.20924758911133,41.13431167602539,155.9199981689453,232.65342712402344
2022-07-27,153.57203674316406,259.5262756347656,111.99430084228516,120.97000122070312,104.59442138671875,79.55078125,153.56846618652344,131.1464385986328,55.67335891723633,40.097171783447266,17.720916748046875,167.97122192382812,203.7211456298828,267.6977233886719,100.34979248046875,37.84628677368164,39.93385314941406,40.859039306640625,156.08999633789062,234.2823486328125
2022-07-28,154.12057495117188,266.933349609375,113.14336395263672,122.27999877929688,104.20414733886719,80.48033142089844,154.45513916015625,133.3256378173828,56.60109329223633,41.09809875488281,17.914167404174805,159.19528198242188,204.5729522705078,268.34259033203125,101.70716857910156,37.40359115600586,40.81053161621094,40.201168060302734,159.08999633789062,238.41795349121094
2022-07-29,159.17466735839844,271.1148681640625,115.22357177734375,134.9499969482422,104.70333862304688,84.2072525024414,154.73886108398438,125.08623504638672,56.69829177856445,41.82661819458008,18.092470169067383,157.5906524658203,205.30853271484375,269.5157470703125,102.87065124511719,34.201072692871094,40.586883544921875,40.03471755981445,159.30999755859375,238.33651733398438
2022-08-01,158.1951904296875,268.478515625,113.7773208618164,135.38999938964844,103.6595687866211,82.07884216308594,154.1980438232422,128.6791229248047,57.007537841796875,41.9818229675293,18.369388580322266,158.41278076171875,204.58258056640625,273.88616943359375,102.98700714111328,34.81331253051758,40.506385803222656,40.113990783691406,169.07000732421875,239.11476135253906
2022-08-02,156.7259979248047,265.39788818359375,114.04478454589844,134.16000366210938,102.04399108886719,81.72264862060547,153.3202362060547,127.82366180419922,56.22999954223633,42.02616500854492,18.454057693481445,158.67031860351562,199.6461181640625,269.3097839355469,101.52296447753906,33.918479919433594,40.184326171875,39.384788513183594,163.27999877929688,236.23699951171875
2022-08-03,162.7203826904297,272.78564453125,116.96698760986328,139.52000427246094,103.11499786376953,79.07298278808594,154.80093383789062,130.46209716796875,56.47739791870117,41.33565902709961,18.81963348388672,167.19863891601562,201.79493713378906,274.3786926269531,105.70177459716797,34.398868560791016,40.89104461669922,39.519527435302734,166.63999938964844,237.17820739746094
2022-08-04,162.4069366455078,273.9251708984375,117.0759506225586,142.57000732421875,101.98047637939453,75.74571228027344,152.3182830810547,130.25497436523438,56.256507873535156,39.77408981323242,19.140384674072266,168.9518280029297,206.6249542236328,275.09521484375,104.82916259765625,33.927913665771484,40.59583282470703,39.519527435302734,166.5,235.8660125732422
2022-08-05,162.1813507080078,273.21051025390625,116.36271667480469,140.8000030517578,105.06639099121094,76.84031677246094,151.7153778076172,130.31797790527344,56.000274658203125,40.093997955322266,18.915260314941406,165.52462768554688,208.94798278808594,277.3520812988281,103.38451385498047,33.67102813720703,40.26483154296875,39.05188751220703,165.0399932861328,234.59007263183594
2022-08-08,161.71054077148438,270.7093200683594,116.19434356689453,139.41000366210938,103.78663635253906,77.2746810913086,150.9085235595703,130.81329345703125,55.63801956176758,40.420257568359375,17.72390365600586,168.6348876953125,206.47975158691406,279.39398193359375,105.7890396118164,33.66151428222656,40.27378845214844,39.289676666259766,165.88999938964844,232.39097595214844
2022-08-09,161.75958251953125,272.62139892578125,115.5306396484375,137.8300018310547,104.72147369384766,78.69941711425781,150.8907928466797,130.5071258544922,55.70870590209961,40.819358825683594,17.019651412963867,166.93116760253906,203.51788330078125,273.33984375,104.83885955810547,32.843284606933594,40.184326171875,39.456119537353516,164.85000610351562,235.3411407470703
2022-08-10,165.99679565429688,279.2462463378906,118.57170104980469,142.69000244140625,107.45342254638672,79.44654083251953,151.32525634765625,131.74078369140625,56.23884582519531,40.904869079589844,18.026723861694336,176.6481170654297,205.29884338378906,279.0447082519531,109.00799560546875,33.652000427246094,41.168365478515625,39.590858459472656,169.02000427246094,236.51756286621094
2022-08-11,165.26116943359375,277.1795654296875,117.71981811523438,140.63999938964844,109.04176330566406,81.74476623535156,148.1953582763672,130.80429077148438,55.858909606933594,41.29935836791992,17.872329711914062,175.80616760253906,204.67347717285156,278.2476501464844,114.10789489746094,33.86131286621094,41.061012268066406,38.27512741088867,167.8800048828125,234.63531494140625
2022-08-12,168.80197143554688,281.9019470214844,120.5330581665039,143.5500030517578,110.84794616699219,82.45527648925781,146.5639190673828,132.07394409179688,56.283023834228516,42.0628662109375,18.6363468170166,178.78762817382812,204.9158477783203,282.0091552734375,117.86978912353516,34.35605239868164,41.6961669921875,39.71767807006836,169.99000549316406,237.25965881347656
2022-08-15,169.87109375,283.4084777832031,120.92928314208984,143.17999267578125,111.14745330810547,80.98160552978516,147.2643585205078,133.77586364746094,56.989871978759766,42.183753967285156,18.95809555053711,179.17391967773438,209.85133361816406,281.7582702636719,120.47792053222656,34.574886322021484,41.67827224731445,39.43234634399414,170.47000122070312,240.2097625732422
2022-08-16,169.71417236328125,282.67449951171875,120.5528564453125,144.77999877929688,112.2093734741211,80.22721862792969,148.57664489746094,135.009521484375,57.458168029785156,44.33748245239258,18.80569076538086,177.76739501953125,210.5495147705078,293.1949157714844,121.15660858154297,34.43217468261719,41.839298248291016,39.519527435302734,172.0800018310547,240.97898864746094
2022-08-17,171.20504760742188,281.92926025390625,118.4231185913086,142.10000610351562,111.26542663574219,80.87635040283203,148.58547973632812,134.38818359375,57.32562255859375,44.38518524169922,18.26380157470703,173.19122314453125,208.00901794433594,291.7440185546875,119.0720443725586,34.04208755493164,41.74088668823242,39.05188751220703,167.1999969482422,241.45858764648438
2022-08-18,170.81268310546875,280.8164367675781,119.03728485107422,142.3000030517578,110.40321350097656,82.7885971069336,147.8673095703125,134.86544799804688,57.62603759765625,44.242034912109375,18.700103759765625,173.0030517578125,208.7168731689453,291.2514953613281,118.93630981445312,34.44168472290039,44.165191650390625,38.5049934387207,168.69000244140625,241.2414093017578
2022-08-19,168.233154296875,276.9259948730469,116.10517883300781,138.22999572753906,107.6712417602539,82.52545166015625,150.11940002441406,134.82943725585938,57.58186340332031,43.58987808227539,17.77968978881836,166.36660766601562,206.3606414794922,287.7676696777344,116.48332214355469,33.66151428222656,43.56582260131836,38.95677947998047,162.9199981689453,241.2052001953125
2022-08-22,164.3588104248047,268.7967224121094,113.1631851196289,133.22000122070312,105.8923110961914,82.46405792236328,149.59275817871094,134.46923828125,56.72480010986328,42.810462951660156,16.967857360839844,161.503173828125,202.2783966064453,279.60894775390625,112.4111557006836,32.19630813598633,42.68020248413086,38.75862121582031,158.97999572753906,237.9564208984375
2022-08-23,164.02532958984375,267.5289611816406,112.78675079345703,133.6199951171875,104.84855651855469,85.96402740478516,148.28956604003906,131.87582397460938,56.786651611328125,42.62913513183594,17.114282608032227,159.5815887451172,200.52333068847656,274.8533935546875,111.36402130126953,32.30097579956055,42.41182327270508,38.053199768066406,160.07000732421875,235.77554321289062
2022-08-24,164.3195343017578,266.89996337890625,112.61835479736328,133.8000030517578,105.10267639160156,86.4728012084961,147.79861450195312,131.3085479736328,56.866172790527344,42.93771743774414,17.155126571655273,161.71116638183594,200.3972930908203,275.93701171875,112.86685180664062,32.21534729003906,42.10767364501953,37.59347915649414,163.60000610351562,236.0651092529297
2022-08-25,166.77169799804688,269.8612365722656,115.55044555664062,137.27999877929688,107.59864807128906,86.92015075683594,149.18215942382812,131.2004852294922,57.14008331298828,43.224029541015625,17.84343910217285,167.17884826660156,203.4517059326172,277.4326477050781,113.88489532470703,33.1953125,42.28658676147461,37.96602249145508,169.3800048828125,237.60350036621094
2022-08-26,160.48448181152344,259.4481506347656,109.29994201660156,130.75,104.07707214355469,85.8499755859375,146.6293182373047,128.1298065185547,55.76171875,41.865631103515625,16.19685935974121,160.2452392578125,196.73199462890625,266.9722900390625,110.59808349609375,31.739627838134766,41.05207443237305,37.109989166259766,164.52999877929688,232.52674865722656
2022-08-29,158.28744506835938,256.6803283691406,108.38860321044922,129.7899932861328,103.82295227050781,87.82363891601562,145.49566650390625,127.58954620361328,55.42596435546875,42.2728271484375,15.739641189575195,157.6599884033203,196.18899536132812,265.3782043457031,110.07450866699219,31.340028762817383,40.89104461669922,36.642356872558594,165.4199981689453,231.359375
2022-08-30,155.86476135253906,254.4932098388672,107.91313171386719,128.72999572753906,103.8410873413086,84.48157501220703,144.9868927001953,126.22982025146484,54.913490295410156,42.145572662353516,15.40793514251709,155.66903686523438,195.2678680419922,262.4944152832031,109.00799560546875,30.69305992126465,40.4705924987793,36.341163635253906,162.2100067138672,229.39561462402344
2022-08-31,154.2071533203125,253.04150390625,107.19991302490234,126.7699966430664,103.22390747070312,83.85001373291016,144.01394653320312,124.21271514892578,54.52472686767578,42.1678352355957,15.035386085510254,161.38430786132812,192.67889404296875,259.988525390625,108.66864776611328,30.36957359313965,40.00541305541992,35.84974670410156,160.25,229.55029296875
2022-09-01,154.93296813964844,252.00604248046875,108.70558166503906,127.81999969482422,103.93185424804688,82.34125518798828,147.5843963623047,125.7435302734375,54.78096389770508,42.781829833984375,13.882880210876465,163.791259765625,194.05580139160156,264.4505310058594,109.10493469238281,30.217342376708984,40.515323638916016,36.95940017700195,153.66000366210938,233.36279296875
2022-09-02,152.82415771484375,247.80592346191406,106.83341217041016,127.51000213623047,103.20578002929688,83.85001373291016,145.2635955810547,123.51038360595703,54.029930114746094,42.31100082397461,13.594005584716797,158.79908752441406,191.7577362060547,263.1253967285156,107.81541442871094,29.703575134277344,39.88911819458008,36.222267150878906,151.82000732421875,231.57936096191406
2022-09-06,151.5686798095703,245.08648681640625,105.80320739746094,126.11000061035156,103.23300170898438,83.28860473632812,145.65635681152344,122.13260650634766,54.05644607543945,42.10103988647461,13.412712097167969,157.0359649658203,192.61099243164062,260.998046875,106.73920440673828,28.885347366333008,39.78177261352539,36.26982879638672,152.38999938964844,231.47019958496094
2022-09-07,152.97129821777344,249.77047729492188,108.41830444335938,129.47999572753906,105.19344329833984,82.57807922363281,146.45079040527344,123.97859954833984,55.054866790771484,43.18267822265625,13.664804458618164,158.86839294433594,194.33700561523438,268.1463317871094,109.26007843017578,29.16126251220703,40.27378845214844,36.56309509277344,155.9499969482422,235.1370849609375
2022-09-08,151.5000457763672,250.1866455078125,107.3583984375,129.82000732421875,107.64402770996094,83.2535171508789,147.62905883789062,124.14066314697266,54.886993408203125,43.402183532714844,13.939814567565918,160.5225830078125,194.6182098388672,270.3368225097656,108.9110336303711,29.25640106201172,40.586883544921875,37.316070556640625,157.7899932861328,236.64755249023438
2022-09-09,154.3542938232422,255.9351043701172,109.60701751708984,133.27000427246094,108.16136169433594,84.64823913574219,147.9146270751953,126.0317153930664,55.06370162963867,43.53261184692383,14.335391998291016,167.54527282714844,198.971923828125,270.2195739746094,111.6742935180664,29.931917190551758,40.94472122192383,37.91844940185547,157.52000427246094,236.13800048828125
2022-09-12,160.298095703125,258.0545349121094,109.8150405883789,136.4499969482422,109.44113159179688,85.62191009521484,147.8521728515625,127.0582504272461,55.222740173339844,43.923912048339844,14.452967643737793,167.3571014404297,200.3585205078125,268.20941162109375,112.84745788574219,30.02705955505371,41.50830841064453,37.85505294799805,158.72000122070312,236.91139221191406
2022-09-13,150.89190673828125,243.8671112060547,103.33667755126953,126.81999969482422,105.63818359375,83.62193298339844,144.00503540039062,124.4288330078125,53.42911148071289,43.01724624633789,13.083895683288574,151.67730712890625,193.6097412109375,250.53250122070312,108.3583755493164,27.867321014404297,39.45972442626953,36.610652923583984,147.30999755859375,231.4156036376953
2022-09-14,152.333740234375,244.08969116210938,104.01026916503906,128.5500030517578,105.39313507080078,85.67454528808594,146.97740173339844,124.72603607177734,53.71184539794922,42.921817779541016,13.08090877532959,150.0330352783203,193.35765075683594,249.09927368164062,109.07585906982422,27.762664794921875,39.32553482055664,36.578941345214844,149.25999450683594,232.68035888671875
2022-09-15,149.4500732421875,237.47018432617188,101.9399642944336,126.27999877929688,106.9814682006836,83.183349609375,147.352294921875,123.76246643066406,52.9820442199707,42.46052551269531,12.882620811462402,148.1312713623047,189.44027709960938,244.77247619628906,107.39849853515625,27.439178466796875,38.72617721557617,36.412498474121094,149.77999877929688,230.63311767578125
2022-09-16,147.81210327148438,236.85084533691406,101.83099365234375,123.52999877929688,106.2644271850586,81.76229858398438,149.6016845703125,124.51889038085938,52.990943908691406,42.37144470214844,13.150656700134277,144.90216064453125,187.43309020996094,248.76571655273438,104.95521545410156,27.819747924804688,38.73511505126953,36.48383712768555,144.2899932861328,231.943359375
2022-09-19,151.51963806152344,236.63790893554688,102.09847259521484,124.66000366210938,107.24468231201172,81.7535171508789,148.4234619140625,124.25774383544922,53.39145278930664,42.73412322998047,13.33399486541748,146.6157684326172,187.2682647705078,252.777099609375,105.84720611572266,28.010034561157227,38.73511505126953,36.01619338989258,144.8800048828125,233.85414123535156
2022-09-20,153.89328002929688,234.63462829589844,100.18666076660156,122.19000244140625,105.1299057006836,81.08686828613281,147.2541046142578,123.81652069091797,53.31134796142578,42.48596954345703,13.128735542297363,144.70407104492188,186.2404022216797,247.14320373535156,104.29590606689453,27.553346633911133,38.09102249145508,35.485145568847656,145.94000244140625,232.38919067382812
2022-09-21,150.77423095703125,231.24749755859375,98.34417724609375,118.54000091552734,102.09845733642578,79.77987670898438,145.74560546875,122.22264862060547,52.86634826660156,42.874088287353516,13.21342945098877,140.77171325683594,181.34368896484375,244.79946899414062,101.30966186523438,27.087146759033203,37.20539093017578,34.81142807006836,143.2899932861328,228.45843505859375
2022-09-22,149.81301879882812,233.2119903564453,99.19608306884766,117.30999755859375,100.93669128417969,79.4465560913086,148.3341827392578,122.6548843383789,52.74174118041992,42.43507385253906,12.515939712524414,141.465087890625,180.1510009765625,242.60903930664062,99.05057525634766,26.706579208374023,36.811790466308594,35.32662582397461,138.7100067138672,225.60130310058594
2022-09-23,147.54727172851562,230.2506866455078,97.80928039550781,113.77999877929688,99.05790710449219,75.21851348876953,148.81622314453125,122.08757019042969,52.15433120727539,41.37571716308594,12.471101760864258,139.0779266357422,178.3765869140625,244.23159790039062,96.47154235839844,26.18329429626465,36.37344741821289,34.9382438659668,131.25999450683594,223.79061889648438
2022-09-26,147.88076782226562,229.79580688476562,97.24464416503906,115.1500015258789,96.92501068115234,73.66590881347656,147.9057159423828,122.20465087890625,51.504634857177734,41.77336502075195,12.184135437011719,135.07626342773438,175.10887145996094,240.30140686035156,95.13353729248047,25.660005569458008,36.3018798828125,34.740089416503906,127.33999633789062,221.79791259765625
2022-09-27,148.85174560546875,228.78932189941406,96.58096313476562,114.41000366210938,96.07183837890625,75.20973205566406,147.22735595703125,118.84587097167969,50.178524017333984,41.658843994140625,12.3684720993042,133.12493896484375,172.471435546875,242.2034149169922,92.93262481689453,25.583892822265625,36.24820327758789,34.94617462158203,127.51000213623047,215.37400817871094
2022-09-28,146.96856689453125,233.29913330078125,99.10693359375,118.01000213623047,98.01414489746094,77.94654846191406,148.49484252929688,118.84587097167969,50.71253204345703,42.34599685668945,12.690314292907715,140.2665557861328,173.74163818359375,254.37257385253906,96.37458038330078,25.81223487854004,36.981754302978516,35.215660095214844,133.44000244140625,215.5924072265625
2022-09-29,139.7496337890625,229.8441925048828,96.5017318725586,114.80000305175781,96.35320281982422,77.78865051269531,146.8613739013672,115.89226531982422,50.34762954711914,42.072410583496094,12.176164627075195,135.11590576171875,174.5949249267578,250.89308166503906,94.48393249511719,25.098663330078125,36.29292678833008,35.001651763916016,125.33000183105469,213.28126525878906
2022-09-30,135.55162048339844,225.3924560546875,94.7484130859375,113.0,94.8465576171875,76.58692169189453,145.81698608398438,113.68608093261719,49.858123779296875,41.26117706298828,12.095454216003418,134.39283752441406,172.25808715820312,248.7387237548828,91.45890045166016,24.518295288085938,35.783023834228516,34.68459701538086,121.08000183105469,209.9510040283203
2022-10-03,139.72023010253906,232.97976684570312,97.7102279663086,115.87999725341797,97.7781753540039,80.63072967529297,145.67417907714844,115.7211685180664,50.418827056884766,42.16147994995117,12.467117309570312,137.29501342773438,176.13670349121094,255.73374938964844,94.17366027832031,25.660005569458008,36.93702697753906,34.985801696777344,126.05000305175781,214.1365509033203
2022-10-04,143.30023193359375,240.85736083984375,100.68193054199219,121.08999633789062,102.35259246826172,83.56929779052734,147.83428955078125,117.15293884277344,50.53453063964844,42.70866012573242,13.119768142700195,138.94918823242188,180.0152587890625,261.0161437988281,98.35248565673828,26.35454750061035,37.75864791870117,35.23944091796875,133.50999450683594,217.0118408203125
2022-10-05,143.59446716308594,241.1670379638672,100.47392272949219,120.94999694824219,101.0888671875,86.94644927978516,147.3790740966797,116.3425064086914,50.053924560546875,42.28555679321289,13.161617279052734,137.66152954101562,181.97393798828125,261.2774658203125,97.73196411132812,26.29746437072754,37.912132263183594,34.969947814941406,132.11000061035156,217.5486602783203
2022-10-06,142.64303588867188,238.83470153808594,100.4640121459961,120.30000305175781,99.02843475341797,89.52538299560547,144.5227508544922,113.89318084716797,48.977012634277344,41.89107894897461,13.08289909362793,137.7506866455078,179.9571075439453,261.7642517089844,96.99510192871094,25.859806060791016,37.487789154052734,34.15355682373047,132.1999969482422,213.59970092773438
2022-10-07,137.4053955078125,226.68930053710938,97.7498550415039,114.55999755859375,97.05044555664062,88.62188720703125,142.99636840820312,111.90311431884766,48.514217376708984,40.89850997924805,12.032679557800293,132.18397521972656,178.25051879882812,256.2925720214844,94.2027587890625,24.470722198486328,36.35917663574219,33.543243408203125,129.7899932861328,212.1802520751953
2022-10-10,137.7290802001953,221.8601531982422,96.93756103515625,113.66999816894531,96.14384460449219,86.70085144042969,143.18380737304688,111.44387817382812,48.407413482666016,41.140289306640625,11.628138542175293,132.52072143554688,176.65060424804688,254.615966796875,92.26363372802734,23.975980758666992,36.01607131958008,33.091461181640625,131.89999389648438,213.7816619873047
2022-10-11,136.31668090820312,218.14395141601562,96.26397705078125,112.20999908447266,93.3691635131836,85.96402740478516,145.25469970703125,111.86710357666016,48.487510681152344,42.206024169921875,11.544438362121582,127.32057189941406,173.70285034179688,255.00355529785156,90.26632690429688,23.823749542236328,35.736183166503906,33.22620391845703,131.57000732421875,215.69244384765625
2022-10-12,135.68894958496094,218.4729766845703,96.64039611816406,112.9000015258789,94.88014221191406,86.34120178222656,145.21896362304688,112.04719543457031,49.074920654296875,41.72882080078125,11.458746910095215,126.2904281616211,172.83016967773438,252.86721801757812,90.56689453125,24.099666595458984,35.456295013427734,33.313385009765625,130.4199981689453,215.70155334472656
2022-10-13,140.24984741210938,226.68930053710938,98.12625885009766,112.52999877929688,100.15483093261719,89.35871124267578,147.41481018066406,113.74009704589844,49.72462844848633,42.08195114135742,11.917097091674805,129.053955078125,179.05532836914062,254.94949340820312,93.6985855102539,25.13671875,36.66615676879883,34.066368103027344,132.39999389648438,224.51853942871094
2022-10-14,135.72816467285156,221.1923828125,95.64981842041016,106.9000015258789,101.82145690917969,87.00788116455078,146.79888916015625,112.63249969482422,48.93251419067383,41.4934196472168,11.186726570129395,125.55744934082031,177.07720947265625,249.1803741455078,91.57524108886719,24.651491165161133,36.29597473144531,33.97126007080078,133.14999389648438,221.25196838378906
2022-10-17,139.6809539794922,229.87319946289062,99.02767181396484,113.79000091552734,106.09799194335938,88.26225280761719,148.70016479492188,114.6676025390625,49.564422607421875,41.79246520996094,11.845353126525879,132.7683563232422,179.62745666503906,253.5342559814453,94.36758422851562,25.13671875,37.289146423339844,34.5974235534668,136.08999633789062,224.27284240722656
2022-10-18,140.99525451660156,230.81198120117188,99.82014465332031,116.36000061035156,108.82689666748047,88.42012786865234,148.1824188232422,115.59510040283203,50.231929779052734,42.67367172241211,11.924073219299316,131.5401611328125,181.4891357421875,256.9596862792969,95.48258972167969,24.613435745239258,37.7315559387207,34.94617462158203,137.33999633789062,226.73870849609375
2022-10-19,141.10317993164062,228.8570556640625,98.69087982177734,115.06999969482422,106.69319915771484,91.04292297363281,147.00418090820312,116.66665649414062,49.804725646972656,42.55278778076172,12.007771492004395,131.96604919433594,180.75225830078125,248.3330535888672,95.97705841064453,24.737119674682617,37.81282424926758,34.16941833496094,138.38999938964844,228.1581573486328
2022-10-20,140.64215087890625,228.5377197265625,99.02767181396484,115.25,106.34522247314453,91.16572570800781,147.3790740966797,115.1639633178711,49.02151870727539,42.65776062011719,12.150256156921387,130.2821807861328,181.53762817382812,242.89747619628906,95.5892333984375,24.813236236572266,37.659332275390625,34.01089096069336,139.1300048828125,227.26646423339844
2022-10-21,144.4477996826172,234.3152618408203,100.17674255371094,119.31999969482422,111.93126678466797,92.85868072509766,150.5924835205078,116.60592651367188,49.804725646972656,43.5198860168457,12.421284675598145,128.77662658691406,184.592041015625,248.36911010742188,98.93421936035156,25.660005569458008,38.64347839355469,35.62781524658203,141.32000732421875,231.6157989501953
2022-10-24,146.58604431152344,239.2799072265625,101.55364990234375,119.81999969482422,112.06863403320312,93.50779724121094,152.61868286132812,117.32233428955078,51.23763656616211,44.3502082824707,12.553804397583008,128.48934936523438,184.9217071533203,255.33709716796875,98.62396240234375,25.859806060791016,39.31160354614258,36.095455169677734,142.0500030517578,232.31640625
2022-10-25,149.42068481445312,242.57998657226562,103.49516296386719,120.5999984741211,112.36164855957031,92.87623596191406,152.37770080566406,118.67359161376953,52.46583938598633,44.5601692199707,13.21342945098877,136.20542907714844,188.48031616210938,261.6470947265625,101.18360900878906,26.07863426208496,40.051971435546875,36.13508605957031,146.64999389648438,232.68946838378906
2022-10-26,146.48797607421875,223.8634033203125,94.03519439697266,115.66000366210938,113.65286254882812,93.98148345947266,153.71664428710938,119.5079116821289,52.857452392578125,44.90055847167969,12.849740028381348,128.58843994140625,197.15869140625,261.5479431152344,101.44539642333984,25.888349533081055,40.07003402709961,36.50761413574219,133.7899932861328,233.49014282226562
2022-10-27,142.02516174316406,219.4407196044922,91.3507308959961,110.95999908447266,114.10157775878906,94.34112548828125,153.80592346191406,119.59860229492188,52.9820442199707,44.77013397216797,13.128735542297363,97.01085662841797,198.08950805664062,262.36822509765625,101.26118469238281,24.994007110595703,40.10615158081055,36.25398254394531,139.75999450683594,241.224365234375
2022-10-28,152.75550842285156,228.26670837402344,95.38236236572266,103.41000366210938,115.4568862915039,97.10426330566406,156.0909881591797,122.62755584716797,54.07674789428711,45.33639144897461,13.78437328338623,98.25889587402344,202.9862518310547,269.2099914550781,102.72521209716797,27.658000946044922,41.207664489746094,37.59347915649414,143.83999633789062,249.7865447998047
2022-10-31,150.4014892578125,224.6473388671875,93.61914825439453,102.44000244140625,115.27372741699219,97.20075225830078,155.2876739501953,122.1287612915039,53.266849517822266,45.279136657714844,13.448583602905273,92.27619934082031,200.87240600585938,266.9384765625,103.2972640991211,27.049089431762695,41.01805877685547,36.89598846435547,142.50999450683594,248.0941619873047
2022-11-01,147.7630157470703,220.81492614746094,89.61723327636719,96.79000091552734,117.35244750976562,98.16565704345703,154.5021514892578,122.31925201416016,53.07994842529297,45.07552719116211,13.49441909790039,94.29684448242188,200.64939880371094,266.8752746582031,102.77368927001953,26.925403594970703,41.04514694213867,38.053199768066406,143.3800048828125,248.3579864501953
2022-11-02,142.25070190429688,213.00506591796875,86.15020751953125,92.12000274658203,116.27188873291016,96.14812469482422,152.12777709960938,120.55988311767578,52.34123992919922,44.7765007019043,13.171581268310547,89.68106079101562,194.8509063720703,260.2678527832031,98.7209243774414,26.08814811706543,40.2415771484375,37.30815124511719,147.41000366210938,246.01040649414062
2022-11-03,136.21856689453125,207.34365844726562,82.64359283447266,89.30000305175781,116.48251342773438,97.45512390136719,152.3866729736328,119.7346420288086,52.314537048339844,44.7669563293457,13.372856140136719,88.0665283203125,188.83909606933594,253.75054931640625,96.22913360595703,26.05960464477539,39.59151077270508,37.228206634521484,156.75,248.3579864501953
2022-11-04,135.95333862304688,214.25350952148438,85.76390075683594,90.9800033569336,119.6692886352539,98.51651000976562,153.06504821777344,121.92015838623047,52.74174118041992,44.84648513793945,14.105219841003418,89.9286880493164,191.0014190673828,256.0312194824219,96.54911041259766,27.1926326751709,40.19643783569336,37.74782180786133,160.00999450683594,249.87754821777344
2022-11-07,136.48382568359375,220.5246124267578,87.6558837890625,90.52999877929688,120.3011474609375,99.68317413330078,154.40396118164062,123.78838348388672,52.946441650390625,45.31731033325195,14.249699592590332,95.80243682861328,194.02674865722656,261.6560974121094,97.37323760986328,27.395132064819336,40.2235221862793,37.643898010253906,164.91000366210938,251.5063018798828
2022-11-08,137.05368041992188,221.49237060546875,88.0620346069336,89.9800033569336,120.37442779541016,99.99896240234375,155.1715850830078,124.0694808959961,53.04434585571289,45.42547607421875,14.549620628356934,95.5548095703125,195.6557159423828,262.4403381347656,96.85935974121094,27.46263313293457,40.27770233154297,37.85173416137695,169.6199951171875,253.3169403076172
2022-11-09,132.5048370361328,217.27291870117188,86.49691009521484,86.13999938964844,118.80850982666016,95.52532958984375,153.93087768554688,123.77023315429688,52.305641174316406,44.369293212890625,13.726583480834961,100.50737762451172,188.46426391601562,258.4830627441406,84.1095962524414,26.536924362182617,39.64567184448242,37.34811782836914,168.74000549316406,252.76193237304688
2022-11-10,144.29444885253906,235.1475372314453,93.05452728271484,96.62999725341797,123.69853973388672,96.92882537841797,155.73390197753906,128.03253173828125,54.183555603027344,45.28868865966797,15.693500518798828,110.80870819091797,199.77622985839844,280.97357177734375,87.70668029785156,28.696910858154297,41.22573471069336,37.87571716308594,177.5800018310547,251.02398681640625
2022-11-11,147.07479858398438,239.14443969726562,95.5012435913086,100.79000091552734,123.90001678466797,99.95509338378906,151.07449340820312,127.84210205078125,54.57515335083008,45.35866928100586,16.2684268951416,111.94779968261719,199.2222900390625,283.8941650390625,92.1181869506836,29.342973709106445,40.440216064453125,38.05158996582031,177.49000549316406,246.93856811523438
2022-11-14,145.67971801757812,233.76364135742188,94.79792022705078,98.48999786376953,122.62714385986328,100.24690246582031,153.4488525390625,127.85115051269531,54.050052642822266,44.02571487426758,16.23654556274414,113.13641357421875,201.0298614501953,276.664794921875,91.4104232788086,29.265830993652344,40.39507293701172,39.362613677978516,173.5500030517578,247.73927307128906
2022-11-15,147.4088592529297,234.17010498046875,97.5121078491211,98.94000244140625,121.73886108398438,100.91891479492188,153.87728881835938,127.40678405761719,53.96105194091797,46.904762268066406,16.60621452331543,115.96928405761719,204.07162475585938,281.1808776855469,92.60297393798828,29.61296844482422,40.5395393371582,38.82701110839844,175.35000610351562,243.70838928222656
2022-11-16,146.18077087402344,234.59710693359375,97.9182357788086,97.12000274658203,121.90369415283203,99.84014892578125,154.8323974609375,128.5404052734375,53.863155364990234,47.24198913574219,15.852928161621094,112.15581512451172,204.21742248535156,283.86712646484375,91.09044647216797,28.475120544433594,40.07905197143555,38.41131591796875,172.69000244140625,247.95762634277344
2022-11-17,148.07696533203125,234.54856872558594,97.43285369873047,94.8499984741211,121.37255859375,99.9727783203125,156.08201599121094,127.75140380859375,54.03225326538086,47.082916259765625,15.620763778686523,110.39268493652344,205.04347229003906,280.7392272949219,88.66654205322266,28.822263717651367,42.06541442871094,38.635162353515625,172.77999877929688,248.73098754882812
2022-11-18,148.6369171142578,234.1021728515625,96.51162719726562,94.13999938964844,122.56305694580078,99.10620880126953,157.27810668945312,129.29306030273438,54.41495132446289,47.79234313964844,15.353724479675293,110.98699951171875,204.85879516601562,282.3077392578125,89.00591278076172,28.802976608276367,43.148868560791016,38.555213928222656,173.88999938964844,248.7401580810547
2022-11-21,145.41445922851562,234.90768432617188,94.6988754272461,92.45999908447266,121.83960723876953,98.12472534179688,158.0867156982422,130.93453979492188,55.251556396484375,48.085025787353516,15.262056350708008,108.8177719116211,200.50506591796875,285.55279541015625,94.6099624633789,27.906200408935547,42.9953727722168,38.5152473449707,172.94000244140625,249.7865447998047
2022-11-22,147.54641723632812,237.7997283935547,96.13520812988281,93.19999694824219,123.66193389892578,100.96314239501953,158.85032653808594,132.05902099609375,55.491851806640625,48.256813049316406,15.98047161102295,110.38280487060547,204.40208435058594,292.8543701171875,93.28166961669922,28.754762649536133,43.68156814575195,39.234718322753906,172.5,250.0049285888672
2022-11-23,148.4208221435547,240.27447509765625,97.53192138671875,94.12999725341797,124.98056030273438,100.45912170410156,159.02099609375,132.81173706054688,55.74107360839844,48.48904800415039,16.459741592407227,111.1751937866211,205.76260375976562,289.8165283203125,95.87040710449219,28.610124588012695,43.853118896484375,39.05084228515625,174.85000610351562,248.64913940429688
2022-11-25,145.5126953125,240.18716430664062,96.54133605957031,93.41000366210938,125.21867370605469,100.10543060302734,159.2275848388672,133.05661010742188,55.794456481933594,48.695823669433594,16.211637496948242,110.35307312011719,207.7645721435547,294.2064514160156,95.86071014404297,28.29191017150879,43.69963073730469,39.33863067626953,178.36000061035156,250.2233123779297
2022-11-28,141.69090270996094,234.62623596191406,95.1446304321289,93.94999694824219,123.03005981445312,97.09898376464844,159.30848693847656,132.94781494140625,55.803367614746094,48.83580780029297,15.770224571228027,107.7480239868164,205.30587768554688,287.48187255859375,92.77751159667969,27.70370101928711,43.41070556640625,39.62641525268555,171.8300018310547,248.29434204101562
2022-11-29,138.69439697265625,233.23841857910156,94.29273986816406,92.41999816894531,125.0538558959961,97.74449157714844,158.19447326660156,131.93211364746094,55.6075553894043,48.66402053833008,15.58289909362793,108.42157745361328,203.16783142089844,284.813720703125,91.80793762207031,27.867626190185547,43.59129333496094,39.562469482421875,175.32000732421875,246.95672607421875
2022-11-30,145.43406677246094,247.61141967773438,100.03807067871094,96.54000091552734,126.53736877441406,98.45188903808594,159.91036987304688,135.26937866210938,57.014774322509766,48.48904800415039,16.866607666015625,116.97959899902344,210.88409423828125,293.8189392089844,94.89114379882812,28.995834350585938,44.89143753051758,40.07408142089844,178.8800048828125,249.61033630371094
2022-12-01,145.7091827392578,247.17471313476562,100.03807067871094,95.5,124.7608413696289,97.97439575195312,160.5751953125,135.35101318359375,57.176116943359375,48.79126739501953,17.077899932861328,119.29740905761719,210.88409423828125,296.61212158203125,95.5892333984375,28.764406204223633,45.117164611816406,40.83351135253906,175.77999877929688,250.16848754882812
2022-12-02,145.21795654296875,247.49496459960938,99.49325561523438,94.12999725341797,123.7718276977539,97.14319610595703,160.700927734375,136.5843505859375,57.67805099487305,48.743553161621094,16.819765090942383,122.31846618652344,211.52549743652344,297.4464111328125,96.40367126464844,28.359411239624023,44.87338638305664,40.69761276245117,182.8699951171875,250.16848754882812
2022-12-05,144.05865478515625,242.8171844482422,98.54231262207031,91.01000213623047,120.3011474609375,94.48162841796875,160.61111450195312,135.20590209960938,56.88929748535156,48.24409103393555,16.554649353027344,121.26852416992188,207.6576385498047,290.2730712890625,93.01020812988281,28.127981185913086,44.53932189941406,40.5537223815918,185.10000610351562,248.5123291015625
2022-12-06,140.4038848876953,237.88706970214844,96.06587219238281,88.25,120.50261688232422,91.85540771484375,158.20347595214844,135.37823486328125,56.862403869628906,47.684181213378906,15.933727264404297,113.03736877441406,203.1873016357422,287.88800048828125,89.48099517822266,27.578344345092773,43.871177673339844,39.73833084106445,178.42999267578125,248.67698669433594
2022-12-07,138.46844482421875,237.1592254638672,94.04510498046875,88.45999908447266,120.42019653320312,91.65203857421875,159.1647491455078,136.2488250732422,56.952030181884766,47.4360466003418,16.0662841796875,112.84916687011719,201.95306396484375,290.3365173339844,89.34525299072266,27.317989349365234,43.50099563598633,40.16201400756836,176.5,247.3684844970703
2022-12-08,140.14846801757812,240.0998077392578,92.8266830444336,90.3499984741211,121.68392944335938,92.33290100097656,159.19168090820312,137.22821044921875,57.19404602050781,47.50948715209961,17.111791610717773,114.23587799072266,203.2067108154297,293.9096374511719,89.73307800292969,27.42405891418457,44.23233413696289,41.393096923828125,179.0800018310547,250.15936279296875
2022-12-09,139.66705322265625,238.17822265625,91.95499420166016,89.08999633789062,121.02460479736328,91.55477905273438,157.88006591796875,136.86549377441406,56.593505859375,46.40142822265625,16.94434928894043,114.80048370361328,202.8179931640625,290.63580322265625,90.53780364990234,27.231204986572266,43.75380325317383,41.34512710571289,179.5399932861328,248.92410278320312
2022-12-12,141.9561767578125,245.05902099609375,92.43045806884766,90.55000305175781,122.90186309814453,93.8095932006836,159.76663208007812,138.27113342285156,57.337459564208984,47.26679992675781,17.4765682220459,113.62175750732422,208.5419921875,297.4373474121094,91.77886199951172,27.665130615234375,44.51223373413086,41.696876525878906,186.27000427246094,253.11489868164062
2022-12-13,142.9189910888672,249.33888244628906,94.72859191894531,92.48999786376953,122.7828140258789,94.83533477783203,160.9974365234375,138.0625762939453,57.355384826660156,47.09755325317383,18.011777877807617,119.01016235351562,207.0356903076172,301.89013671875,91.81763458251953,27.70370101928711,44.81920623779297,42.42432403564453,187.1300048828125,250.9737091064453
2022-12-14,140.6986541748047,249.63006591796875,94.17387390136719,91.58000183105469,122.16925811767578,94.13676452636719,161.4915008544922,138.60670471191406,57.355384826660156,46.835716247558594,17.61510467529297,120.43648529052734,207.3077850341797,302.3797912597656,91.28437042236328,27.250492095947266,44.51223373413086,43.55148696899414,188.25,251.20245361328125
2022-12-15,134.1063232421875,241.6622772216797,90.0035629272461,88.44999694824219,119.13814544677734,93.2348403930664,159.45220947265625,137.0377960205078,56.566619873046875,46.41738510131836,16.895509719848633,115.04810333251953,202.0502471923828,297.0927734375,87.73577117919922,26.18014144897461,43.47390365600586,42.85599899291992,183.72000122070312,248.64039611816406
2022-12-16,132.15121459960938,237.46974182128906,89.4092025756836,87.86000061035156,118.39640808105469,92.58049774169922,157.81719970703125,136.43017578125,56.24394226074219,45.583946228027344,16.51578140258789,118.29698944091797,201.05899047851562,293.22943115234375,87.3382568359375,25.958358764648438,43.16693115234375,41.08932113647461,184.6999969482422,243.50711059570312
2022-12-19,130.04873657226562,233.35491943359375,87.60636138916016,84.91999816894531,119.10153198242188,92.99606323242188,157.646484375,136.39390563964844,56.324615478515625,45.599918365478516,16.1998348236084,113.39395904541016,199.04737854003906,287.779052734375,83.16912841796875,25.8330020904541,42.796749114990234,41.057350158691406,185.67999267578125,243.24171447753906
2022-12-20,129.9799346923828,234.66505432128906,88.1808853149414,85.19000244140625,119.678466796875,94.34014129638672,157.81719970703125,136.44834899902344,56.27980041503906,45.99906921386719,16.03139877319336,115.97917938232422,199.57215881347656,285.5210266113281,84.37138366699219,25.49550437927246,42.769657135009766,41.02536392211914,188.2899932861328,244.54107666015625
2022-12-21,133.07469177246094,237.21742248535156,88.73562622070312,86.7699966430664,121.02460479736328,95.55155944824219,159.6229248046875,137.6997833251953,57.185081481933594,46.35991287231445,16.446014404296875,118.62384796142578,200.9812469482422,289.62005615234375,84.27442169189453,25.87157440185547,43.031494140625,41.29716873168945,196.0,245.37371826171875
2022-12-22,129.9111328125,231.16156005859375,86.93277740478516,83.79000091552734,119.65099334716797,93.62390899658203,159.03895568847656,138.01722717285156,56.77277374267578,45.81705093383789,15.287885665893555,116.00890350341797,199.28060913085938,286.6817932128906,84.03203582763672,25.04229164123535,42.724510192871094,41.281185150146484,188.25,243.186767578125
2022-12-23,129.5476837158203,231.6856689453125,88.38893127441406,85.25,120.2187271118164,96.09980010986328,159.4432373046875,138.4071807861328,57.203006744384766,45.9096565246582,15.155330657958984,116.92018127441406,200.0288848876953,289.0487976074219,85.33126068115234,25.158008575439453,42.86896896362305,41.433067321777344,189.05999755859375,244.8338623046875
2022-12-27,127.74974822998047,229.9678497314453,86.5662612915039,83.04000091552734,120.63999938964844,97.43502044677734,159.39833068847656,139.61329650878906,57.55256652832031,45.922428131103516,14.073944091796875,115.77118682861328,200.47592163085938,289.7923583984375,83.74117279052734,25.013364791870117,42.91411590576172,40.87348175048828,189.39999389648438,244.16587829589844
2022-12-28,123.8297348022461,227.60952758789062,85.20916748046875,81.81999969482422,121.29932403564453,95.83450317382812,158.70655822753906,137.80865478515625,56.97892761230469,45.117733001708984,13.989225387573242,114.52313995361328,199.21255493164062,286.328125,81.60813903808594,24.62765884399414,42.4987907409668,40.60968017578125,188.3800048828125,242.58290100097656
2022-12-29,127.3371353149414,233.8983612060547,87.61626434326172,84.18000030517578,121.99529266357422,96.5595932006836,159.5150909423828,138.3799591064453,57.31952667236328,45.39234924316406,14.554337501525879,119.11911010742188,202.19602966308594,290.572265625,84.52650451660156,25.273719787597656,42.88703155517578,41.033363342285156,188.91000366210938,243.33322143554688
2022-12-30,127.65148162841797,232.74349975585938,87.39835357666016,84.0,122.8011474609375,97.53226470947266,158.6975860595703,137.44590759277344,57.014774322509766,45.27739334106445,14.565301895141602,119.19835662841797,201.9044952392578,286.4459533691406,84.23564147949219,25.485858917236328,43.0134391784668,40.961421966552734,190.49000549316406,241.13714599609375
2023-01-03,122.8767318725586,232.51052856445312,88.27995300292969,85.81999969482422,123.73518371582031,94.18098449707031,160.08106994628906,137.4549560546875,56.4232063293457,45.855377197265625,14.26729679107666,123.5566177368164,201.54495239257812,286.4913635253906,86.26203918457031,25.775142669677734,43.2843017578125,40.9774055480957,195.38999938964844,241.86915588378906
2023-01-04,124.14413452148438,222.3397979736328,87.249755859375,85.13999938964844,124.88900756835938,94.45509338378906,161.82394409179688,138.05349731445312,56.39632034301758,45.90646743774414,14.69985294342041,126.16165161132812,206.6177978515625,289.9556579589844,89.18042755126953,26.69120979309082,43.27519989013672,40.07408142089844,203.63999938964844,241.9241180419922
2023-01-05,122.82762145996094,215.7501678466797,85.38746643066406,83.12000274658203,124.8613510131836,96.56844329833984,160.62905883789062,136.33950805664062,55.75096893310547,45.750003814697266,14.217466354370117,125.73574829101562,205.16009521484375,286.0923767089844,89.12224578857422,26.57549476623535,42.66543960571289,39.6983642578125,204.99000549316406,239.88356018066406
2023-01-06,127.34693908691406,218.29283142089844,86.51673126220703,86.08000183105469,127.25067138671875,97.73563385009766,161.93170166015625,139.58612060546875,56.8265495300293,46.8708381652832,14.809488296508789,128.78652954101562,211.61293029785156,287.96044921875,91.0613784790039,27.70370101928711,43.975975036621094,40.705604553222656,213.0,246.57247924804688
2023-01-09,127.86767578125,220.41819763183594,87.1903076171875,87.36000061035156,126.72481536865234,95.91410064697266,157.736328125,137.88121032714844,56.11845397949219,46.28647232055664,15.57592487335205,128.24176025390625,212.4390106201172,288.21441650390625,91.885498046875,28.262983322143555,44.21260452270508,38.68312072753906,208.57000732421875,244.54107666015625
2023-01-10,128.43748474121094,222.09716796875,87.58655548095703,89.87000274658203,127.85951232910156,97.34657287597656,157.35897827148438,137.7451629638672,55.688228607177734,46.25772476196289,15.855988502502441,131.72836303710938,214.85882568359375,290.7718200683594,92.65145874023438,28.38833999633789,44.42193603515625,38.06757736206055,206.69000244140625,246.0600128173828
2023-01-11,131.14910888671875,228.81298828125,90.6573257446289,95.08999633789062,128.8096923828125,98.4784164428711,157.10748291015625,136.6297149658203,55.580665588378906,46.66327667236328,15.947678565979004,131.62928771972656,215.84034729003906,298.3623352050781,93.39801788330078,28.783693313598633,44.78596115112305,37.931678771972656,208.02999877929688,245.96852111816406
2023-01-12,131.0704803466797,231.47210693359375,90.27100372314453,95.2699966430664,128.68052673339844,100.11426544189453,156.31690979003906,135.8588409423828,54.86361312866211,46.241764068603516,16.455978393554688,135.41305541992188,217.31748962402344,299.15130615234375,96.7720947265625,29.207975387573242,44.59484100341797,38.1395263671875,214.32000732421875,244.02870178222656
2023-01-13,132.39682006835938,232.17088317871094,91.25167083740234,98.12000274658203,131.92774963378906,100.0523681640625,155.80484008789062,136.82923889160156,55.06080627441406,46.395042419433594,16.842689514160156,135.68051147460938,216.77330017089844,300.3665466308594,96.37458038330078,29.034406661987305,44.48563003540039,38.25144958496094,214.1300048828125,246.0417022705078
2023-01-17,133.55613708496094,233.2578125,90.42949676513672,96.05000305175781,129.88902282714844,99.85784149169922,154.84356689453125,136.43017578125,55.28488540649414,46.11403274536133,17.64301300048828,134.07589721679688,216.7149658203125,297.02923583984375,96.86905670166016,28.542621612548828,43.75755310058594,36.83650207519531,211.41000366210938,250.81820678710938
2023-01-18,132.83892822265625,228.8517608642578,90.26112365722656,95.45999908447266,125.98681640625,97.80638122558594,152.5077667236328,132.77549743652344,53.608768463134766,44.974029541015625,17.319093704223633,131.75807189941406,213.27474975585938,293.5469055175781,96.02554321289062,27.78084373474121,42.68363571166992,35.973140716552734,209.41000366210938,243.4339599609375
2023-01-19,132.8978729248047,225.08627319335938,92.17292022705078,93.68000030517578,124.30785369873047,98.4342041015625,152.30116271972656,129.967529296875,53.528106689453125,44.33218002319336,16.709136962890625,134.8583526611328,214.19796752929688,281.9297790527344,96.06432342529297,27.40477752685547,42.28319549560547,35.941165924072266,207.08999633789062,241.1829376220703
2023-01-20,135.45225524902344,233.13168334960938,97.09605407714844,97.25,124.61225891113281,100.22920989990234,151.5914764404297,130.46945190429688,53.85077667236328,44.878238677978516,17.779558181762695,138.04782104492188,217.988037109375,285.6660461425781,100.33039093017578,28.176197052001953,42.57441711425781,36.06107711791992,206.75999450683594,245.7580108642578
2023-01-23,138.63551330566406,235.4220428466797,98.84937286376953,97.5199966430664,126.632568359375,99.7074966430664,151.20513916015625,128.71731567382812,53.9852180480957,45.54880905151367,19.12904930114746,141.91082763671875,217.8616943359375,286.1014404296875,102.47313690185547,29.188688278198242,43.22969436645508,35.957157135009766,209.97000122070312,246.40771484375
2023-01-24,140.03057861328125,234.89794921875,96.77908325195312,96.31999969482422,127.72115325927734,100.63597106933594,151.20513916015625,129.41993713378906,54.27204513549805,45.67015838623047,19.2008056640625,141.78207397460938,217.57989501953125,288.1055908203125,102.77368927001953,28.85118865966797,43.51183319091797,35.74131393432617,211.97999572753906,246.65480041503906
2023-01-25,139.372314453125,233.51016235351562,94.32245635986328,97.18000030517578,128.33921813964844,100.10543060302734,152.28317260742188,129.3286895751953,54.61265182495117,45.45302200317383,19.25861167907715,140.15762329101562,218.56141662597656,287.71563720703125,104.82916259765625,28.63905143737793,43.66654586791992,36.02910614013672,212.67999267578125,249.80250549316406
2023-01-26,141.4355010986328,240.68209838867188,96.60077667236328,99.22000122070312,129.13253784179688,104.12873840332031,151.72621154785156,128.80857849121094,54.505088806152344,45.4115104675293,19.736011505126953,145.902587890625,218.3767547607422,284.5869140625,106.36106872558594,29.015121459960938,43.99418640136719,35.698341369628906,212.72999572753906,251.37631225585938
2023-01-27,143.3709259033203,240.83738708496094,98.43335723876953,102.23999786376953,129.44619750976562,102.22760772705078,151.13327026367188,128.27928161621094,54.21826934814453,45.75957107543945,20.297138214111328,150.30047607421875,224.9171142578125,287.19866943359375,106.2059555053711,27.154064178466797,44.14889907836914,35.32724380493164,211.1699981689453,249.30836486816406
2023-01-30,140.49232482910156,235.54818725585938,96.0262451171875,100.55000305175781,128.3484344482422,100.41490173339844,145.5364227294922,128.68077087402344,54.35271453857422,45.39234924316406,19.09815216064453,145.66485595703125,222.64306640625,284.97686767578125,104.31529998779297,26.951562881469727,43.88496780395508,35.13361740112305,209.6699981689453,247.87176513671875
2023-01-31,141.75967407226562,240.4976806640625,97.90833282470703,103.12999725341797,129.1140899658203,102.58131408691406,146.8121337890625,129.9310302734375,54.96220779418945,45.94159698486328,19.471899032592773,147.55674743652344,223.72177124023438,293.982177734375,105.18790435791016,27.250492095947266,44.294517517089844,35.625728607177734,213.0,244.6782989501953
2023-02-01,142.8796844482422,245.29193115234375,99.48335266113281,105.1500015258789,128.77276611328125,101.45830535888672,148.1596221923828,130.6702117919922,54.97117233276367,46.197052001953125,20.873214721679688,151.66734313964844,224.39230346679688,297.537109375,106.06050872802734,28.031553268432617,44.20349884033203,35.47244644165039,214.75,243.64431762695312
2023-02-02,148.1752166748047,256.792236328125,106.72444152832031,112.91000366210938,128.17315673828125,98.28388214111328,148.71665954589844,129.73936462402344,54.030033111572266,45.86176300048828,21.63665771484375,186.9791717529297,223.090087890625,308.14764404296875,109.76423645019531,29.111547470092773,44.886077880859375,35.77095031738281,209.33999633789062,240.84439086914062
2023-02-03,151.7906494140625,250.72669982910156,103.79234313964844,103.38999938964844,130.1565399169922,98.96475982666016,147.88116455078125,130.1409454345703,53.62670135498047,45.25183868408203,21.029691696166992,184.7604217529297,223.64402770996094,300.6295471191406,107.34033966064453,29.236902236938477,44.25810623168945,35.545047760009766,206.00999450683594,241.77767944335938
2023-02-06,149.06922912597656,249.19329833984375,101.9300765991211,102.18000030517578,130.92221069335938,98.79673767089844,146.7581787109375,129.03671264648438,53.93144226074219,44.922935485839844,21.018726348876953,184.29486083984375,222.9734649658203,298.607177734375,106.52590942382812,28.002227783203125,43.29340362548828,35.303035736083984,206.80999755859375,245.15415954589844
2023-02-07,151.93800354003906,259.6648864746094,106.62537384033203,102.11000061035156,132.51817321777344,101.61747741699219,146.79412841796875,127.77737426757812,53.84181594848633,45.01873779296875,22.099111557006836,189.80210876464844,224.80047607421875,294.9162902832031,108.23233032226562,28.35359764099121,43.53913497924805,35.16588592529297,214.75999450683594,244.62339782714844
2023-02-08,149.25588989257812,258.85943603515625,98.43335723876953,100.05000305175781,131.58641052246094,100.73323059082031,146.98281860351562,126.45417022705078,53.528106689453125,44.77605056762695,22.131004333496094,181.6898193359375,223.71205139160156,290.91693115234375,108.37776947021484,27.56301498413086,42.73824691772461,35.48051452636719,213.5,240.4875030517578
2023-02-09,148.2242889404297,255.84121704101562,94.11444091796875,98.23999786376953,129.53848266601562,101.11345672607422,144.9973907470703,125.06706237792969,53.4384651184082,45.19118118286133,22.262563705444336,176.23211669921875,223.3225860595703,286.1648864746094,107.00099182128906,27.06523895263672,42.5289192199707,34.96420669555664,211.99000549316406,238.51109313964844
2023-02-10,148.58837890625,255.33656311035156,93.67857360839844,97.61000061035156,130.11041259765625,105.3755111694336,145.6711883544922,126.17122650146484,53.4384651184082,45.8936882019043,21.194137573242188,172.49786376953125,221.2290496826172,287.0627136230469,104.77098846435547,27.133562088012695,43.01127243041992,35.39984130859375,212.88999938964844,240.1215057373047
2023-02-13,151.38282775878906,263.31402587890625,93.71821594238281,99.54000091552734,131.52186584472656,104.96563720703125,146.21018981933594,127.8230209350586,54.316856384277344,46.593013763427734,21.71539306640625,177.727783203125,222.8649444580078,293.4017333984375,104.38317108154297,27.865581512451172,43.557334899902344,35.48857879638672,215.64999389648438,243.58030700683594
2023-02-14,150.74327087402344,264.1389465332031,93.78754425048828,99.69999694824219,132.10299682617188,103.7359848022461,145.5723419189453,127.10206604003906,53.41158676147461,46.45890426635742,22.894454956054688,177.77731323242188,223.3614959716797,288.7767028808594,104.38317108154297,27.95342254638672,43.41171646118164,35.27076721191406,218.4499969482422,243.95541381835938
2023-02-15,152.83912658691406,262.02764892578125,96.0262451171875,101.16000366210938,132.65650939941406,103.42413330078125,143.17367553710938,126.81004333496094,53.41158676147461,46.803768157958984,22.688142776489258,175.47933959960938,222.9038543701172,290.8262023925781,105.91507720947266,28.158390045166016,44.09429168701172,34.94807052612305,217.44000244140625,243.90965270996094
2023-02-16,151.24510192871094,255.05177307128906,94.60972595214844,98.1500015258789,130.82998657226562,103.12117767333984,142.15855407714844,125.14917755126953,53.079952239990234,46.06932830810547,21.928682327270508,170.8041229248047,219.89508056640625,291.3250732421875,102.60887908935547,27.52397346496582,46.405948638916016,34.64958190917969,212.2100067138672,243.24171447753906
2023-02-17,150.1036834716797,251.07252502441406,93.46066284179688,97.19999694824219,131.21743774414062,99.15599060058594,145.12640380859375,127.76823425292969,53.88662338256836,46.762264251708984,21.316730499267578,171.2399139404297,217.6847381591797,288.3414306640625,102.01744079589844,26.948118209838867,46.20572280883789,34.85932540893555,211.66000366210938,247.04823303222656
2023-02-21,146.0989227294922,245.82850646972656,90.92478942871094,94.58000183105469,128.8096923828125,99.0579833984375,142.96383666992188,127.677001953125,53.59980010986328,47.04646682739258,20.586172103881836,170.44752502441406,214.82200622558594,267.9820251464844,98.98270416259766,25.435274124145508,45.22280502319336,34.44789123535156,205.52000427246094,245.73056030273438
2023-02-22,146.52206420898438,244.6998748779297,90.7861099243164,95.79000091552734,127.8226089477539,97.77487182617188,142.7647705078125,128.2153778076172,53.761146545410156,46.059749603271484,20.68484115600586,169.49661254882812,214.2377471923828,268.7075500488281,98.5851821899414,24.859416961669922,44.876976013183594,34.189727783203125,205.75999450683594,245.81300354003906
2023-02-23,147.00421142578125,247.87164306640625,90.03327941894531,95.81999969482422,128.84657287597656,98.6748275756836,142.7195281982422,127.80473327636719,53.8597412109375,45.373191833496094,23.58514404296875,170.4078826904297,215.31857299804688,271.43719482421875,98.63365936279297,24.996061325073242,44.78596115112305,34.12519073486328,208.1300048828125,244.1110382080078
2023-02-24,144.35733032226562,242.471923828125,88.28987121582031,93.5,130.00894165039062,98.6837387084961,141.1269989013672,127.08382415771484,53.635658264160156,45.49453353881836,23.208404541015625,168.77352905273438,213.7801055908203,269.033935546875,97.24718475341797,24.537328720092773,44.12159729003906,33.68148422241211,198.14999389648438,241.2744140625
2023-02-27,145.5479278564453,243.38644409179688,89.02288055419922,93.76000213623047,131.14361572265625,98.50554656982422,140.81939697265625,126.97430419921875,53.617740631103516,45.16563034057617,23.422683715820312,167.9315948486328,214.55906677246094,268.4445495605469,97.39261627197266,24.303083419799805,44.349124908447266,32.89894485473633,200.4600067138672,242.2809600830078
2023-02-28,145.046142578125,242.66650390625,89.21109008789062,94.2300033569336,132.24142456054688,97.93527221679688,138.67491149902344,125.53245544433594,53.339874267578125,45.38597106933594,23.138639450073242,173.28036499023438,214.15985107421875,268.9251708984375,96.57819366455078,24.33236312866211,44.06698989868164,32.72952651977539,201.5500030517578,242.87916564941406
2023-03-01,142.97976684570312,239.60179138183594,89.50827026367188,92.16999816894531,131.50341796875,98.8084945678711,138.0505828857422,125.62371063232422,52.75727462768555,44.753692626953125,22.62236213684082,171.77479553222656,212.6213836669922,263.7106018066406,95.54075622558594,24.722774505615234,43.99418640136719,32.414894104003906,204.5500030517578,241.78399658203125
2023-03-02,143.57017517089844,244.31072998046875,91.13280487060547,92.12999725341797,130.13809204101562,99.26292419433594,137.9420166015625,127.69520568847656,53.528106689453125,44.8654670715332,23.23631477355957,172.87428283691406,213.302978515625,265.7329406738281,95.90918731689453,25.571918487548828,44.167091369628906,32.76985549926758,210.05999755859375,246.2474822998047
2023-03-03,148.6080780029297,248.37754821777344,92.76725769042969,94.9000015258789,132.52737426757812,100.519287109375,139.36257934570312,128.62606811523438,53.27713394165039,44.91974639892578,23.810388565063477,183.49253845214844,217.8892059326172,270.65728759765625,98.0616226196289,25.76712417602539,44.849674224853516,33.19742965698242,215.11000061035156,247.62802124023438
2023-03-06,151.3631591796875,249.91473388671875,94.2332992553711,93.75,131.75247192382812,101.41034698486328,140.7560272216797,128.0784912109375,54.101749420166016,44.91335678100586,23.47551155090332,183.14590454101562,220.79087829589844,270.439697265625,97.59622955322266,25.366952896118164,44.977081298828125,33.16516876220703,211.9199981689453,249.07290649414062
2023-03-07,149.16893005371094,247.2683868408203,92.97528076171875,93.55000305175781,127.87793731689453,99.45004272460938,139.4259490966797,125.53245544433594,53.78803253173828,44.46630859375,23.214344024658203,182.75955200195312,217.30494689941406,263.62896728515625,96.04492950439453,24.917980194091797,44.512935638427734,32.543975830078125,207.9199981689453,245.84255981445312
2023-03-08,150.4185791015625,246.83062744140625,93.36160278320312,93.91999816894531,127.12152862548828,97.99763488769531,138.40347290039062,125.55072784423828,53.81492233276367,44.09906768798828,24.10451316833496,183.2152099609375,216.3507080078125,266.259765625,96.27761840820312,25.357192993164062,44.69496154785156,32.36648941040039,207.1999969482422,244.1859893798828
2023-03-09,148.1751251220703,245.4879913330078,91.44979095458984,92.25,120.23958587646484,97.24024963378906,136.84716796875,124.6290283203125,53.29505920410156,43.802101135253906,23.36187171936035,179.96632385253906,214.22799682617188,263.0718078613281,93.21379852294922,25.80616569519043,44.42193603515625,31.834047317504883,201.24000549316406,240.78085327148438
2023-03-10,146.11863708496094,241.85897827148438,89.77571868896484,90.7300033569336,123.2930679321289,96.03731536865234,137.1819305419922,125.19480895996094,53.07097625732422,43.73823165893555,22.892362594604492,177.8070068359375,210.459716796875,261.528076171875,90.72201538085938,26.56746482849121,44.194400787353516,31.77757453918457,203.07000732421875,241.14898681640625
2023-03-13,148.05702209472656,247.04464721679688,90.2511978149414,92.43000030517578,121.07907104492188,94.93241882324219,138.4939727783203,126.0617446899414,53.608768463134766,43.865970611572266,22.89335823059082,179.18380737304688,208.83358764648438,261.71990966796875,89.78154754638672,26.303937911987305,44.057884216308594,32.156742095947266,203.3699951171875,242.1153106689453
2023-03-14,150.14306640625,253.72865295410156,93.084228515625,94.87999725341797,124.18790435791016,95.28884887695312,139.27210998535156,127.62226104736328,53.80595779418945,44.09906768798828,23.986888885498047,192.1793670654297,212.9134979248047,260.8521728515625,90.51842498779297,27.338525772094727,44.640350341796875,32.18901443481445,207.27999877929688,244.71055603027344
2023-03-15,150.53663635253906,258.252685546875,95.20407104492188,96.19999694824219,118.3207778930664,90.54845428466797,139.66119384765625,129.4291229248047,54.16448974609375,44.59083938598633,24.151369094848633,195.87399291992188,210.6836700439453,263.0443420410156,90.26632690429688,27.728939056396484,44.649444580078125,32.49557113647461,198.2100067138672,245.11549377441406
2023-03-16,153.35076904296875,268.7213439941406,99.37438201904297,100.04000091552734,120.6178207397461,90.02273559570312,139.37164306640625,130.39642333984375,54.4625358581543,44.33753204345703,25.460216522216797,202.98583984375,211.7353057861328,261.9117431640625,91.42011260986328,29.45650863647461,45.61415100097656,32.568180084228516,203.19000244140625,249.0084228515625
2023-03-17,152.51441955566406,271.8638610839844,100.66212463378906,98.94999694824219,116.06063079833984,88.96239471435547,137.87869262695312,130.43292236328125,54.20964813232422,44.69664764404297,25.643632888793945,193.7542724609375,211.67684936523438,263.4280700683594,90.36328125,29.09537696838379,45.67786407470703,32.35035705566406,201.0500030517578,245.90699768066406
2023-03-20,154.8759002685547,264.8589172363281,100.26589965820312,97.70999908447266,117.28756713867188,91.28802490234375,139.2449951171875,132.44058227539062,54.733497619628906,45.17759704589844,25.81807518005371,195.93338012695312,212.41690063476562,264.2227478027344,91.35224151611328,28.460962295532227,46.360435485839844,32.92314529418945,204.77000427246094,249.1648406982422
2023-03-21,156.7257843017578,266.3668518066406,103.9310073852539,100.61000061035156,120.43333435058594,95.3779525756836,139.2449951171875,131.48239135742188,54.4806022644043,45.0236930847168,26.116134643554688,200.24215698242188,216.11703491210938,264.3780212402344,93.60162353515625,27.777738571166992,46.11471176147461,32.80213165283203,204.6999969482422,248.6771240234375
2023-03-22,155.29898071289062,264.9172668457031,102.3956298828125,98.69999694824219,117.32445526123047,93.19486999511719,136.67523193359375,131.40023803710938,54.23674011230469,44.73511505126953,26.38428497314453,197.91441345214844,214.25723266601562,258.1483459472656,92.01154327392578,27.455650329589844,45.013492584228516,32.277748107910156,196.16000366210938,246.5235595703125
2023-03-23,156.38134765625,270.14178466796875,104.60460662841797,98.70999908447266,117.01081085205078,92.1434326171875,136.7476348876953,131.2177276611328,54.11933135986328,45.09743881225586,27.104991912841797,202.34202575683594,216.74017333984375,259.3358459472656,92.91324615478516,28.33407974243164,45.25921630859375,32.414894104003906,197.89999389648438,248.1341094970703
2023-03-24,157.6802215576172,272.9730529785156,104.44612121582031,98.12999725341797,115.23037719726562,92.2503433227539,138.1229705810547,133.8915557861328,55.004459381103516,45.4661750793457,26.694299697875977,204.05560302734375,215.23092651367188,258.52288818359375,91.21649932861328,28.656166076660156,45.96908950805664,32.584320068359375,197.52999877929688,249.7078857421875
2023-03-27,155.74179077148438,268.8965148925781,101.49421691894531,98.04000091552734,118.53296661376953,94.27304077148438,138.71112060546875,133.1888885498047,55.410888671875,46.22608184814453,26.447086334228516,200.91571044921875,215.98069763183594,256.9242858886719,92.70964050292969,28.48048210144043,45.99639892578125,32.447166442871094,200.57000732421875,252.0178680419922
2023-03-28,155.1219024658203,267.77764892578125,100.07769012451172,97.23999786376953,118.8927230834961,95.44922637939453,137.3719482421875,133.5630340576172,55.47411346435547,46.04652404785156,26.326465606689453,198.77618408203125,214.5395965576172,256.5132751464844,91.93397521972656,28.587844848632812,45.859886169433594,32.261619567871094,204.9600067138672,253.86773681640625
2023-03-29,158.1918487548828,272.9146728515625,100.43429565429688,100.25,119.13258361816406,97.08876037597656,138.7201690673828,133.97364807128906,55.87152099609375,46.24531936645508,26.898651123046875,203.4019012451172,217.4315643310547,258.8333435058594,93.92159271240234,30.764385223388672,46.56975173950195,32.47137451171875,207.97000122070312,255.33096313476562
2023-03-30,159.75634765625,276.3587951660156,99.93901062011719,102.0,118.7728042602539,97.56102752685547,138.82872009277344,134.55772399902344,55.86249542236328,46.7070426940918,27.296388626098633,205.86827087402344,216.51626586914062,260.6603088378906,95.11415100097656,31.320720672607422,46.80638885498047,32.57624435424805,211.0399932861328,255.65301513671875
2023-03-31,162.255615234375,280.49371337890625,102.75223541259766,103.29000091552734,120.21192169189453,97.71249389648438,140.24932861328125,135.6892852783203,56.02505874633789,47.277767181396484,27.68914222717285,209.92938232421875,219.5347900390625,269.5754699707031,97.08235931396484,31.886816024780273,47.5799674987793,32.91507339477539,212.42999267578125,257.3280029296875
2023-04-03,163.50527954101562,279.45269775390625,103.37630462646484,102.41000366210938,120.07353973388672,103.47758483886719,141.9232940673828,136.4375762939453,56.35924530029297,47.675350189208984,27.876544952392578,211.0486602783203,222.98175048828125,271.9596252441406,96.72362518310547,32.10154342651367,47.607276916503906,33.35878372192383,215.38999938964844,259.6564636230469
2023-04-04,162.97393798828125,279.404052734375,103.73290252685547,103.94999694824219,118.46836853027344,102.488525390625,143.40719604492188,137.09461975097656,56.1876335144043,47.20722961425781,27.366165161132812,212.68299865722656,221.67698669433594,269.42938232421875,96.53942108154297,32.3065071105957,47.51558303833008,32.995758056640625,213.89999389648438,259.7852783203125
2023-04-05,161.1339111328125,276.6409912109375,103.48527526855469,101.0999984741211,118.64502716064453,104.24388885498047,149.84962463378906,138.0345916748047,56.720523834228516,47.98957824707031,26.795976638793945,209.47373962402344,222.17356872558594,263.68377685546875,96.86905670166016,32.04298400878906,47.51558303833008,33.52013397216797,210.0,259.5460205078125
2023-04-06,162.0194854736328,283.7044372558594,107.39803314208984,102.05999755859375,118.5148696899414,102.51525115966797,149.43338012695312,138.91064453125,56.75665283203125,48.35190200805664,26.951480865478516,214.04989624023438,220.05088806152344,263.62890625,96.92723083496094,32.02346420288086,47.01127243041992,33.47979736328125,211.3699951171875,260.34661865234375
2023-04-10,159.43165588378906,281.55419921875,105.43672180175781,102.16999816894531,118.90535736083984,102.0608139038086,148.68240356445312,137.76084899902344,56.62117004394531,48.258907318115234,27.491771697998047,212.71270751953125,220.4792938232422,265.9674072265625,97.74166107177734,31.740413665771484,47.06627655029297,33.665348052978516,210.77999877929688,261.16571044921875
2023-04-11,158.22137451171875,275.1718444824219,104.3569564819336,99.91999816894531,119.4911117553711,102.78258514404297,148.63717651367188,137.48704528808594,56.52182388305664,48.11783218383789,27.08306312561035,211.82125854492188,222.44619750976562,268.3424072265625,97.36353302001953,31.574485778808594,46.41525650024414,33.713748931884766,212.32000732421875,261.8099670410156
2023-04-12,157.53262329101562,275.8139343261719,103.6536636352539,97.83000183105469,119.4725112915039,102.6756362915039,148.3204803466797,137.86122131347656,56.62117004394531,47.88376235961914,26.411197662353516,211.96983337402344,221.82302856445312,265.300537109375,94.95902252197266,31.252399444580078,45.94761657714844,33.37491989135742,212.33999633789062,262.5645446777344
2023-04-13,162.90504455566406,281.9919738769531,106.41736602783203,102.4000015258789,119.92808532714844,103.15679931640625,150.30206298828125,138.5,57.0366325378418,47.93186950683594,26.379297256469727,218.25958251953125,226.5747833251953,266.8625793457031,97.770751953125,31.359760284423828,46.580299377441406,33.455589294433594,213.58999633789062,266.0341796875
2023-04-14,162.5606689453125,278.3922119140625,107.84379577636719,102.51000213623047,128.98379516601562,103.40631103515625,150.0577392578125,137.7973175048828,56.94632339477539,47.60801696777344,26.673362731933594,219.38876342773438,227.86984252929688,266.8991394042969,96.85935974121094,31.12551498413086,46.34190368652344,33.229705810546875,201.7100067138672,265.9513854980469
2023-04-17,162.5803680419922,280.98016357421875,104.97113037109375,102.73999786376953,130.0065155029297,102.20338439941406,149.90391540527344,137.84298706054688,57.31663131713867,47.94148254394531,26.91659164428711,216.78369140625,227.34402465820312,269.83123779296875,97.24718475341797,31.36952018737793,46.103492736816406,33.22163391113281,205.02999877929688,266.25506591796875
2023-04-18,163.8004608154297,280.5618591308594,103.51497650146484,102.30000305175781,131.46621704101562,104.19933319091797,145.6873779296875,137.98898315429688,57.406959533691406,48.04729080200195,27.579490661621094,215.8229217529297,227.4608612060547,273.0740051269531,97.8580093383789,31.06694984436035,46.131004333496094,32.7133903503418,208.3699951171875,267.7275390625
2023-04-19,164.9418487548828,280.6396789550781,103.19799041748047,104.30000305175781,131.29891967773438,103.86965942382812,147.06272888183594,138.016357421875,57.51533889770508,48.098594665527344,27.842653274536133,213.65367126464844,226.4579315185547,271.2105712890625,95.7443618774414,30.40325355529785,44.04956817626953,32.46330261230469,208.7100067138672,268.05877685546875
2023-04-20,163.9775848388672,278.36297607421875,104.29753112792969,103.80999755859375,130.91766357421875,103.04097747802734,148.0128173828125,138.52230834960938,57.768226623535156,48.40639877319336,27.01827049255371,211.0486602783203,228.43458557128906,272.7269287109375,95.08506774902344,30.12020492553711,42.71083450317383,32.1486701965332,207.22999572753906,267.8103332519531
2023-04-21,162.3737030029297,278.02252197265625,104.41641235351562,106.95999908447266,130.66665649414062,103.37066650390625,147.20751953125,143.31573486328125,57.84952163696289,48.650089263916016,27.033220291137695,210.87033081054688,227.8990478515625,274.0696716308594,96.53942108154297,29.57362937927246,43.12345886230469,32.4390983581543,205.14999389648438,268.7857971191406
2023-04-24,162.67874145507812,274.1405029296875,104.97113037109375,106.20999908447266,130.84332275390625,105.32205963134766,148.10330200195312,143.57289123535156,57.75919723510742,48.9803466796875,26.956464767456055,210.77130126953125,226.6429443359375,275.5312194824219,96.64605712890625,28.948972702026367,43.45355224609375,32.197078704833984,205.77000427246094,269.8351135253906
2023-04-25,161.14373779296875,267.9624938964844,102.87110137939453,102.56999969482422,127.9982681274414,103.82510375976562,149.46055603027344,143.60955810546875,57.66887664794922,48.59878921508789,26.15799903869629,205.58099365234375,223.55624389648438,270.6807861328125,95.02688598632812,28.18766975402832,43.17847442626953,31.729169845581055,202.19000244140625,268.2796936035156
2023-04-26,161.1339111328125,287.3722839355469,102.73242950439453,104.9800033569336,125.72969055175781,102.87167358398438,147.1441650390625,141.94749450683594,57.39792251586914,48.38716506958008,26.87073516845703,207.4134521484375,222.15406799316406,263.13568115234375,93.66950225830078,28.35359764099121,42.67416763305664,31.16444969177246,203.02999877929688,266.6692199707031
2023-04-27,165.7093505859375,296.5762023925781,106.57585144042969,109.81999969482422,127.42183685302734,104.10132598876953,147.48797607421875,143.6830596923828,57.51533889770508,48.53786849975586,27.13988494873047,236.29681396484375,222.9915313720703,268.4884948730469,96.8884506225586,29.14417839050293,42.6925048828125,31.25319480895996,206.0399932861328,271.2339172363281
2023-04-28,166.95896911621094,298.9404296875,106.32820892333984,105.44999694824219,128.5282745361328,105.4468002319336,148.1213836669922,143.6004180908203,57.93983459472656,48.40639877319336,27.661231994628906,238.04013061523438,226.61373901367188,274.5263977050781,99.3802261352539,30.315412521362305,43.32518005371094,31.37419891357422,206.77999877929688,272.18182373046875
2023-05-01,166.8704071044922,297.286376953125,106.18952941894531,102.05000305175781,131.28028869628906,102.17664337158203,148.03089904785156,143.77487182617188,58.075321197509766,48.605194091796875,28.818557739257812,240.8729705810547,226.39952087402344,271.9322204589844,99.09905242919922,29.57362937927246,43.4077033996582,31.632356643676758,203.8699951171875,273.8659973144531
2023-05-02,165.83726501464844,297.1404113769531,104.32725524902344,103.62999725341797,129.1604461669922,98.10456085205078,149.3248291015625,143.64630126953125,57.813392639160156,48.4737434387207,28.120771408081055,236.9703826904297,221.0148468017578,268.8081970214844,97.53805541992188,29.05633544921875,42.50911331176758,31.5113525390625,203.25,274.31695556640625
2023-05-03,164.76473999023438,296.1577453613281,104.41641235351562,103.6500015258789,126.42698669433594,96.17098236083984,147.3704071044922,143.462646484375,57.48823928833008,48.294189453125,27.714059829711914,234.7813262939453,220.0411376953125,267.7120361328125,97.79014587402344,29.915241241455078,42.14234161376953,31.01923942565918,200.92999267578125,271.6940612792969
2023-05-04,163.13136291503906,297.1404113769531,103.70320892333984,104.0,124.69769287109375,94.48690032958984,146.7008056640625,142.8014678955078,57.55146789550781,48.42936325073242,27.47481918334961,231.30465698242188,219.67111206054688,261.0165710449219,94.48393249511719,30.61595916748047,41.903934478759766,30.841754913330078,197.0500030517578,271.638916015625
2023-05-05,170.78660583496094,302.2385559082031,104.57489776611328,105.66000366210938,127.13361358642578,96.83927154541016,147.198486328125,143.27899169921875,57.822418212890625,48.84777069091797,28.589282989501953,230.57167053222656,225.68869018554688,264.5516052246094,97.46048736572266,30.37095069885254,42.40825271606445,31.05150604248047,198.33999633789062,272.9640808105469
2023-05-08,170.71768188476562,300.2927551269531,106.75415802001953,105.83000183105469,127.4404296875,97.222412109375,146.86366271972656,142.60865783691406,57.73209762573242,49.15353012084961,29.058794021606445,231.05699157714844,226.12684631347656,263.0078430175781,99.83592224121094,30.15534782409668,42.49076843261719,31.196720123291016,197.25999450683594,273.0469665527344
2023-05-09,169.01547241210938,298.68743896484375,106.3381118774414,106.62000274658203,126.82679748535156,97.24913787841797,145.72357177734375,141.1486053466797,57.25340270996094,49.237205505371094,28.48063087463379,231.15603637695312,227.12977600097656,265.4284362792969,99.06996154785156,29.49873161315918,42.609981536865234,31.043439865112305,201.8800048828125,273.0193176269531
2023-05-10,170.7767333984375,303.8536071777344,110.69664001464844,110.19000244140625,126.8918685913086,96.0016860961914,146.26644897460938,141.44244384765625,57.35275650024414,49.09880828857422,28.793636322021484,230.86883544921875,225.19207763671875,264.0126647949219,98.0616226196289,29.371328353881836,42.83003616333008,30.898212432861328,200.83999633789062,272.9364929199219
2023-05-11,170.9636993408203,301.7131042480469,115.4712142944336,112.18000030517578,126.49209594726562,94.2641372680664,145.6693115234375,141.77305603027344,57.67790985107422,49.28227996826172,28.48760414123535,233.55308532714844,225.37747192382812,262.78857421875,89.5003662109375,28.28350257873535,42.518280029296875,30.64542579650879,201.83999633789062,271.29840087890625
2023-05-12,170.03750610351562,300.60406494140625,116.40235137939453,110.26000213623047,124.6790771484375,94.2552261352539,145.4792938232422,143.2147216796875,57.90370178222656,49.26618194580078,28.2503604888916,231.59188842773438,225.73846435546875,265.3280029296875,89.19011688232422,28.3717041015625,42.83003616333008,30.457866668701172,200.6999969482422,272.5408020019531
2023-05-15,169.54483032226562,301.080810546875,115.4117660522461,111.19999694824219,125.72969055175781,94.43496704101562,144.3663330078125,143.2606658935547,57.75016403198242,48.8831787109375,28.861417770385742,236.59397888183594,227.1335906982422,263.5650329589844,90.03364562988281,29.204721450805664,43.18763732910156,30.30292320251465,202.77000427246094,272.31988525390625
2023-05-16,169.54483032226562,303.2990417480469,118.38349151611328,113.4000015258789,124.88362121582031,92.1430892944336,144.1763153076172,143.0126953125,57.09986877441406,48.207279205322266,29.12059783935547,236.55435180664062,224.85064697265625,257.8925476074219,88.21085357666016,28.636308670043945,43.0225944519043,30.18060874938965,200.8699951171875,270.70941162109375
2023-05-17,170.15576171875,306.1657409667969,119.70096588134766,115.5,128.72349548339844,94.21028137207031,143.85964965820312,142.4066619873047,57.0366325378418,48.1268196105957,30.08254623413086,240.18955993652344,226.9774932861328,267.08184814453125,89.94637298583984,28.29330062866211,43.673614501953125,29.968585968017578,206.8699951171875,270.0743408203125
2023-05-18,172.48110961914062,310.57293701171875,121.67220306396484,118.1500015258789,129.69970703125,95.0641098022461,143.3981475830078,140.06504821777344,56.720523834228516,48.75121307373047,31.577802658081055,244.50820922851562,227.90431213378906,269.612060546875,90.90625,29.087120056152344,44.19627380371094,29.748403549194336,207.24000549316406,270.6173095703125
2023-05-19,172.58950805664062,310.3974304199219,121.60286712646484,116.25,129.40219116210938,95.50452423095703,143.78721618652344,140.6527099609375,56.74761962890625,48.24913024902344,31.16510772705078,243.30966186523438,227.6214141845703,265.7025451660156,88.56959533691406,29.33212661743164,45.04901885986328,29.984895706176758,205.49000549316406,271.9977722167969
2023-05-22,171.64358520507812,313.16656494140625,123.87128448486328,115.01000213623047,128.33299255371094,94.34510040283203,143.0123291015625,136.9704132080078,55.5554084777832,47.82426452636719,31.077392578125,245.96424865722656,225.64089965820312,265.50152587890625,89.0252914428711,29.675134658813477,44.764774322509766,31.599525451660156,205.91000366210938,266.2919006347656
2023-05-23,169.0423126220703,307.3942565917969,121.40474700927734,114.98999786376953,126.994140625,95.63036346435547,142.95761108398438,135.49200439453125,55.456058502197266,47.73415756225586,30.59093475341797,244.39923095703125,219.10421752929688,269.4111022949219,87.08616638183594,28.92051887512207,44.847293853759766,32.32529830932617,202.60000610351562,263.5493469238281
2023-05-24,169.3182373046875,306.0194396972656,119.7603988647461,116.75,125.83197784423828,96.69989776611328,142.82086181640625,134.3717041015625,54.98640060424805,47.515296936035156,30.44140625,246.84579467773438,216.83102416992188,265.9035339355469,86.3589859008789,28.420703887939453,44.388832092285156,31.501672744750977,199.27000427246094,263.1352233886719
2023-05-25,170.45135498046875,317.788330078125,122.31609344482422,115.0,126.13878631591797,94.96525573730469,140.76962280273438,133.508544921875,54.56189727783203,47.04216766357422,37.859867095947266,250.2927703857422,217.93350219726562,261.9299621582031,85.45730590820312,26.852663040161133,44.95732498168945,30.849292755126953,200.8699951171875,262.7670593261719
2023-05-26,172.8555145263672,324.58441162109375,123.43543243408203,120.11000061035156,127.31956481933594,94.34510040283203,140.71495056152344,133.51766967773438,54.426414489746094,47.1258544921875,38.822811126708984,259.5540771484375,219.5237579345703,267.483642578125,85.60272979736328,28.420703887939453,45.718387603759766,30.661733627319336,203.6300048828125,263.24566650390625
2023-05-30,174.69808959960938,322.94635009765625,122.50430297851562,121.66000366210938,127.80301666259766,93.50923156738281,140.73316955566406,131.47911071777344,53.99287414550781,47.00999069213867,39.984130859375,260.0295104980469,216.2359161376953,267.09088134765625,85.14704132080078,29.390928268432617,46.00263595581055,30.18060874938965,204.69000244140625,262.2149353027344
2023-05-31,174.64886474609375,320.1966857910156,121.71183013916016,120.58000183105469,126.17597961425781,91.83749389648438,141.3622283935547,130.8546905517578,53.88450241088867,47.27069091796875,37.714332580566406,262.2086486816406,215.6407928466797,260.77960205078125,85.28277587890625,30.81196403503418,45.544166564941406,31.004234313964844,205.6999969482422,262.3897399902344
2023-06-01,177.4471435546875,324.2821044921875,122.5538101196289,122.7699966430664,127.91461944580078,92.89807891845703,140.8881378173828,132.1953887939453,54.19158172607422,47.44449234008789,39.64420700073242,270.0237731933594,220.97743225097656,265.324462890625,85.89360046386719,30.508153915405273,45.60834884643555,31.004234313964844,207.9600067138672,264.9297790527344
2023-06-02,178.2945556640625,327.0317077636719,123.49485778808594,124.25,130.60157775878906,95.05513763427734,143.10350036621094,134.54615783691406,55.239288330078125,47.89829635620117,39.20260238647461,270.0237731933594,223.21160888671875,272.27069091796875,88.00725555419922,30.684560775756836,45.86509323120117,31.28148651123047,213.32000732421875,268.2235107421875
2023-06-05,176.9446258544922,327.55828857421875,124.82222747802734,125.30000305175781,129.31849670410156,94.63270568847656,144.33421325683594,134.01356506347656,54.86898422241211,48.21372604370117,39.04710388183594,268.8153991699219,221.24085998535156,269.6578063964844,88.2302474975586,29.263525009155273,46.039310455322266,31.51798439025879,208.77999877929688,266.8542175292969
2023-06-06,176.580078125,325.3547058105469,126.10997009277344,126.61000061035156,129.5509490966797,95.40567016601562,144.2065887451172,132.6820831298828,54.471580505371094,48.207279205322266,38.53174591064453,268.5479736328125,222.65550231933594,272.3258361816406,89.3549575805664,30.341550827026367,45.67253875732422,31.289649963378906,207.2899932861328,263.2552185058594
2023-06-07,175.21044921875,315.31170654296875,121.34532165527344,121.2300033569336,130.80612182617188,97.54476165771484,144.51658630371094,132.9667205810547,54.390281677246094,48.27809524536133,37.360328674316406,261.0992431640625,219.7774200439453,277.5700378417969,89.7039794921875,30.655160903930664,45.64503479003906,31.71368980407715,211.92999267578125,260.8126525878906
2023-06-08,177.9201202392578,317.144775390625,120.98871612548828,124.25,130.84332275390625,97.23918914794922,146.1028594970703,134.47271728515625,54.525753021240234,48.97650909423828,38.39216995239258,262.0699768066406,217.61154174804688,277.0087890625,89.71367645263672,31.184371948242188,45.55333709716797,31.87679100036621,218.11000061035156,264.4024353027344
2023-06-09,178.30438232421875,318.6365966796875,121.0778579711914,123.43000030517578,131.10362243652344,96.52014923095703,145.8749542236328,134.5828857421875,54.616085052490234,49.272621154785156,38.651363372802734,262.43646240234375,218.10911560058594,273.5679016113281,89.1319351196289,30.713958740234375,45.534996032714844,31.778940200805664,217.30999755859375,265.3369140625
2023-06-12,181.09286499023438,323.5703430175781,122.47457122802734,126.56999969482422,131.09434509277344,95.6483383178711,145.77462768554688,133.52688598632812,54.38125228881836,49.59769821166992,39.36118698120117,268.4786376953125,220.6554718017578,276.7971496582031,90.30512237548828,32.409400939941406,46.28688049316406,32.537322998046875,221.55999755859375,266.9837646484375
2023-06-13,180.61988830566406,325.9494934082031,122.66278076171875,126.66000366210938,132.04269409179688,95.66632080078125,146.54046630859375,133.20547485351562,54.598026275634766,49.983917236328125,40.89647674560547,268.74603271484375,217.95301818847656,276.0795593261719,90.9935073852539,33.23262405395508,46.580299377441406,32.847198486328125,220.3800048828125,266.9652404785156
2023-06-14,181.25048828125,328.92333984375,122.50430297851562,126.41999816894531,131.54989624023438,94.51587677001953,147.28802490234375,134.45436096191406,54.96833419799805,50.48923110961914,42.865440368652344,270.7567443847656,217.99203491210938,275.7391662597656,89.6361083984375,34.869266510009766,46.727012634277344,32.09696578979492,216.89999389648438,266.8634338378906
2023-06-15,183.2802734375,339.4149169921875,123.91090393066406,127.11000061035156,133.03749084472656,95.1719741821289,149.2663116455078,136.31845092773438,55.72369384765625,50.766029357910156,42.522491455078125,279.15631103515625,220.6554718017578,277.8643798828125,90.11119842529297,35.10447311401367,47.61643981933594,32.415000915527344,219.41000366210938,270.72149658203125
2023-06-16,182.2062530517578,333.7889099121094,122.36561584472656,125.48999786376953,133.195556640625,94.48890686035156,149.72213745117188,137.3193817138672,56.12411880493164,50.057945251464844,42.56137466430664,278.3341979980469,223.32867431640625,276.35552978515625,88.5405044555664,35.64347839355469,47.744808197021484,32.66780471801758,219.99000549316406,271.7300109863281
2023-06-20,182.29493713378906,329.61572265625,121.93964385986328,125.77999877929688,132.51686096191406,92.32284545898438,149.63099670410156,136.05215454101562,55.75098419189453,49.61700439453125,43.67395782470703,281.63262939453125,220.94813537597656,277.3031921386719,87.01830291748047,34.30085372924805,47.26799774169922,32.08065414428711,212.3699951171875,271.1193542480469
2023-06-21,181.2603759765625,325.2377014160156,119.4136962890625,124.83000183105469,132.32162475585938,93.35643768310547,149.40306091308594,137.22756958007812,55.905704498291016,49.71356201171875,42.91329574584961,278.9681396484375,221.70913696289062,276.64996337890625,85.94207763671875,32.242801666259766,46.62614440917969,31.721845626831055,212.0800018310547,272.4886169433594
2023-06-22,184.25572204589844,331.2342529296875,121.98918914794922,130.14999389648438,129.7740936279297,92.8441390991211,150.98934936523438,137.69586181640625,56.287940979003906,50.12874984741211,42.89335250854492,282.1773986816406,222.82135009765625,277.091552734375,85.79664611816406,32.05659484863281,46.873722076416016,31.583215713500977,205.61000061035156,271.35992431640625
2023-06-23,183.9404296875,326.6612548828125,121.18681335449219,129.3300018310547,129.0953826904297,92.03523254394531,150.86170959472656,136.32765197753906,55.696388244628906,50.03541564941406,42.0798454284668,285.9908447265625,223.9530487060547,276.75115966796875,85.41852569580078,32.34080123901367,46.14934158325195,31.232561111450195,205.41000366210938,268.2235107421875
2023-06-26,182.55113220214844,320.4014892578125,117.2245101928711,127.33000183105469,129.41151428222656,93.73391723632812,149.17514038085938,136.4653778076172,55.71458435058594,49.9034538269043,40.50767135620117,275.82818603515625,220.78231811523438,283.264892578125,86.00025939941406,32.674007415771484,46.039310455322266,30.08274269104004,205.5800018310547,267.46484375
2023-06-27,185.30020141601562,326.2225036621094,117.2146224975586,129.17999267578125,129.4207763671875,93.96759796142578,148.86520385742188,137.76016235351562,55.59627914428711,49.72321701049805,41.74786376953125,284.3267822265625,221.7969512939453,288.6469421386719,86.34929656982422,33.41883087158203,46.63532638549805,29.699480056762695,209.42999267578125,269.5095520019531
2023-06-28,186.4727325439453,327.47052001953125,119.04718780517578,129.0399932861328,128.85360717773438,94.73158264160156,148.56431579589844,137.73260498046875,55.077545166015625,49.99357223510742,40.99119186401367,282.58355712890625,222.40184020996094,281.99530029296875,86.12630462646484,32.899410247802734,46.644493103027344,29.59346580505371,210.72000122070312,269.9165954589844
2023-06-29,186.8077392578125,326.69049072265625,117.97736358642578,127.9000015258789,133.35360717773438,95.89999389648438,149.6036376953125,137.17245483398438,54.62250518798828,49.655616760253906,40.69709014892578,278.85919189453125,228.6067657470703,283.20050048828125,86.24263763427734,32.25259780883789,46.95625305175781,29.454833984375,211.8300018310547,272.4424133300781
2023-06-30,191.1234588623047,332.0435485839844,118.57170104980469,130.36000061035156,135.222412109375,96.3943099975586,150.898193359375,139.339599609375,54.80451202392578,50.58899688720703,42.17255783081055,284.2575378417969,231.689697265625,285.794921875,86.56259155273438,32.772010803222656,47.442222595214844,29.911497116088867,211.16000366210938,276.0876159667969
2023-07-03,189.63565063476562,329.5571594238281,118.76982879638672,130.22000122070312,136.31024169921875,96.58307647705078,148.9198760986328,140.03749084472656,55.132144927978516,50.91728973388672,42.2832145690918,283.30657958984375,232.16775512695312,285.2244873046875,87.7454605102539,32.94841384887695,47.51558303833008,29.887039184570312,210.9199981689453,272.78472900390625
2023-07-05,188.52218627929688,329.71319580078125,120.60238647460938,130.3800048828125,135.4021759033203,96.08873748779297,148.42758178710938,139.79873657226562,55.54167175292969,50.888328552246094,42.18752670288086,291.5773620605469,233.61167907714844,285.9421691894531,87.05708312988281,31.86058807373047,47.58949279785156,29.73209571838379,213.30999755859375,274.69061279296875
2023-07-06,188.99517822265625,332.7552795410156,118.97785186767578,128.36000061035156,134.0635223388672,92.5025863647461,147.32447814941406,139.5691680908203,55.11394500732422,50.56646728515625,41.97418212890625,289.21990966796875,233.05560302734375,277.8643798828125,86.03903198242188,31.331375122070312,47.219932556152344,29.055255889892578,212.6199951171875,272.8587341308594
2023-07-07,187.88172912597656,328.8063659667969,118.3537826538086,129.77999877929688,135.12132263183594,92.71830749511719,145.1820526123047,136.63987731933594,54.3858757019043,49.40135955810547,42.372947692871094,287.7737731933594,230.68482971191406,278.5912170410156,85.94207763671875,31.213773727416992,47.109073638916016,28.973703384399414,212.10000610351562,270.24969482421875
2023-07-10,185.8421173095703,323.5508117675781,115.35233306884766,127.12999725341797,135.87960815429688,94.09342956542969,145.4191131591797,136.69493103027344,53.976356506347656,49.84873962402344,42.050933837890625,291.3099365234375,232.35311889648438,285.4637145996094,85.41852569580078,32.085994720458984,47.48786163330078,29.096025466918945,213.30999755859375,272.4609375
2023-07-11,185.3198699951172,324.1748352050781,116.03584289550781,128.77999877929688,138.00460815429688,95.24388885498047,144.6168670654297,135.97866821289062,54.16746520996094,49.77470779418945,42.275245666503906,295.4601745605469,234.6848602294922,288.5733947753906,86.76620483398438,32.63480758666992,48.15306854248047,29.373291015625,218.75999450683594,272.6921691894531
2023-07-12,186.98504638671875,328.7868957519531,117.8089599609375,130.8000030517578,138.68798828125,95.71124267578125,144.11544799804688,136.685791015625,54.45868682861328,49.90023422241211,43.76765823364258,306.4053649902344,236.3043975830078,292.1246337890625,87.4061279296875,33.30122375488281,46.87809371948242,29.348831176757812,217.11000061035156,273.4971008300781
2023-07-13,187.74378967285156,334.1106872558594,123.36608123779297,134.3000030517578,139.3619842529297,93.95862579345703,144.7809295654297,136.777587890625,54.92282485961914,49.60735321044922,45.83632278442383,310.4367980957031,237.37757873535156,289.43829345703125,87.71638488769531,33.19342041015625,47.60796356201172,29.405906677246094,216.85000610351562,273.13629150390625
2023-07-14,187.8916015625,336.6262512207031,124.23779296875,134.67999267578125,140.2045440673828,90.72300720214844,145.747314453125,137.7876739501953,55.42336654663086,49.77793502807617,45.32987594604492,305.9398498535156,237.231201171875,291.1862487792969,85.92269897460938,32.4878044128418,46.54549026489258,29.617923736572266,213.1199951171875,272.8772277832031
2023-07-17,191.14317321777344,337.10406494140625,123.47504425048828,133.55999755859375,143.5839385986328,91.11848449707031,145.0179901123047,136.8143310546875,55.34145736694336,49.839088439941406,46.3188362121582,307.67315673828125,238.04100036621094,290.7721862792969,82.95582580566406,33.68343734741211,46.942771911621094,29.242813110351562,211.8699951171875,272.63665771484375
2023-07-18,190.88697814941406,350.52069091796875,122.59344482421875,132.8300018310547,143.84609985351562,90.70503234863281,145.0088348388672,137.07144165039062,55.1230354309082,49.748966217041016,47.34867477416992,309.08966064453125,234.89952087402344,291.4255065917969,83.33395385742188,33.81083679199219,47.34004211425781,29.552701950073242,211.57000732421875,271.8409729003906
2023-07-19,192.23687744140625,346.220703125,120.87974548339844,135.36000061035156,144.39837646484375,91.33419036865234,144.7171173095703,138.0081024169922,56.09682083129883,49.765052795410156,46.93294906616211,313.0121154785156,235.5336456298828,293.92791748046875,84.39077758789062,33.77163314819336,48.43946075439453,29.715787887573242,208.60000610351562,272.1278381347656
2023-07-20,190.29580688476562,338.215576171875,118.07640838623047,129.9600067138672,146.17706298828125,92.94300842285156,153.50555419921875,139.12710571289062,56.77937316894531,50.68555450439453,45.380714416503906,299.6499938964844,233.77752685546875,293.569091796875,83.5860366821289,32.703407287597656,48.384029388427734,29.984895706176758,213.61000061035156,274.9034423828125
2023-07-21,189.1232452392578,335.19293212890625,118.8886947631836,130.0,145.05368041992188,93.3744125366211,155.1556396484375,141.31716918945312,56.82487487792969,50.972007751464844,44.17341995239258,291.46844482421875,233.4165496826172,294.83880615234375,84.52650451660156,33.340431213378906,48.624244689941406,30.498640060424805,211.8000030517578,273.4971008300781
2023-07-24,189.9213409423828,336.49945068359375,120.38445281982422,128.8000030517578,147.9088897705078,94.83943176269531,155.96705627441406,141.76995849609375,56.84308624267578,51.271324157714844,44.475494384765625,288.8435363769531,234.87025451660156,299.10760498046875,83.96417999267578,32.958221435546875,49.06771469116211,30.588340759277344,215.8699951171875,273.2195739746094
2023-07-25,190.778564453125,342.22308349609375,121.05804443359375,129.1300048828125,146.80426025390625,94.98323059082031,157.1613006591797,142.10256958007812,56.65195846557617,51.2294921875,45.53923416137695,291.6764221191406,232.8701934814453,299.1260070800781,83.023681640625,33.41883087158203,49.52041244506836,30.22138214111328,214.1199951171875,270.4902038574219
2023-07-26,191.6456756591797,329.3426208496094,128.05148315429688,128.14999389648438,147.68421936035156,94.45295715332031,157.46214294433594,142.25047302246094,57.38002014160156,51.41294479370117,45.312923431396484,295.737548828125,231.3189697265625,303.2293395996094,83.24669647216797,33.67363357543945,49.169342041015625,30.34369468688965,232.8000030517578,269.9259033203125
2023-07-27,190.38449096679688,322.46856689453125,128.18026733398438,128.25,146.0553436279297,94.74954986572266,158.34645080566406,140.5594024658203,56.82487487792969,51.22626876831055,45.75955581665039,308.7528381347656,228.72386169433594,303.3396911621094,82.76190948486328,33.85983657836914,48.9660758972168,29.84897232055664,233.75,273.1085510253906
2023-07-28,192.9561309814453,329.92767333984375,131.33030700683594,132.2100067138672,146.8885040283203,93.6170883178711,159.06666564941406,144.5329132080078,56.86128234863281,51.4676628112793,46.606956481933594,322.3922424316406,230.00189208984375,304.866943359375,83.50846862792969,36.09429931640625,48.125335693359375,29.741769790649414,238.69000244140625,272.0352783203125
2023-07-31,193.56704711914062,327.53875732421875,131.46897888183594,133.67999267578125,147.8714599609375,96.38534545898438,152.73060607910156,144.43124389648438,56.36073684692383,51.45157241821289,46.58600997924805,315.5775146484375,231.93357849121094,307.1393737792969,86.1844711303711,35.05546569824219,48.079158782958984,29.7335262298584,238.85000610351562,271.2674255371094
2023-08-01,192.73939514160156,327.9483642578125,130.3100128173828,131.69000244140625,147.14126586914062,95.82809448242188,153.97048950195312,144.3850555419922,56.21512985229492,51.210182189941406,46.36469650268555,319.6484680175781,233.93362426757812,305.5110168457031,86.32020568847656,35.08486557006836,48.65196228027344,29.36247444152832,238.00999450683594,269.2967224121094
2023-08-02,189.75384521484375,319.3288879394531,127.16989135742188,128.2100067138672,145.47494506835938,94.63270568847656,154.900390625,144.69921875,56.38804244995117,51.24557876586914,44.133544921875,311.3282470703125,231.7677764892578,302.22650146484375,83.67330169677734,33.70303726196289,48.57804489135742,29.14809799194336,231.3800048828125,267.9552307128906
2023-08-03,188.36456298828125,318.5098876953125,127.2392349243164,128.91000366210938,146.36427307128906,96.2774887084961,155.5658721923828,145.07809448242188,56.09682083129883,51.258453369140625,44.37879180908203,310.2187805175781,232.93850708007812,303.4685363769531,82.88794708251953,34.17344284057617,49.10466766357422,28.8594970703125,231.36000061035156,269.2504577636719
2023-08-04,179.31924438476562,319.60186767578125,126.90242767333984,139.57000732421875,146.0553436279297,96.547119140625,154.10720825195312,143.48870849609375,55.250450134277344,50.96234893798828,44.54328536987305,307.7822265625,233.1628875732422,300.3221130371094,83.67330169677734,34.56195068359375,48.624244689941406,28.875993728637695,231.36000061035156,265.5497131347656
2023-08-07,176.22537231445312,321.873779296875,130.29019165039062,142.22000122070312,146.74806213378906,96.34937286376953,157.80857849121094,145.00413513183594,55.68729019165039,51.65433883666992,45.27803039550781,313.5568542480469,235.62144470214844,302.8429260253906,84.18717193603516,34.65047073364258,48.97532272338867,29.420194625854492,238.25,269.60205078125
2023-08-08,177.16140747070312,317.91510009765625,130.16140747070312,139.94000244140625,145.92430114746094,96.82573699951172,157.88153076171875,145.16123962402344,55.441566467285156,51.70582962036133,44.52733612060547,309.6741027832031,233.45556640625,301.5916748046875,85.44760131835938,34.44392395019531,49.02151870727539,29.38721466064453,238.0399932861328,267.9181823730469
2023-08-09,175.57504272460938,314.1903991699219,128.4378204345703,137.85000610351562,143.96775817871094,98.47051239013672,157.78125,144.97645568847656,55.56898498535156,51.78951644897461,42.42379379272461,302.3144836425781,233.91412353515625,301.95965576171875,84.82707977294922,33.716094970703125,48.956851959228516,29.552127838134766,237.86000061035156,266.669189453125
2023-08-10,175.35826110839844,314.8728942871094,128.46755981445312,138.55999755859375,143.7524871826172,98.97381591796875,156.96070861816406,144.2556610107422,55.441566467285156,51.76367950439453,42.25830078125,302.8395080566406,234.74496459960938,303.05450439453125,88.96712493896484,34.10951232910156,49.30792236328125,29.453176498413086,238.25999450683594,266.0863342285156
2023-08-11,175.41746520996094,313.00079345703125,128.33876037597656,138.41000366210938,144.58560180664062,100.5107421875,158.4923553466797,145.09658813476562,55.66908264160156,52.067298889160156,40.7299919128418,298.7784118652344,234.62765502929688,304.6277770996094,86.31050872802734,34.316062927246094,49.695953369140625,29.7170352935791,235.72000122070312,267.0300598144531
2023-08-14,177.065185546875,315.9552307128906,130.09205627441406,140.57000732421875,144.8851776123047,100.59162902832031,158.1185302734375,143.95994567871094,55.40517044067383,51.67969512939453,43.61912536621094,303.2852478027344,237.42318725585938,303.5605163574219,86.10689544677734,35.09306335449219,49.77909851074219,29.741769790649414,236.7100067138672,267.2057800292969
2023-08-15,175.08200073242188,313.82958984375,128.55667114257812,137.6699981689453,141.19683837890625,98.00909423828125,157.6627197265625,143.03591918945312,55.03203582763672,51.41484069824219,43.80555725097656,299.08544921875,234.42237854003906,305.5754089355469,84.41017150878906,34.198036193847656,49.28943634033203,29.181072235107422,232.25999450683594,266.7339172363281
2023-08-16,174.21372985839844,313.0673828125,127.48686218261719,135.07000732421875,140.59771728515625,96.35991668701172,157.1613006591797,141.57591247558594,55.0411376953125,51.44068145751953,43.35293960571289,291.4981689453125,233.8945770263672,306.3941650390625,83.72177124023438,32.978431701660156,48.92913055419922,29.255287170410156,229.9499969482422,264.05084228515625
2023-08-17,171.67803955078125,309.6280517578125,128.6953582763672,133.97999572753906,139.13735961914062,98.22659301757812,158.63818359375,140.5594024658203,55.15944290161133,50.28757095336914,43.21137237548828,282.3854064941406,232.0178985595703,301.10406494140625,83.30486297607422,32.0440673828125,50.56441116333008,30.10457992553711,224.5399932861328,260.7756652832031
2023-08-18,172.1614990234375,309.2371826171875,126.25856018066406,133.22000122070312,139.4556121826172,99.71266174316406,157.25245666503906,140.956787109375,55.4688720703125,51.011085510253906,43.166507720947266,280.5628967285156,232.79983520507812,301.1868896484375,83.3436508178711,32.211265563964844,50.85081481933594,30.228261947631836,226.64999389648438,260.6646423339844
2023-08-21,173.49346923828125,314.5135498046875,127.15998840332031,134.67999267578125,139.93309020996094,98.50749969482422,152.56651306152344,140.2452392578125,54.99563980102539,50.87543487548828,46.82328796386719,287.1497497558594,234.06076049804688,298.1416320800781,83.26608276367188,32.594852447509766,51.22037124633789,30.516857147216797,227.22000122070312,259.091796875
2023-08-22,174.86492919921875,315.08026123046875,127.86328887939453,134.25,137.03103637695312,97.9547348022461,151.3540496826172,140.30068969726562,54.658905029296875,50.71393966674805,45.52825927734375,284.87164306640625,235.14573669433594,298.5280456542969,83.17882537841797,32.348960876464844,51.23884582519531,30.37668228149414,230.07000732421875,259.341552734375
2023-08-23,178.70298767089844,319.51641845703125,131.1222686767578,135.52000427246094,137.95779418945312,97.09388732910156,149.9956512451172,141.6128692626953,54.85002517700195,51.066001892089844,46.971839904785156,291.44854736328125,236.83670043945312,300.0091857910156,83.21761322021484,33.4210319519043,51.719268798828125,30.228261947631836,228.5800018310547,260.78485107421875
2023-08-24,174.0262908935547,312.64727783203125,128.55667114257812,131.83999633789062,137.82675170898438,96.36896514892578,150.5061492919922,140.956787109375,54.70440673828125,50.6751708984375,47.0186882019043,284.0296325683594,234.0705108642578,296.7891845703125,79.95987701416016,32.05389404296875,51.03559494018555,29.81598472595215,217.30999755859375,261.2289733886719
2023-08-25,176.22654724121094,315.58843994140625,128.65576171875,133.25999450683594,137.6582489013672,98.09066009521484,152.66412353515625,141.88084411621094,54.959228515625,50.97555923461914,45.877201080322266,282.79150390625,237.10064697265625,297.0375671386719,80.82279205322266,32.70303726196289,51.460575103759766,29.997385025024414,223.41000366210938,263.2922058105469
2023-08-28,177.78543090820312,316.2919616699219,129.7751007080078,133.13999938964844,138.1356964111328,98.91525268554688,150.86428833007812,142.10256958007812,55.11394500732422,51.266258239746094,46.69169616699219,287.50634765625,238.3322296142578,299.84368896484375,81.59842681884766,33.066951751708984,51.92251968383789,29.85721206665039,227.05999755859375,262.45953369140625
2023-08-29,181.6629638671875,320.8941345214844,133.30154418945312,134.91000366210938,139.25901794433594,99.50424194335938,150.88265991210938,142.1857452392578,55.05933380126953,51.69584274291992,48.634727478027344,295.1629943847656,239.80813598632812,303.03607177734375,81.83113861083984,33.745601654052734,52.25511932373047,29.807743072509766,227.25,262.3762512207031
2023-08-30,185.14588928222656,321.26544189453125,134.59922790527344,135.07000732421875,138.6973419189453,100.47383117675781,150.3500518798828,142.34286499023438,55.03203582763672,52.067298889160156,49.113258361816406,292.3004455566406,240.67808532714844,306.12860107421875,81.71478271484375,33.96198272705078,52.48609924316406,29.601594924926758,228.85000610351562,262.9776306152344
2023-08-31,185.36294555664062,320.259033203125,134.886474609375,138.00999450683594,136.98423767089844,100.75474548339844,148.4675750732422,142.6200714111328,54.4495964050293,52.52273178100586,49.20398712158203,293.0829162597656,240.1405029296875,305.82305908203125,81.13304138183594,34.56195068359375,52.98499298095703,29.17283058166504,224.02999877929688,261.51727294921875
2023-09-01,186.93173217773438,321.138427734375,134.38128662109375,138.1199951171875,137.44296264648438,102.86605834960938,147.3656463623047,142.7771759033203,53.976356506347656,52.18680191040039,48.36056137084961,293.56829833984375,242.51571655273438,308.39703369140625,79.15514373779297,36.00776672363281,53.43769836425781,29.502656936645508,223.39999389648438,261.3219909667969
2023-09-05,187.16856384277344,325.9164733886719,134.49021911621094,137.27000427246094,135.92642211914062,102.8751220703125,147.54928588867188,140.8643798828125,53.53042221069336,51.76690673828125,48.399452209472656,297.3025817871094,239.80813598632812,303.4898376464844,78.71883392333984,36.10612106323242,52.90184020996094,29.17283058166504,222.57000732421875,259.666259765625
2023-09-06,180.46913146972656,325.2618713378906,133.19256591796875,135.36000061035156,135.70175170898438,103.76316833496094,145.09750366210938,140.587158203125,53.494014739990234,52.15450668334961,46.92086410522461,296.3318176269531,240.60968017578125,301.841796875,78.51522064208984,36.37167739868164,52.8094596862793,28.34002685546875,217.9499969482422,256.2060241699219
2023-09-07,175.1905517578125,322.35986328125,133.9850311279297,137.85000610351562,134.54095458984375,103.25568389892578,146.952392578125,141.92706298828125,53.0844841003418,52.800498962402344,46.103309631347656,295.8365783691406,241.56756591796875,304.0823974609375,78.11771392822266,37.551944732666016,52.46761703491211,28.265811920166016,216.0500030517578,258.8941650390625
2023-09-08,175.80226135253906,326.62005615234375,135.09449768066406,138.22999572753906,134.64390563964844,104.7599105834961,147.43910217285156,141.31716918945312,53.0844841003418,52.89739990234375,45.43629837036133,295.0639343261719,241.71417236328125,304.3509216308594,79.09696197509766,37.384735107421875,52.35675048828125,28.241077423095703,211.27000427246094,259.7220764160156
2023-09-11,176.96649169921875,330.2060241699219,135.62939453125,143.10000610351562,135.23367309570312,103.44599914550781,149.3675079345703,142.99893188476562,53.585018157958984,53.081504821777344,45.04347229003906,304.6422119140625,241.64578247070312,304.0361022949219,80.00834655761719,37.955196380615234,52.51381301879883,27.985464096069336,211.00999450683594,260.224365234375
2023-09-12,173.9473419189453,324.1771545410156,134.06427001953125,141.22999572753906,136.99359130859375,106.46348571777344,150.2123260498047,140.48550415039062,53.057186126708984,53.1396484375,44.73638916015625,298.7982177734375,241.7239532470703,302.1009521484375,81.13304138183594,38.22075271606445,52.098060607910156,28.158626556396484,210.64999389648438,261.10797119140625
2023-09-13,171.88522338867188,328.36907958984375,135.42135620117188,144.85000610351562,137.05914306640625,105.51203155517578,150.58880615234375,141.4650115966797,53.18458557128906,53.15256881713867,45.34955978393555,302.16595458984375,242.24200439453125,301.7306213378906,80.93914031982422,38.073219299316406,51.996437072753906,28.100900650024414,208.39999389648438,262.093994140625
2023-09-14,173.3948211669922,330.9486389160156,136.79827880859375,144.72000122070312,139.71774291992188,107.39679718017578,150.3592529296875,143.0174560546875,53.6248893737793,53.37543869018555,45.44527816772461,308.7627868652344,236.0547637939453,305.2027282714844,81.90870666503906,38.033878326416016,52.079586029052734,28.158626556396484,209.0500030517578,264.87518310546875
2023-09-15,172.67454528808594,322.66265869140625,136.1048583984375,140.38999938964844,139.30584716796875,105.74761962890625,148.25636291503906,141.816162109375,53.14789962768555,53.178409576416016,43.7692756652832,297.4610900878906,235.63446044921875,297.5825500488281,82.97522735595703,37.25687789916992,51.77470016479492,28.0926570892334,208.11000061035156,258.8011779785156
2023-09-18,175.59506225585938,321.5292663574219,136.90721130371094,139.97999572753906,139.5960235595703,106.59940338134766,149.19300842285156,142.35211181640625,53.478126525878906,52.78434371948242,43.83507537841797,299.67974853515625,239.1435089111328,293.7493591308594,82.43226623535156,37.36506652832031,51.8393669128418,27.738096237182617,205.1199951171875,258.3268127441406
2023-09-19,176.68040466308594,321.1286315917969,136.73883056640625,137.6300048828125,139.41818237304688,106.31849670410156,148.94509887695312,141.93626403808594,53.368045806884766,52.77143096923828,43.39041519165039,302.1758117675781,238.06829833984375,291.2957763671875,79.44601440429688,35.74220657348633,51.58992004394531,28.02669334411621,204.47999572753906,258.7081604003906
2023-09-20,173.1481475830078,313.428955078125,132.4793701171875,135.2899932861328,138.82843017578125,105.47577667236328,149.59707641601562,141.816162109375,53.60654067993164,52.94261932373047,42.113224029541016,296.82708740234375,236.40664672851562,287.82366943359375,80.04712677001953,34.11935043334961,51.27580642700195,27.721607208251953,202.3699951171875,257.8431396484375
2023-09-21,171.60897827148438,312.21734619140625,129.21046447753906,129.3300018310547,137.74249267578125,103.98970031738281,148.44924926757812,140.587158203125,52.780982971191406,52.29985427856445,40.89485549926758,292.92449951171875,231.2749786376953,284.0275573730469,80.21195983886719,34.08000946044922,49.280208587646484,27.086698532104492,199.9499969482422,252.2806854248047
2023-09-22,172.4574737548828,309.75506591796875,129.0222625732422,129.1199951171875,136.42254638671875,104.15280151367188,147.38401794433594,140.06968688964844,52.83602523803711,52.438751220703125,41.48610305786133,296.24261474609375,229.7794952392578,283.0738220214844,78.77700805664062,33.61774444580078,49.49269485473633,26.954769134521484,197.7100067138672,253.2108612060547
2023-09-25,173.7303009033203,310.27294921875,129.87416076660156,131.27000427246094,137.09657287597656,105.32173156738281,147.1636505126953,139.2195281982422,52.285640716552734,52.671302795410156,42.09627914428711,297.9761047363281,228.09829711914062,283.77752685546875,78.5443115234375,33.72593307495117,49.409549713134766,27.193891525268555,198.77999877929688,250.94126892089844
2023-09-26,169.665283203125,304.9964904785156,127.35810852050781,125.9800033569336,135.6736602783203,105.48484802246094,146.02496337890625,137.9813232421875,51.854515075683594,52.48720169067383,41.78620147705078,296.1237487792969,224.471923828125,280.1202392578125,77.61353302001953,33.27349853515625,48.69816207885742,26.71565055847168,195.63999938964844,249.02511596679688
2023-09-27,168.15567016601562,305.63165283203125,129.3095245361328,125.9800033569336,136.46932983398438,108.91913604736328,144.27102661132812,136.15164184570312,51.32248306274414,52.235252380371094,42.34153747558594,294.9153747558594,224.3253173828125,279.4535827636719,77.46810150146484,34.040672302246094,49.15085983276367,26.468278884887695,195.4600067138672,245.22999572753906
2023-09-28,168.4122314453125,306.4622497558594,131.06283569335938,125.9800033569336,138.1637725830078,108.25765228271484,144.05982971191406,135.22755432128906,51.19407272338867,52.500118255615234,42.960693359375,301.0763244628906,226.4365997314453,280.9998474121094,77.69109344482422,34.60129165649414,49.77909851074219,26.460033416748047,190.42999267578125,247.0438232421875
2023-09-29,168.92527770996094,308.5238952636719,129.6265106201172,127.12000274658203,135.75790405273438,106.5450210571289,143.02220153808594,134.78402709960938,51.350006103515625,51.65708923339844,43.36946487426758,297.3619079589844,224.82379150390625,279.7684326171875,78.58309173583984,34.96520233154297,49.668235778808594,27.350557327270508,191.67999267578125,245.04397583007812
2023-10-02,171.431396484375,314.4354248046875,132.90533447265625,129.4600067138672,134.5877227783203,104.77803039550781,142.47122192382812,134.16490173339844,50.891357421875,51.71200180053711,44.64865493774414,303.9093322753906,226.05540466308594,277.6109924316406,79.18421936035156,34.87668228149414,50.25028610229492,27.985464096069336,187.8300018310547,239.75131225585938
2023-10-03,170.09938049316406,306.2178955078125,131.18170166015625,124.72000122070312,133.59544372558594,104.95927429199219,142.6456756591797,134.44212341308594,50.34098815917969,51.385772705078125,43.38741683959961,298.0850524902344,223.65090942382812,270.30572509765625,77.11905670166016,35.10289764404297,49.924591064453125,27.952486038208008,188.9199981689453,236.7189483642578
2023-10-04,171.34255981445312,311.660400390625,133.9652557373047,127.0,134.19456481933594,101.03565216064453,142.8109893798828,134.8856658935547,50.48775100708008,52.0026969909668,43.90985870361328,302.68096923828125,226.00653076171875,270.72247314453125,76.90576171875,35.338958740234375,49.73847198486328,27.465993881225586,186.72999572753906,237.94677734375
2023-10-05,172.57589721679688,312.0512390136719,133.79681396484375,125.95999908447266,134.76036071777344,98.7612075805664,144.29861450195312,132.8804473876953,48.04775619506836,51.382545471191406,44.554935455322266,301.89849853515625,228.21559143066406,270.08355712890625,78.35041046142578,35.29961013793945,49.38486099243164,27.59792709350586,186.2899932861328,234.6167449951172
2023-10-06,175.12147521972656,319.77044677734375,136.28317260742188,127.95999908447266,136.8350830078125,97.11203002929688,144.75772094726562,133.14842224121094,48.74488830566406,50.5201416015625,45.625736236572266,312.4375,229.74037170410156,271.12054443359375,80.41557312011719,35.59467315673828,49.73847198486328,27.31757354736328,187.3800048828125,230.8867645263672
2023-10-09,176.6014862060547,322.27191162109375,137.115234375,128.25999450683594,136.5238800048828,100.51007843017578,145.58421325683594,132.47384643554688,48.506404876708984,50.336021423339844,45.13818359375,315.3397216796875,229.15396118164062,273.4723205566406,82.12200164794922,35.46681594848633,50.17584228515625,27.375293731689453,188.49000549316406,232.4680633544922
2023-10-10,176.0094757080078,320.87457275390625,136.75863647460938,129.47999572753906,137.35374450683594,100.08417510986328,145.4188995361328,133.78602600097656,49.561283111572266,50.904502868652344,45.6616325378418,318.7867736816406,231.26522827148438,277.0462646484375,82.4031753540039,35.83073043823242,50.12931442260742,27.350557327270508,193.52999877929688,233.95631408691406
2023-10-11,177.40065002441406,324.8123779296875,139.22518920898438,131.8300018310547,137.82525634765625,96.49583435058594,143.4170379638672,132.1411895751953,49.26774978637695,51.10799026489258,46.66661834716797,324.71002197265625,230.365966796875,275.9629211425781,82.26742553710938,36.2733268737793,49.933895111083984,27.301088333129883,196.07000732421875,233.39820861816406
2023-10-12,178.29849243164062,323.58123779296875,137.66006469726562,132.3300018310547,137.50462341308594,96.47769927978516,143.55479431152344,132.43692016601562,48.44219207763672,51.34054946899414,46.805206298828125,321.08477783203125,231.44117736816406,271.3056945800781,81.78265380859375,36.233985900878906,50.11069869995117,27.14441680908203,191.3000030517578,228.99850463867188
2023-10-13,176.4633331298828,320.229736328125,136.06524658203125,129.7899932861328,139.5698699951172,99.55863189697266,144.0323028564453,133.702880859375,48.515567779541016,51.62479019165039,45.325626373291016,311.7046203613281,232.3111114501953,270.2872619628906,81.78265380859375,35.3782958984375,50.036258697509766,26.476526260375977,184.91000366210938,230.97048950195312
2023-10-16,176.3350372314453,325.0273742675781,137.7888641357422,132.5500030517578,139.42843627929688,99.63111114501953,144.65672302246094,134.9781036376953,49.01091384887695,52.07052993774414,45.95774459838867,318.10333251953125,234.65699768066406,275.2962951660156,83.10125732421875,35.95859146118164,50.399173736572266,27.43301773071289,184.92999267578125,232.48667907714844
2023-10-17,174.78599548339844,324.46063232421875,138.40301513671875,131.47000122070312,139.1266632080078,100.93596649169922,143.33441162109375,135.1536407470703,49.59797668457031,52.13835144042969,43.80717086791992,320.9262390136719,235.76150512695312,274.0093078613281,83.57634735107422,35.46681594848633,50.1944465637207,27.004247665405273,185.60000610351562,233.60284423828125
2023-10-18,173.49346923828125,322.55523681640625,136.65957641601562,128.1300048828125,137.5989532470703,102.34955596923828,140.2489776611328,138.63735961914062,49.57963562011719,52.17711639404297,42.070350646972656,313.96295166015625,232.11563110351562,268.7317199707031,82.10260009765625,35.0537223815918,50.036258697509766,25.899335861206055,185.69000244140625,238.1514129638672
2023-10-19,173.11854553222656,323.737548828125,136.45156860351562,128.39999389648438,137.01422119140625,102.41297912597656,139.8724822998047,137.857177734375,49.854820251464844,51.928401947021484,41.975643157958984,309.8424072265625,228.5381622314453,265.51885986328125,80.71613311767578,35.08323287963867,49.61750793457031,25.71793556213379,182.7899932861328,240.3372802734375
2023-10-20,170.572998046875,319.1939392089844,134.3218536376953,125.16999816894531,134.8075408935547,100.65507507324219,140.49693298339844,137.67120361328125,50.05662155151367,51.279170989990234,41.263763427734375,305.7218933105469,228.1178436279297,265.185546875,80.13439178466797,34.34556579589844,49.25458526611328,25.272674560546875,180.0399932861328,240.0861358642578
2023-10-23,170.69139099121094,321.7833251953125,135.21334838867188,126.55999755859375,132.96861267089844,99.17803192138672,139.0185089111328,137.7642059326172,49.60715103149414,52.005924224853516,42.8470344543457,311.031005859375,226.30955505371094,263.9448547363281,80.57069396972656,33.29317092895508,48.57527160644531,25.42934226989746,181.02999877929688,236.96078491210938
2023-10-24,171.12550354003906,322.9656677246094,137.50157165527344,128.55999755859375,133.12893676757812,98.21751403808594,138.8715362548828,139.39151000976562,51.03812789916992,52.72944259643555,43.53298568725586,309.5849304199219,229.3591766357422,262.3152770996094,80.04712677001953,34.02099609375,49.32903289794922,25.09127426147461,182.36000061035156,239.30482482910156
2023-10-25,168.81675720214844,332.87353515625,124.4260025024414,121.38999938964844,132.40277099609375,98.39875030517578,139.18377685546875,140.04244995117188,51.478424072265625,52.571170806884766,41.654598236083984,296.68841552734375,231.5095977783203,260.1116027832031,78.13709259033203,32.289947509765625,48.76138687133789,25.338638305664062,177.72999572753906,240.0117645263672
2023-10-26,164.66290283203125,320.38604736328125,121.12738037109375,119.56999969482422,132.74229431152344,97.50165557861328,136.82379150390625,139.2985382080078,51.16655349731445,52.25140380859375,40.20591735839844,285.61444091796875,226.06520080566406,257.39874267578125,77.35176086425781,31.98504638671875,47.802913665771484,25.693193435668945,179.08999633789062,237.96539306640625
2023-10-27,165.97515869140625,322.2621154785156,121.01841735839844,127.73999786376953,127.9610366821289,95.6440658569336,133.70164489746094,136.84361267089844,50.67121505737305,52.0576057434082,40.3794059753418,293.9150085449219,224.1005096435547,255.97286987304688,76.91545104980469,34.95536804199219,47.97972106933594,24.82741355895996,179.69000244140625,237.90025329589844
2023-10-30,168.0175323486328,329.5904541015625,123.28683471679688,132.7100067138672,129.592529296875,95.94307708740234,135.01478576660156,138.79637145996094,51.505950927734375,52.655155181884766,41.03843688964844,299.7886962890625,227.82456970214844,260.620849609375,78.224365234375,35.10289764404297,47.98902130126953,25.190217971801758,182.35000610351562,241.98370361328125
2023-10-31,168.49114990234375,330.37213134765625,122.9104232788086,133.08999633789062,131.13906860351562,95.91590118408203,136.2177276611328,139.51239013671875,51.81782531738281,52.7811279296875,40.6585693359375,298.411865234375,229.79905700683594,263.593017578125,79.10665893554688,35.899574279785156,48.510135650634766,25.198463439941406,186.82000732421875,243.86264038085938
2023-11-01,171.64842224121094,338.1499938964844,125.25808715820312,137.0,131.02597045898438,95.7256088256836,136.53912353515625,139.12185668945312,51.77196502685547,53.2526969909668,42.198970794677734,308.89154052734375,233.2006072998047,265.3892517089844,78.60249328613281,36.676578521728516,48.56596755981445,25.157236099243164,189.3800048828125,243.6765899658203
2023-11-02,175.2003936767578,340.34844970703125,126.28828430175781,138.07000732421875,133.36468505859375,98.86994171142578,137.9624786376953,140.8235626220703,52.368194580078125,53.46265411376953,43.37644577026367,307.9208068847656,237.76528930664062,272.7037658691406,80.75492095947266,37.07984161376953,49.08708190917969,25.148988723754883,192.00999450683594,248.21578979492188
2023-11-03,174.2926483154297,344.7259521484375,127.88310241699219,138.60000610351562,134.85470581054688,97.6647720336914,138.97256469726562,139.5496063232422,52.047149658203125,53.18486404418945,44.87099075317383,311.61541748046875,238.10739135742188,273.7037353515625,82.48074340820312,37.51259994506836,49.32903289794922,25.775651931762695,195.0500030517578,249.1645965576172
2023-11-06,176.83822631835938,348.3705749511719,129.0222625732422,139.74000549316406,135.8731689453125,95.93402862548828,139.3031463623047,140.35861206054688,52.25812911987305,53.255924224853516,45.61476516723633,312.80401611328125,237.9998779296875,272.7408447265625,81.46270751953125,37.448463439941406,49.5895881652832,25.709688186645508,192.9499969482422,250.13197326660156
2023-11-07,179.39370727539062,352.2790222167969,129.73548889160156,142.7100067138672,135.80714416503906,94.42981719970703,138.5685272216797,140.0331268310547,52.45075607299805,53.504642486572266,45.81816101074219,315.79541015625,239.25100708007812,272.92608642578125,82.01534271240234,38.25762176513672,49.440704345703125,25.76740837097168,191.41000366210938,249.90878295898438
2023-11-08,180.44940185546875,354.887939453125,130.59727478027344,142.0800018310547,136.4766845703125,93.26993560791016,138.06346130371094,139.49380493164062,52.368194580078125,53.06858444213867,46.4353141784668,316.74627685546875,238.91798400878906,273.9907531738281,81.92809295654297,37.418853759765625,49.31972122192383,25.4128475189209,191.8300018310547,248.8111572265625
2023-11-09,179.975830078125,352.4354248046875,129.01235961914062,140.60000610351562,136.07119750976562,93.297119140625,135.3728790283203,139.8099365234375,51.97377014160156,52.94585037231445,46.81019592285156,317.5089111328125,236.69442749023438,266.5373229980469,87.59033203125,37.30044174194336,48.389156341552734,24.80280876159668,193.3300018310547,248.27166748046875
2023-11-10,184.1548614501953,361.2098693847656,131.3402099609375,143.55999755859375,138.08932495117188,94.01298522949219,135.216796875,140.79566955566406,52.02880096435547,53.67905807495117,48.19107437133789,325.6510314941406,240.2305450439453,269.981689453125,85.58334350585938,38.346431732177734,48.93819046020508,24.635669708251953,196.64999389648438,249.09019470214844
2023-11-13,182.5740966796875,358.2882995605469,130.8448944091797,142.58999633789062,137.476318359375,95.00068664550781,135.56573486328125,141.7720489501953,52.221431732177734,54.160316467285156,48.4752197265625,326.0670166015625,239.6623992919922,266.7225036621094,86.71773529052734,37.72475814819336,48.603187561035156,24.217832565307617,204.5399932861328,250.40174865722656
2023-11-14,185.18234252929688,361.796142578125,132.36048889160156,145.8000030517578,139.98483276367188,95.36647033691406,135.5933074951172,141.45591735839844,52.37737274169922,54.150630950927734,49.50813674926758,333.1195373535156,241.88597106933594,281.1294860839844,88.2981185913086,38.88916778564453,49.47792434692383,24.451826095581055,207.47000122070312,252.5317840576172
2023-11-15,185.7454376220703,361.9429931640625,133.35105895996094,143.1999969482422,141.21078491210938,94.79037475585938,136.64015197753906,140.80494689941406,52.47827911376953,54.838623046875,48.742427825927734,329.5536193847656,243.0320281982422,285.35150146484375,91.0710678100586,40.073307037353516,49.58027648925781,25.2289981842041,208.7100067138672,251.5086669921875
2023-11-16,187.42498779296875,368.3072204589844,135.63929748535156,142.8300018310547,142.82337951660156,93.69304656982422,137.8339080810547,142.11610412597656,52.42323684692383,50.40062713623047,49.332664489746094,331.01959228515625,243.48260498046875,283.731201171875,91.63340759277344,42.7770881652832,44.70414733886719,24.878013610839844,206.60000610351562,256.8385314941406
2023-11-17,187.4051971435547,362.1192626953125,134.03453063964844,145.17999267578125,144.1153564453125,95.9791259765625,137.5492401123047,140.4794921875,52.524131774902344,50.17776107788086,49.151206970214844,331.8615417480469,244.4523162841797,284.4996643066406,91.28437042236328,43.23101806640625,44.44358825683594,25.003368377685547,208.0399932861328,256.4943542480469
2023-11-20,189.14402770996094,369.55059814453125,134.96572875976562,146.1300048828125,144.55856323242188,95.55850219726562,138.76181030273438,139.73556518554688,52.652565002441406,50.16160202026367,50.25890350341797,336.7447814941406,244.8539276123047,285.35150146484375,92.13758087158203,44.14872741699219,44.918174743652344,25.05350685119629,217.7100067138672,259.5452880859375
2023-11-21,188.3437957763672,365.27197265625,135.678955078125,143.89999389648438,144.2567901611328,95.52191925048828,139.88185119628906,139.12185668945312,53.23046112060547,50.34248733520508,49.79528045654297,333.78314208984375,247.0676727294922,282.7126770019531,91.57524108886719,43.063262939453125,44.48080825805664,25.3209228515625,218.27000427246094,260.8847961425781
2023-11-22,189.00572204589844,369.9519958496094,137.1845703125,146.7100067138672,144.59628295898438,95.11041259765625,139.60414123535156,140.43299865722656,53.58820343017578,49.9581184387207,48.57093048095703,338.2503662109375,248.52719116210938,286.28668212890625,92.1763687133789,43.09286117553711,44.741363525390625,25.33763885498047,219.91000366210938,262.24273681640625
2023-11-24,187.68185424804688,369.5408020019531,135.40158081054688,146.74000549316406,144.79432678222656,95.62251281738281,141.15919494628906,140.76776123046875,53.72579574584961,50.40708923339844,47.633731842041016,335.021240234375,249.09532165527344,287.6755676269531,93.13623046875,43.3790283203125,45.001922607421875,25.488056182861328,220.0,262.8101806640625
2023-11-27,187.5040283203125,370.6961364746094,135.1242218017578,147.72999572753906,144.46424865722656,95.064697265625,140.02993774414062,140.63758850097656,53.6248893737793,50.636417388916016,48.09834671020508,331.5247497558594,248.93858337402344,287.87921142578125,92.27332305908203,43.4974479675293,44.601776123046875,25.187217712402344,219.3000030517578,262.15911865234375
2023-11-28,188.10667419433594,374.70062255859375,135.90673828125,147.02999877929688,144.79432678222656,95.00984954833984,140.35391235351562,141.61395263671875,53.73496627807617,51.240413665771484,47.67860412597656,335.7740478515625,247.7631378173828,290.1199035644531,89.68458557128906,43.64546203613281,44.527339935302734,24.811159133911133,222.3699951171875,262.3916320800781
2023-11-29,187.08908081054688,370.9311218261719,133.71759033203125,146.32000732421875,145.52992248535156,93.58329772949219,140.79820251464844,140.5352783203125,53.41391372680664,50.413543701171875,47.99665451049805,329.0484924316406,249.02674865722656,289.905517578125,89.68458557128906,44.34607696533203,44.71344757080078,25.13707733154297,224.42999267578125,260.8010559082031
2023-11-30,187.66212463378906,370.9898681640625,131.28074645996094,146.08999633789062,147.1896209716797,93.9490966796875,143.1585693359375,142.75775146484375,54.03338623046875,50.28757095336914,46.630733489990234,324.0463562011719,251.42662048339844,292.207763671875,89.86881256103516,44.1092529296875,45.020530700683594,25.462987899780273,231.6300048828125,263.7299499511719
2023-12-01,188.93658447265625,366.6818542480469,130.6171112060547,147.02999877929688,147.9063262939453,94.1777114868164,146.6019287109375,141.95803833007812,54.21830749511719,49.85152816772461,46.62575149536133,321.7384948730469,251.20132446289062,297.92169189453125,89.76216125488281,43.16194152832031,45.104286193847656,24.159337997436523,233.8699951171875,267.585205078125
2023-12-04,187.14834594726562,361.4241027832031,128.05148315429688,144.83999633789062,148.99085998535156,93.66561126708984,147.0647735595703,141.40008544921875,54.15359115600586,49.83860778808594,45.374481201171875,316.9840393066406,249.2324676513672,302.02294921875,89.20951080322266,41.790306091308594,44.71344757080078,24.468534469604492,234.8699951171875,267.7442932128906
2023-12-05,191.09030151367188,364.73345947265625,129.7552947998047,146.8800048828125,148.9720001220703,91.84588623046875,146.75930786132812,136.47161865234375,54.2368049621582,50.30048751831055,46.431427001953125,315.2704772949219,249.3989715576172,301.53826904296875,88.02664947509766,41.365989685058594,44.601776123046875,24.30975914001465,234.16000366210938,268.1279602050781
2023-12-06,190.00357055664062,361.0911865234375,128.79441833496094,144.52000427246094,147.40655517578125,90.62968444824219,144.97280883789062,136.3693389892578,54.18132400512695,49.754638671875,45.371490478515625,314.43841552734375,249.08551025390625,303.9710693359375,88.71502685546875,40.72458267211914,44.387752532958984,24.05905532836914,236.88999938964844,268.42730712890625
2023-12-07,191.93006896972656,363.1962585449219,135.63929748535156,146.8800048828125,147.85922241210938,89.99872589111328,143.8435516357422,136.22987365722656,54.31077575683594,49.42718505859375,46.461334228515625,323.49169921875,250.584228515625,304.0270080566406,89.5391616821289,41.59295654296875,44.90886688232422,23.925350189208984,237.3300018310547,268.36187744140625
2023-12-08,193.35272216796875,366.4076843261719,133.71759033203125,147.4199981689453,149.49066162109375,91.03204345703125,142.93643188476562,134.97450256347656,54.190574645996094,48.90846633911133,47.368709564208984,329.5932922363281,250.50587463378906,304.3066711425781,90.28816223144531,42.135684967041016,45.020530700683594,24.050703048706055,244.6999969482422,267.1827697753906
2023-12-11,190.85316467285156,363.5389404296875,132.0336151123047,145.88999938964844,150.03762817382812,91.0960464477539,143.52883911132812,135.5975341796875,54.58815383911133,49.03166961669922,46.492244720458984,322.194091796875,251.26986694335938,308.8366394042969,89.68506622314453,43.95136642456055,45.96040344238281,23.93370246887207,248.0800018310547,270.57025146484375
2023-12-12,192.36476135253906,366.55450439453125,131.2708740234375,147.47999572753906,151.37673950195312,89.66036987304688,143.53810119628906,135.70912170410156,54.93949508666992,49.07057189941406,47.51927185058594,331.04925537109375,254.2476348876953,310.5797119140625,88.58589172363281,43.457977294921875,45.90456771850586,23.883563995361328,248.6300048828125,272.6943359375
2023-12-13,195.57562255859375,366.5447692871094,131.3203887939453,148.83999633789062,151.885986328125,90.45594787597656,144.20455932617188,138.16404724121094,55.411041259765625,49.94266128540039,47.94902801513672,331.5643310546875,257.0099182128906,320.0872497558594,90.29788970947266,43.9809684753418,46.23956298828125,22.279067993164062,250.91000366210938,276.91455078125
2023-12-14,195.72381591796875,358.2812194824219,130.69631958007812,147.4199981689453,154.64910888671875,92.88835906982422,145.2042236328125,134.5188446044922,54.58815383911133,49.33316421508789,48.21025848388672,330.00927734375,253.4346466064453,327.92633056640625,91.37760162353516,44.582908630371094,46.006927490234375,21.836162567138672,256.239990234375,271.38427734375
2023-12-15,195.19032287597656,362.98089599609375,131.35012817382812,149.97000122070312,155.81845092773438,92.26652526855469,143.6213836669922,133.86790466308594,54.18132400512695,49.517967224121094,48.74869918823242,331.7427062988281,252.7489776611328,329.9676513671875,90.91069793701172,45.54995346069336,46.407066345214844,22.25400161743164,264.2699890136719,268.8109436035156
2023-12-18,193.53054809570312,364.8607482910156,134.51995849609375,154.07000732421875,156.76150512695312,92.95234680175781,143.8805694580078,135.92298889160156,54.56965637207031,50.24092102050781,49.932273864746094,341.35064697265625,253.08200073242188,326.99420166015625,90.32707214355469,45.0861701965332,46.75137710571289,22.613340377807617,260.4100036621094,271.5808410644531
2023-12-19,194.5679168701172,365.4579772949219,135.3619384765625,153.7899932861328,158.8550567626953,94.1777114868164,144.82472229003906,135.92298889160156,54.39398956298828,50.42247772216797,49.46064376831055,347.0361633300781,254.66891479492188,328.168701171875,91.36787414550781,46.0433464050293,46.6955451965332,23.532581329345703,263.510009765625,272.0486145019531
2023-12-20,192.4833221435547,362.8731689453125,137.0360107421875,152.1199951171875,157.06329345703125,92.60486602783203,141.87196350097656,133.82144165039062,53.26597595214844,49.83243942260742,47.97195053100586,345.9664611816406,251.84779357910156,324.9902038574219,88.78044128417969,45.155242919921875,46.3419303894043,23.089670181274414,260.25,270.4204406738281
2023-12-21,192.3351287841797,365.7320861816406,139.0963897705078,153.83999633789062,157.95916748046875,93.02552032470703,143.3251953125,134.1468963623047,53.61732864379883,50.18580627441406,48.84841537475586,350.73077392578125,254.2280731201172,325.2791748046875,89.50997924804688,46.457801818847656,46.24887466430664,23.657928466796875,262.0199890136719,272.66619873046875
2023-12-22,191.2681427001953,366.7503356933594,140.15631103515625,153.4199981689453,157.86485290527344,93.19011688232422,143.89907836914062,135.0953826904297,53.92243957519531,50.785579681396484,48.68887710571289,350.0374755859375,253.14080810546875,324.9249572753906,88.5372543334961,47.365638732910156,46.611793518066406,23.733142852783203,260.44000244140625,272.95635986328125
2023-12-26,190.72476196289062,366.8287658691406,140.18603515625,153.41000366210938,158.79847717285156,93.40043640136719,144.5285186767578,135.70912170410156,54.144351959228516,50.707767486572266,49.13658142089844,351.4637756347656,253.85585021972656,325.5960998535156,88.46916961669922,49.83259963989258,46.788597106933594,23.741500854492188,262.7900085449219,274.041748046875
2023-12-27,190.8235321044922,366.2510681152344,139.04685974121094,153.33999633789062,159.75096130371094,92.96150970458984,144.722900390625,135.82070922851562,54.28303146362305,51.18434143066406,49.27418518066406,354.435302734375,253.6305694580078,324.8690185546875,87.91471099853516,50.08916091918945,46.9374885559082,23.90863609313965,262.1000061035156,275.6231994628906
2023-12-28,191.24838256835938,367.43572998046875,138.908203125,153.3800048828125,160.59967041015625,91.61727142333984,144.93580627441406,135.51385498046875,54.320011138916016,51.083839416503906,49.378883361816406,354.92071533203125,255.0704345703125,323.7784423828125,87.93416595458984,49.72405242919922,46.974708557128906,24.05905532836914,260.3500061035156,276.830322265625
2023-12-29,190.21104431152344,368.1799011230469,138.37327575683594,151.94000244140625,160.41107177734375,91.42524719238281,145.0839080810547,136.26705932617188,54.48644256591797,51.10977554321289,49.378883361816406,350.6020202636719,255.02145385742188,323.02349853515625,87.82716369628906,49.58590316772461,47.01192855834961,24.05905532836914,260.6600036621094,277.457275390625
