Date,XLK,XLF,XLE,XLV,XLI,XLP,XLY,XLU,XLB
2015-01-02,18.041675567626953,16.160781860351562,25.215261459350586,56.59071731567383,45.97441101074219,35.385520935058594,31.50434684753418,16.28675079345703,19.24805450439453
2015-01-05,17.76628303527832,15.820967674255371,24.17214584350586,56.3021240234375,44.900516510009766,35.13668441772461,30.90180778503418,16.087629318237305,18.757457733154297
2015-01-06,17.55206298828125,15.579182624816895,23.817045211791992,56.112483978271484,44.3473014831543,35.09280014038086,30.59391975402832,16.097929000854492,18.591283798217773
2015-01-07,17.700693130493164,15.742552757263184,23.867774963378906,57.431800842285156,44.68085861206055,35.69291305541992,31.077730178833008,16.25585174560547,18.80097007751465
2015-01-08,18.08977699279785,15.97780704498291,24.403596878051758,58.413055419921875,45.57575988769531,36.23448944091797,31.543928146362305,16.369140625,19.24805450439453
2015-01-09,18.032941818237305,15.762158393859863,24.210193634033203,57.8935432434082,45.0876350402832,35.941741943359375,31.178892135620117,16.266151428222656,19.149139404296875
2015-01-12,17.823104858398438,15.631453514099121,23.51268196105957,57.918277740478516,44.77848815917969,35.83195877075195,31.011735916137695,16.228389739990234,19.105623245239258
2015-01-13,17.80998992919922,15.579182624816895,23.32560920715332,57.662681579589844,44.688995361328125,35.824642181396484,31.011735916137695,16.273019790649414,18.89197540283203
2015-01-14,17.70943832397461,15.3569917678833,23.398536682128906,57.571983337402344,44.44493103027344,35.71487045288086,30.63790512084961,16.41377830505371,18.670408248901367
2015-01-15,17.48212242126465,15.167478561401367,23.100509643554688,56.953529357910156,44.2334098815918,35.77341079711914,30.2420654296875,16.544239044189453,18.63479995727539
2015-01-16,17.652610778808594,15.350456237792969,23.851924896240234,58.0255012512207,44.52628707885742,36.05884552001953,30.64229393005371,16.69186019897461,18.931533813476562
2015-01-20,17.801246643066406,15.285112380981445,23.880456924438477,58.0255012512207,44.843570709228516,36.20521926879883,30.466371536254883,16.73305892944336,18.96318817138672
2015-01-21,17.831846237182617,15.32431697845459,24.365550994873047,58.14091110229492,45.20967102050781,36.3808708190918,30.664295196533203,16.8944149017334,19.149139404296875
2015-01-22,18.12474250793457,15.703343391418457,24.47968864440918,58.83355712890625,45.93374252319336,36.74679183959961,31.24045181274414,16.82232093811035,19.390485763549805
2015-01-23,18.120376586914062,15.533435821533203,24.30531120300293,58.49549865722656,45.55136489868164,36.33694839477539,31.196468353271484,16.87038230895996,19.08979034423828
2015-01-26,18.046049118041992,15.61185073852539,24.65406608581543,58.80057907104492,45.60832595825195,36.33694839477539,31.359209060668945,16.86008644104004,19.17287826538086
2015-01-27,17.52583122253418,15.44194221496582,24.638221740722656,58.38005828857422,45.00627899169922,35.91978454589844,31.10850715637207,16.884113311767578,19.04231834411621
2015-01-28,17.495227813720703,15.160942077636719,23.66804313659668,57.53899002075195,44.61577224731445,35.50263595581055,30.703882217407227,16.739925384521484,18.698101043701172
2015-01-29,17.661354064941406,15.285112380981445,23.74730110168457,58.0255012512207,45.12831497192383,35.788063049316406,31.1216983795166,16.96307373046875,18.943405151367188
2015-01-30,17.442771911621094,15.036779403686523,23.953386306762695,57.11845016479492,44.3961067199707,35.144012451171875,30.783044815063477,16.588869094848633,18.86823081970215
2015-02-02,17.622011184692383,15.278573036193848,24.685775756835938,57.440040588378906,45.05509567260742,35.56117248535156,31.060144424438477,16.66095733642578,19.038360595703125
2015-02-03,17.823104858398438,15.533435821533203,25.361099243164062,57.82758712768555,45.78730773925781,35.87587356567383,31.719858169555664,16.722755432128906,19.45774269104004
2015-02-04,17.85807228088379,15.49422550201416,24.942583084106445,57.101966857910156,45.43748474121094,35.89051055908203,31.93099021911621,16.520204544067383,19.331138610839844
2015-02-05,18.024194717407227,15.651058197021484,25.300853729248047,58.06672668457031,45.82798385620117,36.073482513427734,32.1288948059082,16.671268463134766,19.79799461364746
2015-02-06,17.967361450195312,15.775221824645996,25.30718994140625,57.53899002075195,45.72221755981445,35.91248321533203,32.08052062988281,15.984633445739746,19.75052261352539
2015-02-09,17.941129684448242,15.696805953979492,25.332571029663086,56.862823486328125,45.60017395019531,35.64167022705078,31.957372665405273,15.84387493133545,19.726778030395508
2015-02-10,18.207805633544922,15.820967674255371,25.319875717163086,57.81934356689453,45.852394104003906,36.05884552001953,32.34880828857422,16.170032501220703,19.87316131591797
2015-02-11,18.277751922607422,15.820967674255371,25.142333984375,57.877071380615234,45.868656158447266,36.227176666259766,32.357608795166016,15.819847106933594,19.841520309448242
2015-02-12,18.526933670043945,15.97780704498291,25.472063064575195,58.083221435546875,46.299842834472656,36.3955078125,32.74025344848633,15.74775218963623,20.18177032470703
2015-02-13,18.644968032836914,15.96473217010498,26.011058807373047,58.31407928466797,46.51137924194336,36.227176666259766,32.93816375732422,15.507427215576172,20.35190200805664
2015-02-17,18.65370750427246,16.01702117919922,26.090322494506836,58.73463821411133,46.576454162597656,36.23448944091797,32.8633918762207,15.493698120117188,20.37563705444336
2015-02-18,18.671199798583984,15.91899299621582,25.779605865478516,58.80057907104492,46.83679962158203,36.432098388671875,32.845794677734375,15.861042976379395,20.43102264404297
2015-02-19,18.736772537231445,15.853646278381348,25.659137725830078,58.899532318115234,46.91816329956055,36.19789123535156,32.94694900512695,15.682526588439941,20.486419677734375
2015-02-20,18.832948684692383,15.971269607543945,25.535476684570312,59.51797866821289,47.316810607910156,36.30034255981445,33.18006134033203,15.685952186584473,20.545761108398438
2015-02-23,18.846059799194336,15.932065963745117,25.43085289001465,59.79010009765625,47.1134147644043,36.402809143066406,33.14928436279297,15.792384147644043,20.522024154663086
2015-02-24,18.90289878845215,16.010478973388672,25.500600814819336,59.71586608886719,47.300533294677734,36.52724075317383,33.3076057434082,15.90910530090332,20.60906982421875
2015-02-25,18.784852981567383,16.010478973388672,25.640106201171875,59.691131591796875,47.20289993286133,36.402809143066406,33.56270217895508,15.648193359375,20.549720764160156
2015-02-26,18.90289878845215,15.971269607543945,25.164520263671875,59.856040954589844,46.99137496948242,36.45405197143555,33.4571418762207,15.545198440551758,20.419158935546875
2015-02-27,18.837318420410156,15.912457466125488,25.053550720214844,59.56745147705078,46.77172088623047,36.60041427612305,33.41316223144531,15.528029441833496,20.371681213378906
2015-03-02,18.98595428466797,16.030086517333984,24.879180908203125,60.10341262817383,47.20289993286133,36.666282653808594,33.81341552734375,15.229352951049805,20.506195068359375
2015-03-03,18.85917854309082,15.984338760375977,24.971120834350586,59.5592041015625,46.901878356933594,36.52724075317383,33.72103500366211,15.322043418884277,20.395414352416992
2015-03-04,18.784852981567383,15.886308670043945,24.93624496459961,59.84779739379883,46.53578567504883,36.27108383178711,33.545127868652344,15.236217498779297,20.32420539855957
2015-03-05,18.76300048828125,15.951666831970215,24.787229537963867,60.06220245361328,46.56831741333008,36.3955078125,33.567115783691406,15.356374740600586,20.237157821655273
2015-03-06,18.531301498413086,15.834033012390137,24.343355178833008,58.88304901123047,45.93374252319336,35.68559265136719,33.16686248779297,14.89633560180664,19.96416664123535
2015-03-09,18.61874008178711,15.905925750732422,24.16897964477539,59.24584197998047,46.36493682861328,35.88319396972656,33.35599136352539,14.923799514770508,19.991865158081055
2015-03-10,18.2384090423584,15.566109657287598,23.83289909362793,58.586212158203125,45.51069641113281,35.37089920043945,32.837005615234375,14.89633560180664,19.687223434448242
2015-03-11,18.120376586914062,15.664127349853516,23.90265655517578,58.5532112121582,45.46188735961914,35.10011672973633,32.65667724609375,14.800210952758789,19.663471221923828
2015-03-12,18.2384090423584,16.003948211669922,23.750471115112305,59.32831573486328,46.047645568847656,35.61240768432617,33.32080841064453,15.081721305847168,19.908771514892578
2015-03-13,18.137861251831055,15.892848014831543,23.661697387695312,59.21287536621094,45.624603271484375,35.334293365478516,33.05691146850586,14.927227973937988,19.718868255615234
2015-03-16,18.352067947387695,16.088895797729492,23.981914520263672,60.52398681640625,46.381195068359375,35.7661018371582,33.443946838378906,15.184712409973145,19.687223434448242
2015-03-17,18.3564395904541,16.04969024658203,23.889972686767578,60.35080337524414,46.1940803527832,35.50994873046875,33.25923538208008,15.160689353942871,19.469614028930664
2015-03-18,18.60561752319336,16.141178131103516,24.584314346313477,61.13414001464844,46.73916244506836,35.75147247314453,33.55390548706055,15.56922435760498,19.766340255737305
2015-03-19,18.55316162109375,15.990876197814941,24.194345474243164,61.488712310791016,46.42189025878906,35.590450286865234,33.50553512573242,15.425039291381836,19.426090240478516
2015-03-20,18.67300033569336,16.207990646362305,24.550254821777344,61.93358612060547,46.68423843383789,36.03667449951172,33.8784294128418,15.563791275024414,19.55119514465332
2015-03-23,18.67300033569336,16.11615562438965,24.464069366455078,61.75994110107422,46.291927337646484,36.095584869384766,33.82106018066406,15.574166297912598,19.55119514465332
2015-03-24,18.611543655395508,15.984970092773438,24.301271438598633,61.222434997558594,46.13664627075195,35.88941192626953,33.644535064697266,15.401163101196289,19.487642288208008
2015-03-25,18.133087158203125,15.729157447814941,24.617298126220703,60.10616683959961,45.35203170776367,35.80104446411133,33.097328186035156,15.221236228942871,19.269216537475586
2015-03-26,18.14626121520996,15.71603775024414,24.588558197021484,59.9655876159668,45.22943878173828,35.64640808105469,32.889923095703125,15.093207359313965,19.31290626525879
2015-03-27,18.1594295501709,15.696365356445312,24.387470245361328,60.39558029174805,45.40108108520508,35.86730194091797,33.0576171875,15.18316650390625,19.304962158203125
2015-03-30,18.3789005279541,15.925938606262207,24.91096305847168,61.007450103759766,46.038578033447266,36.2281379699707,33.39741897583008,15.370020866394043,19.567073822021484
2015-03-31,18.190147399902344,15.81442642211914,24.764135360717773,59.94905471801758,45.58088684082031,35.88941192626953,33.251792907714844,15.373478889465332,19.372480392456055
2015-04-01,18.16381072998047,15.801318168640137,24.757747650146484,59.345420837402344,45.27848815917969,35.93358612060547,33.106163024902344,15.387325286865234,19.428077697753906
2015-04-02,18.1594295501709,15.880026817321777,24.808822631835938,59.52735137939453,45.30299758911133,36.17658233642578,33.40183639526367,15.414999961853027,19.44793701171875
2015-04-06,18.335002899169922,15.906259536743164,25.255708694458008,59.61831283569336,45.646263122558594,36.46376419067383,33.560691833496094,15.62952709197998,19.602821350097656
2015-04-07,18.295494079589844,15.820990562438965,25.271671295166016,59.75886917114258,45.54001998901367,36.29439163208008,33.37535095214844,15.449604988098145,19.571048736572266
2015-04-08,18.35256004333496,15.880026817321777,25.067380905151367,60.263267517089844,45.695308685302734,36.35330581665039,33.68867111206055,15.404619216918945,19.626644134521484
2015-04-09,18.40084457397461,15.906259536743164,25.469581604003906,60.71805953979492,45.915977478027344,36.456390380859375,33.71956253051758,15.338882446289062,19.682249069213867
2015-04-10,18.471084594726562,15.899706840515137,25.581298828125,61.238983154296875,46.561641693115234,36.52267074584961,33.83429718017578,15.453063011169434,19.737836837768555
2015-04-13,18.41840362548828,15.958736419677734,25.325927734375,60.90825653076172,46.12030792236328,36.35330581665039,33.648948669433594,15.30081844329834,19.658414840698242
2015-04-14,18.361337661743164,15.958736419677734,25.78240394592285,61.007450103759766,46.177513122558594,36.434303283691406,33.63129806518555,15.376947402954102,19.741819381713867
2015-04-15,18.523752212524414,16.017772674560547,26.39847755432129,61.16460418701172,46.25924301147461,36.331207275390625,33.63129806518555,15.414999961853027,19.93244171142578
2015-04-16,18.457914352416992,16.04400062561035,26.33782958984375,61.13150405883789,46.16117477416992,36.46376419067383,33.697509765625,15.314658164978027,19.888755798339844
2015-04-17,18.20332145690918,15.827548027038574,26.14629364013672,60.6022834777832,45.60540008544922,36.12503433227539,33.19883346557617,15.259292602539062,19.706073760986328
2015-04-20,18.514978408813477,15.89314079284668,26.24525260925293,60.97438049316406,46.13664627075195,36.250221252441406,33.56511306762695,15.48766040802002,19.849044799804688
2015-04-21,18.506196975708008,15.81442642211914,25.967540740966797,61.37957763671875,46.079429626464844,36.31648635864258,33.60042953491211,15.349263191223145,19.702102661132812
2015-04-22,18.694948196411133,15.925938606262207,26.13991928100586,61.47878646850586,46.27558517456055,36.338558197021484,33.63129806518555,15.380399703979492,19.741819381713867
2015-04-23,18.76956558227539,15.952174186706543,26.318666458129883,61.710330963134766,46.22654342651367,36.213401794433594,33.79899978637695,15.466911315917969,19.793445587158203
2015-04-24,18.931982040405273,15.925938606262207,26.16863250732422,61.51184844970703,46.0303955078125,36.220767974853516,34.257930755615234,15.622613906860352,19.960241317749023
2015-04-27,18.984655380249023,15.866910934448242,26.13991928100586,60.39558029174805,46.01405334472656,36.02193832397461,33.95785140991211,15.435762405395508,20.134986877441406
2015-04-28,19.04610252380371,15.958736419677734,26.27079200744629,60.69327926635742,46.09577560424805,36.05876922607422,33.83871078491211,15.546490669250488,20.16278648376465
2015-04-29,18.953920364379883,15.952174186706543,26.47508430480957,60.139225006103516,45.8669319152832,35.73476791381836,33.60924530029297,15.48075008392334,20.1508731842041
2015-04-30,18.6905517578125,15.827548027038574,26.39208221435547,59.295841217041016,45.46645736694336,35.6169548034668,33.234134674072266,15.30081844329834,20.023788452148438
2015-05-01,18.918806076049805,15.96529483795166,26.45273208618164,60.0978889465332,46.038578033447266,35.94095993041992,33.693084716796875,15.387325286865234,20.353416442871094
2015-05-04,18.936368942260742,16.122713088989258,26.385696411132812,60.478275299072266,46.11212921142578,35.992496490478516,33.76370620727539,15.501507759094238,20.297807693481445
2015-05-05,18.64227294921875,15.978415489196777,26.060115814208984,59.71754837036133,45.490966796875,35.705326080322266,33.41066360473633,15.155489921569824,20.067474365234375
2015-05-06,18.484243392944336,15.899706840515137,25.957965850830078,59.48599624633789,45.46645736694336,35.815773010253906,33.27385711669922,15.072446823120117,20.07144546508789
2015-05-07,18.620325088500977,16.011207580566406,25.67705726623535,59.767154693603516,45.7034797668457,35.90412902832031,33.44596481323242,15.12781047821045,20.15880584716797
2015-05-08,18.888076782226562,16.240787506103516,26.098419189453125,60.73459243774414,46.242889404296875,36.20602798461914,33.803409576416016,15.235074043273926,20.480497360229492
2015-05-11,18.79152488708496,16.181753158569336,25.606836318969727,60.76766586303711,46.20201873779297,36.05876922607422,33.65336990356445,15.131274223327637,20.38518524169922
2015-05-12,18.6905517578125,16.122713088989258,25.724939346313477,60.37900924682617,46.15298843383789,35.977779388427734,33.591583251953125,15.113970756530762,20.170724868774414
2015-05-13,18.76956558227539,16.12928009033203,25.65790367126465,60.445194244384766,46.251060485839844,35.963035583496094,33.379764556884766,14.965179443359375,20.146894454956055
2015-05-14,19.07244110107422,16.273584365844727,25.648332595825195,61.28032684326172,46.716922760009766,36.51530075073242,33.5297966003418,15.13819408416748,20.357383728027344
2015-05-15,19.01099967956543,16.201431274414062,25.7504825592041,61.40436553955078,46.67606735229492,36.63312530517578,33.79899978637695,15.335419654846191,20.456663131713867
2015-05-18,19.103174209594727,16.293258666992188,25.7728271484375,61.76820373535156,46.765968322753906,36.51530075073242,33.92695999145508,15.394242286682129,20.365324020385742
2015-05-19,19.054887771606445,16.385080337524414,25.405731201171875,62.0576057434082,46.63520812988281,36.4195671081543,33.91814422607422,15.42884349822998,20.266042709350586
2015-05-20,19.068056106567383,16.33917808532715,25.45361328125,62.14030456542969,46.463558197021484,36.338558197021484,33.8784294128418,15.453063011169434,20.254125595092773
2015-05-21,19.15144920349121,16.299816131591797,25.693016052246094,62.1485595703125,46.716922760009766,36.4195671081543,34.01082992553711,15.446146965026855,20.325613021850586
2015-05-22,19.13829231262207,16.306377410888672,25.60045051574707,61.99974060058594,46.504425048828125,36.26494598388672,33.953453063964844,15.42192268371582,20.301782608032227
2015-05-26,18.861745834350586,16.122713088989258,25.19506072998047,61.371307373046875,45.997703552246094,35.977779388427734,33.71073532104492,15.325042724609375,20.04761505126953
2015-05-27,19.217294692993164,16.299816131591797,25.150373458862305,62.08241271972656,46.291927337646484,36.20602798461914,33.9622802734375,15.387325286865234,20.178667068481445
2015-05-28,19.17778968811035,16.280147552490234,25.051414489746094,62.12376403808594,46.07124328613281,36.15449142456055,33.90489959716797,15.42192268371582,20.230300903320312
2015-05-29,19.037322998046875,16.13582992553711,25.02268409729004,61.966651916503906,45.61357498168945,35.92621612548828,33.67101287841797,15.397700309753418,20.0992374420166
2015-06-01,19.09000015258789,16.14895248413086,24.958847045898438,62.21469497680664,45.817893981933594,35.92621612548828,33.768096923828125,15.418465614318848,20.1071834564209
2015-06-02,19.050491333007812,16.175188064575195,25.131221771240234,61.80955123901367,45.907798767089844,35.83049774169922,33.84312057495117,15.214311599731445,20.170724868774414
2015-06-03,19.09000015258789,16.31293487548828,24.958847045898438,61.92529296875,46.13664627075195,35.80841064453125,34.107906341552734,14.989400863647461,20.190587997436523
2015-06-04,18.9144229888916,16.16863441467285,24.620471954345703,61.49532699584961,45.62174606323242,35.550689697265625,33.86519241333008,14.96864128112793,19.952301025390625
2015-06-05,18.85296630859375,16.260461807250977,24.7928524017334,61.47052764892578,45.65445327758789,35.0426139831543,33.768096923828125,14.781793594360352,19.860952377319336
2015-06-08,18.64227294921875,16.16206932067871,24.652406692504883,61.16460418701172,45.31934356689453,35.02788543701172,33.5297966003418,14.695291519165039,19.789472579956055
2015-06-09,18.59837532043457,16.201431274414062,24.649213790893555,61.148033142089844,45.31116485595703,35.197235107421875,33.494510650634766,14.660682678222656,19.8013858795166
2015-06-10,18.888076782226562,16.430997848510742,24.95246124267578,61.90048599243164,45.760684967041016,35.54332733154297,33.83871078491211,14.733353614807129,20.007902145385742
2015-06-11,18.896865844726562,16.496593475341797,24.840740203857422,62.32221221923828,46.0222282409668,35.52859878540039,33.953453063964844,14.850991249084473,20.055557250976562
2015-06-12,18.730064392089844,16.42444610595703,24.563030242919922,61.55321502685547,45.75251770019531,35.388694763183594,33.79899978637695,14.719508171081543,19.936418533325195
2015-06-15,18.615928649902344,16.352294921875,24.505569458007812,61.62764358520508,45.36838150024414,35.1309700012207,33.64013671875,14.695291519165039,19.813297271728516
2015-06-16,18.738832473754883,16.44411849975586,24.697084426879883,61.93358612060547,45.40925598144531,35.51387023925781,33.84312057495117,14.764491081237793,19.916563034057617
2015-06-17,18.747621536254883,16.42444610595703,24.636444091796875,61.99146270751953,45.53184127807617,35.705326080322266,33.99758529663086,14.889058113098145,19.999956130981445
2015-06-18,18.9144229888916,16.575305938720703,24.620471954345703,62.86796569824219,45.989524841308594,36.102943420410156,34.407989501953125,15.086295127868652,20.166757583618164
2015-06-19,18.757017135620117,16.298612594604492,24.39202117919922,62.81898498535156,45.7661247253418,36.05256271362305,34.287139892578125,14.940690040588379,20.03150749206543
2015-06-22,18.911334991455078,16.548954010009766,24.690847396850586,63.308536529541016,46.04538345336914,36.19334411621094,34.47747802734375,14.919736862182617,20.107309341430664
2015-06-23,18.924560546875,16.58190155029297,24.771183013916016,63.43300247192383,45.93039321899414,36.037750244140625,34.614723205566406,14.7172269821167,20.051456451416016
2015-06-24,18.836374282836914,16.443552017211914,24.616945266723633,62.79410934448242,45.503292083740234,35.8747444152832,34.375667572021484,14.601997375488281,19.796125411987305
2015-06-25,18.792282104492188,16.344730377197266,24.36631202697754,63.14259338378906,45.15010070800781,35.808067321777344,34.34910202026367,14.504233360290527,19.780168533325195
2015-06-26,18.633548736572266,16.397438049316406,24.4466552734375,63.05133819580078,45.232242584228516,35.88215255737305,34.48634719848633,14.591521263122559,19.704370498657227
2015-06-29,18.236717224121094,16.002153396606445,23.983930587768555,61.507999420166016,44.378021240234375,35.326473236083984,33.70720291137695,14.514708518981934,19.245573043823242
2015-06-30,18.25435447692871,16.061443328857422,24.151018142700195,61.723751068115234,44.402652740478516,35.26719665527344,33.85770797729492,14.476295471191406,19.305418014526367
2015-07-01,18.377811431884766,16.30520248413086,23.84255027770996,62.38753890991211,44.62443542480469,35.71915817260742,34.24285125732422,14.563591003417969,19.413137435913086
2015-07-02,18.40426254272461,16.232730865478516,23.94858169555664,62.097129821777344,44.54231262207031,35.689510345458984,34.176456451416016,14.745156288146973,19.353290557861328
2015-07-06,18.329313278198242,16.166852951049805,23.633684158325195,62.072242736816406,44.36981201171875,35.659889221191406,34.11006546020508,14.804513931274414,19.193708419799805
2015-07-07,18.355762481689453,16.199792861938477,23.848979949951172,62.37092208862305,44.73120880126953,36.39338684082031,34.40666961669922,15.171140670776367,19.129878997802734
2015-07-08,18.055938720703125,15.916510581970215,23.366987228393555,61.30058670043945,43.92627716064453,35.98588562011719,33.75144958496094,15.090826988220215,18.710973739624023
2015-07-09,17.985389709472656,16.041683197021484,23.48587417602539,61.63247299194336,44.033058166503906,36.01552200317383,33.89312744140625,14.923233032226562,18.76682472229004
2015-07-10,18.271987915039062,16.232730865478516,23.614410400390625,62.462223052978516,44.49300765991211,36.43783950805664,34.384525299072266,15.003538131713867,19.030136108398438
2015-07-13,18.549776077270508,16.43037223815918,23.781503677368164,62.993247985839844,44.98583221435547,36.77865982055664,34.88035202026367,15.010519981384277,19.237590789794922
2015-07-14,18.620325088500977,16.469898223876953,23.951801300048828,63.62384033203125,45.109046936035156,36.83793640136719,34.92460632324219,14.989566802978516,19.345306396484375
2015-07-15,18.624732971191406,16.608245849609375,23.530858993530273,63.70680236816406,44.92011642456055,36.74161148071289,34.88920974731445,15.06289005279541,19.193708419799805
2015-07-16,18.862831115722656,16.772947311401367,23.5629940032959,64.00553894042969,45.12546157836914,37.119468688964844,35.10169982910156,15.286355972290039,19.14583396911621
2015-07-17,19.15384292602539,16.72682762145996,23.277013778686523,63.864479064941406,45.109046936035156,37.09723663330078,35.03972244262695,15.136221885681152,19.014177322387695
2015-07-20,19.25525665283203,16.746599197387695,22.968538284301758,64.07190704345703,45.117252349853516,37.16393280029297,35.05742645263672,15.059401512145996,18.85458755493164
2015-07-21,19.12738800048828,16.72682762145996,22.978179931640625,63.78977584838867,44.63264465332031,37.075016021728516,34.94675827026367,14.923233032226562,18.73889923095703
2015-07-22,18.818744659423828,16.852001190185547,22.791807174682617,63.93087387084961,44.43553161621094,37.156524658203125,35.11498260498047,14.989566802978516,18.659107208251953
2015-07-23,18.7790584564209,16.707059860229492,22.772525787353516,63.69852066040039,44.024845123291016,37.015750885009766,34.90691375732422,14.766103744506836,18.387813568115234
2015-07-24,18.677640914916992,16.548954010009766,22.335521697998047,62.10543441772461,43.44990539550781,36.80830001831055,34.90691375732422,14.780073165893555,17.9848690032959
2015-07-27,18.510093688964844,16.43037223815918,22.014192581176758,62.04734420776367,43.2363395690918,36.78606414794922,34.645713806152344,14.968618392944336,17.785400390625
2015-07-28,18.677640914916992,16.49625587463379,22.64398956298828,63.16749572753906,44.07412338256836,37.200965881347656,34.9157600402832,15.03844928741455,18.156417846679688
2015-07-29,18.80110740661621,16.66094970703125,22.952472686767578,63.27537536621094,44.61621856689453,37.32693099975586,35.27435302734375,15.094315528869629,18.2880802154541
2015-07-30,18.836374282836914,16.66094970703125,22.791807174682617,63.18409729003906,44.57514190673828,37.200965881347656,35.40274429321289,15.206046104431152,18.379844665527344
2015-07-31,18.774641036987305,16.608245849609375,22.29374885559082,63.549156188964844,44.534080505371094,37.27505874633789,35.51340103149414,15.359685897827148,18.331966400146484
2015-08-03,18.673233032226562,16.588481903076172,21.82461166381836,63.49940490722656,44.32052993774414,37.32693099975586,35.39387130737305,15.439994812011719,18.188339233398438
2015-08-04,18.56300163269043,16.5621337890625,21.750707626342773,63.466190338134766,44.2958869934082,37.32693099975586,35.54439163208008,15.19208812713623,18.26812744140625
2015-08-05,18.743783950805664,16.62801170349121,21.586824417114258,63.99723815917969,44.54231262207031,37.652923583984375,35.15925216674805,15.230489730834961,18.35988998413086
2015-08-06,18.55859375,16.5687198638916,21.93064308166504,62.60325622558594,44.31230545043945,37.371368408203125,34.68111801147461,15.310797691345215,18.29605484008789
2015-08-07,18.57181739807129,16.601659774780273,21.538623809814453,62.49540328979492,44.09876251220703,37.16393280029297,34.65456771850586,15.499350547790527,18.040729522705078
2015-08-10,18.862831115722656,16.759775161743164,22.22626304626465,63.00153732299805,44.96119689941406,37.30469512939453,34.933475494384766,15.43649959564209,18.48356819152832
2015-08-11,18.580638885498047,16.608245849609375,22.268043518066406,62.47053146362305,44.41086959838867,37.17133712768555,34.6191520690918,15.51331615447998,18.14046859741211
2015-08-12,18.6644229888916,16.456722259521484,22.672914505004883,62.51201248168945,44.419097900390625,37.19355010986328,34.468631744384766,15.789158821105957,18.20829200744629
2015-08-13,18.611499786376953,16.516010284423828,22.32908821105957,62.37092208862305,44.386253356933594,37.04537582397461,34.6678466796875,15.792649269104004,18.156417846679688
2015-08-14,18.7041015625,16.63459587097168,22.28089714050293,62.54519271850586,44.66549301147461,37.16393280029297,34.68999099731445,15.911351203918457,18.240205764770508
2015-08-17,18.809917449951172,16.66754150390625,22.32908821105957,63.17580032348633,44.88726043701172,37.200965881347656,35.02201461791992,15.988179206848145,18.343935012817383
2015-08-18,18.712915420532227,16.654361724853516,22.24554443359375,63.08452224731445,44.80513381958008,37.015750885009766,35.053009033203125,15.949769973754883,18.22425079345703
2015-08-19,18.589458465576172,16.502838134765625,21.631805419921875,62.8272819519043,44.386253356933594,36.6749267578125,34.991024017333984,16.016111373901367,18.000831604003906
2015-08-20,18.135305404663086,16.15367889404297,21.14339256286621,61.36699676513672,43.4663200378418,36.341514587402344,34.00822448730469,15.921833038330078,17.661724090576172
2015-08-21,17.443050384521484,15.573942184448242,20.404333114624023,59.49177551269531,42.267120361328125,35.34870147705078,32.91918182373047,15.729798316955566,17.230846405029297
2015-08-24,16.755205154418945,14.90855598449707,19.308605194091797,56.961097717285156,40.764041900634766,34.118804931640625,31.604372024536133,15.139716148376465,16.508743286132812
2015-08-25,16.6229248046875,14.710916519165039,19.029052734375,56.388572692871094,40.23016357421875,33.85948181152344,31.475982666015625,14.675323486328125,16.249422073364258
2015-08-26,17.460683822631836,15.264302253723145,19.684560775756836,58.769927978515625,41.486839294433594,34.859710693359375,32.67127227783203,14.937191009521484,16.68827247619629
2015-08-27,17.866334915161133,15.639817237854004,20.65818977355957,59.91493606567383,42.48891067504883,35.370933532714844,33.437137603759766,15.11177921295166,17.294681549072266
2015-08-28,17.901613235473633,15.567349433898926,21.127323150634766,59.57475662231445,42.50531768798828,35.29682540893555,33.4504280090332,15.06638240814209,17.394424438476562
2015-08-31,17.738468170166016,15.435591697692871,21.3458309173584,58.48780059814453,42.127498626708984,35.052337646484375,33.193660736083984,14.82546615600586,17.298675537109375
2015-09-01,17.1696720123291,14.934907913208008,20.59392547607422,56.95280838012695,41.01045227050781,34.33366394042969,32.352535247802734,14.42392349243164,16.772050857543945
2015-09-02,17.584148406982422,15.139128684997559,20.78350830078125,58.12273406982422,41.92216110229492,34.80043029785156,33.034278869628906,14.434403419494629,17.011432647705078
2015-09-03,17.597370147705078,15.224778175354004,20.841346740722656,57.70784378051758,41.946800231933594,35.037532806396484,33.04756546020508,14.500738143920898,17.115156173706055
2015-09-04,17.32840347290039,14.92172908782959,20.49752426147461,56.98597717285156,41.36363983154297,34.467018127441406,32.69340133666992,14.301716804504395,16.776044845581055
2015-09-08,17.81342887878418,15.303829193115234,20.8188533782959,58.57907485961914,42.50531768798828,35.18570327758789,33.4504280090332,14.605494499206543,17.194944381713867
2015-09-09,17.579734802246094,15.093022346496582,20.426834106445312,57.67466354370117,42.05356979370117,34.6077995300293,33.09183883666992,14.42392349243164,17.063289642333984
2015-09-10,17.75611114501953,15.165485382080078,20.54572105407715,58.2306022644043,42.078216552734375,34.66706848144531,33.18479919433594,14.399489402770996,17.103181838989258
2015-09-11,17.83988380432129,15.23136043548584,20.362565994262695,58.60394287109375,42.30818557739258,34.89673614501953,33.43272399902344,14.50772762298584,17.079248428344727
2015-09-14,17.79579734802246,15.19842529296875,20.185832977294922,58.42144012451172,42.09464645385742,34.78561782836914,33.25563049316406,14.542637825012207,16.875778198242188
2015-09-15,18.025070190429688,15.415827751159668,20.4107608795166,59.25946044921875,42.82564926147461,35.200531005859375,33.60537338256836,14.619460105895996,16.99945640563965
2015-09-16,18.100027084350586,15.5146484375,20.989151000976562,59.42540740966797,43.13776397705078,35.600608825683594,33.98609161376953,14.766103744506836,17.242822647094727
2015-09-17,17.976573944091797,15.297240257263184,20.976306915283203,59.96470642089844,42.94886779785156,35.600608825683594,34.07463836669922,14.968618392944336,17.16302490234375
2015-09-18,17.74315643310547,15.001320838928223,20.425369262695312,59.049556732177734,42.0000114440918,35.18899154663086,33.532047271728516,14.88438606262207,16.801170349121094
2015-09-21,17.92032241821289,15.173439979553223,20.541902542114258,58.26675796508789,42.20646286010742,35.449989318847656,33.82534408569336,14.944303512573242,16.857337951660156
2015-09-22,17.619125366210938,14.981464385986328,20.325023651123047,57.90869140625,41.59537124633789,35.062225341796875,33.37653350830078,14.757494926452637,16.54441261291504
2015-09-23,17.66342544555664,14.988081932067871,20.062824249267578,57.85038757324219,41.306339263916016,35.12187576293945,33.28765106201172,14.796268463134766,16.191383361816406
2015-09-24,17.66342544555664,14.882157325744629,20.150222778320312,57.259159088134766,41.050350189208984,35.18153762817383,33.198787689208984,14.916107177734375,16.147258758544922
2015-09-25,17.632423400878906,15.100625038146973,20.18906021118164,55.69359588623047,41.132930755615234,35.40524673461914,33.1943359375,15.060611724853516,16.127197265625
2015-09-28,17.229372024536133,14.74975299835205,19.3830623626709,53.53681564331055,40.32365036010742,34.88324737548828,32.23895263671875,14.98659896850586,15.625728607177734
2015-09-29,17.154083251953125,14.776237487792969,19.353923797607422,54.028133392333984,40.58791732788086,34.868350982666016,32.132293701171875,14.990120887756348,15.685901641845703
2015-09-30,17.495121002197266,15.001320838928223,19.81033706665039,55.152313232421875,41.198997497558594,35.18899154663086,32.998817443847656,15.257987976074219,16.014867782592773
2015-10-01,17.503982543945312,15.007942199707031,19.84918785095215,55.71027755737305,41.10816192626953,35.18899154663086,33.243221282958984,15.078230857849121,16.19539451599121
2015-10-02,17.75201416015625,15.027801513671875,20.668140411376953,56.86776351928711,41.62839889526367,35.67368698120117,33.71870422363281,15.279136657714844,16.592561721801758
2015-10-05,18.10191535949707,15.345565795898438,21.29288101196289,57.01765441894531,42.80930709838867,36.285152435302734,34.21638488769531,15.476517677307129,17.02582359313965
2015-10-06,18.124055862426758,15.27275276184082,21.765478134155273,55.67695236206055,42.76801300048828,36.03907012939453,33.96310043334961,15.370779991149902,17.24647331237793
2015-10-07,18.20821762084961,15.3919038772583,22.040618896484375,56.56798553466797,43.329559326171875,36.3671875,34.07863235473633,15.31790828704834,17.475149154663086
2015-10-08,18.2923641204834,15.484596252441406,22.461429595947266,56.73451614379883,43.93238830566406,36.79967498779297,34.496334075927734,15.508237838745117,17.719852447509766
2015-10-09,18.372085571289062,15.385287284851074,22.315759658813477,56.9926872253418,44.08102798461914,36.8817024230957,34.53632354736328,15.434215545654297,17.711835861206055
2015-10-12,18.394243240356445,15.398530960083008,22.02767562866211,57.142581939697266,44.08929443359375,36.97864532470703,34.700740814208984,15.57167911529541,17.55938720703125
2015-10-13,18.3543701171875,15.279370307922363,21.7978458404541,56.426429748535156,43.61857223510742,36.754940032958984,34.51410675048828,15.536432266235352,17.49118423461914
2015-10-14,18.31894302368164,15.153585433959961,21.985599517822266,56.31814193725586,43.147865295410156,36.32988739013672,34.16306686401367,15.532907485961914,17.631601333618164
2015-10-15,18.553686141967773,15.497831344604492,22.380502700805664,57.57559585571289,43.61857223510742,36.65800094604492,34.60743713378906,15.762005805969238,17.679737091064453
2015-10-16,18.58912467956543,15.5905122756958,22.409639358520508,58.09189987182617,43.39561080932617,37.00846481323242,34.78962707519531,15.783157348632812,17.687763214111328
2015-10-19,18.659988403320312,15.577275276184082,21.966171264648438,58.30007553100586,43.45341491699219,37.172515869140625,34.954044342041016,15.793730735778809,17.563398361206055
2015-10-20,18.611263275146484,15.669952392578125,22.02767562866211,57.38406753540039,43.74244689941406,37.150146484375,34.90959548950195,15.846597671508789,17.591480255126953
2015-10-21,18.469532012939453,15.557415962219238,21.75576400756836,56.86776351928711,43.750694274902344,37.15760803222656,34.75407028198242,15.814873695373535,17.43502426147461
2015-10-22,18.88587188720703,15.808981895446777,22.147438049316406,56.526336669921875,44.9728889465332,37.895843505859375,35.21176528930664,15.99815845489502,17.912425994873047
2015-10-23,19.41294288635254,15.981108665466309,22.095645904541016,57.73381042480469,45.138038635253906,37.836177825927734,35.38505935668945,15.716192245483398,18.06085968017578
2015-10-26,19.337635040283203,15.914904594421387,21.555065155029297,57.95862579345703,45.038963317871094,37.7616081237793,35.63391876220703,15.65980052947998,17.912425994873047
2015-10-27,19.226924896240234,15.822224617004395,21.29611587524414,59.02456283569336,44.54346466064453,37.81380081176758,35.4650764465332,15.60340404510498,17.836198806762695
2015-10-28,19.514814376831055,16.192951202392578,21.768712997436523,59.515872955322266,44.89856719970703,37.59756851196289,35.80277633666992,15.437749862670898,18.1049861907959
2015-10-29,19.46166229248047,16.17308807373047,21.878774642944336,59.782352447509766,44.8737907409668,37.61248016357422,35.90498352050781,15.349627494812012,18.141090393066406
2015-10-30,19.33321762084961,15.941390037536621,22.02120018005371,59.407615661621094,44.81599044799805,37.194889068603516,35.98053741455078,15.42011833190918,18.1651611328125
2015-11-02,19.505952835083008,16.159849166870117,22.535888671875,60.67337417602539,45.336238861083984,37.41859436035156,36.144935607910156,15.437749862670898,18.277498245239258
2015-11-03,19.607824325561523,16.18633270263672,23.1120662689209,60.45686340332031,45.369258880615234,37.239620208740234,36.2827033996582,15.48355770111084,18.349699020385742
2015-11-04,19.629966735839844,16.139997482299805,22.904897689819336,60.190372467041016,45.24541091918945,37.083045959472656,36.047183990478516,15.564634323120117,18.229347229003906
2015-11-05,19.5723876953125,16.206192016601562,22.710678100585938,59.998878479003906,45.303199768066406,37.07557678222656,36.17605972290039,15.430689811706543,18.137081146240234
2015-11-06,19.638830184936523,16.3717041015625,22.594146728515625,59.74906921386719,45.303199768066406,36.67289352416992,36.18049621582031,14.89143180847168,18.18522071838379
2015-11-09,19.448375701904297,16.192951202392578,22.370792388916016,59.291038513183594,44.956382751464844,36.42683792114258,35.68281173706055,14.93020248413086,18.06085968017578
2015-11-10,19.319923400878906,16.265771865844727,22.419347763061523,59.69074630737305,44.948116302490234,36.52376937866211,36.0205192565918,15.064140319824219,17.928466796875
2015-11-11,19.311073303222656,16.212814331054688,21.94351577758789,59.09951400756836,45.00593185424805,36.47157287597656,35.80722427368164,15.194547653198242,17.948528289794922
2015-11-12,19.142765045166016,15.967864036560059,21.445018768310547,58.075225830078125,44.39483642578125,35.97942352294922,35.47395324707031,15.05003833770752,17.58747673034668
2015-11-13,18.76628303527832,15.835456848144531,21.357620239257812,57.933677673339844,44.19664001464844,35.66624069213867,34.54079055786133,14.993642807006836,17.812124252319336
2015-11-16,19.054189682006836,16.027454376220703,22.06975746154785,58.65816116333008,44.766448974609375,36.27769470214844,34.9584846496582,15.247417449951172,18.040796279907227
2015-11-17,19.058605194091797,15.994348526000977,21.826982498168945,58.90796661376953,44.67561340332031,36.26278305053711,35.025146484375,14.972496032714844,18.020740509033203
2015-11-18,19.346506118774414,16.279020309448242,22.18628692626953,60.057159423828125,45.294944763183594,36.76239013671875,35.62503433227539,15.067660331726074,18.341678619384766
2015-11-19,19.435096740722656,16.305500030517578,21.888486862182617,59.049556732177734,45.4931526184082,36.85933303833008,35.66947555541992,15.229785919189453,18.321617126464844
2015-11-20,19.576820373535156,16.33197784423828,21.655418395996094,59.557491302490234,45.724365234375,36.59834671020508,36.0960578918457,15.293231964111328,18.265453338623047
2015-11-23,19.46166229248047,16.265771865844727,21.810789108276367,59.407615661621094,45.4931526184082,36.91897964477539,36.229373931884766,15.152247428894043,18.289527893066406
2015-11-24,19.466094970703125,16.21942901611328,22.276920318603516,59.5908203125,45.418800354003906,37.01592254638672,36.15383529663086,15.131104469299316,18.441972732543945
2015-11-25,19.404083251953125,16.232675552368164,22.095645904541016,59.91557693481445,45.418800354003906,37.11285400390625,36.33603286743164,15.039464950561523,18.325632095336914
2015-11-27,19.448375701904297,16.272396087646484,21.93703269958496,60.03217697143555,45.50139236450195,37.25455093383789,36.20271682739258,15.067660331726074,18.301559448242188
2015-11-30,19.470518112182617,16.2591609954834,22.01796531677246,59.21608352661133,45.20410919189453,36.85186767578125,35.89609909057617,15.092333793640137,18.345691680908203
2015-12-01,19.643253326416016,16.437898635864258,22.192764282226562,60.21536636352539,45.418800354003906,37.165061950683594,36.26492691040039,15.212173461914062,18.474063873291016
2015-12-02,19.519245147705078,16.245912551879883,21.50652503967285,59.707401275634766,44.956382751464844,36.97864532470703,35.94942092895508,14.873811721801758,18.225337982177734
2015-12-03,19.266782760620117,15.981108665466309,21.076004028320312,58.400001525878906,44.39483642578125,36.784759521484375,35.40729522705078,14.761017799377441,18.064865112304688
2015-12-04,19.740694046020508,16.40479850769043,20.943286895751953,59.77400588989258,45.05547332763672,37.61248016357422,36.09162902832031,14.968973159790039,18.381792068481445
2015-12-07,19.643253326416016,16.252534866333008,20.146987915039062,59.4409294128418,44.83249282836914,37.71686935424805,35.94053649902344,15.035935401916504,18.05283546447754
2015-12-08,19.59453773498535,16.047311782836914,19.9398193359375,59.57417297363281,44.11406707763672,37.619937896728516,35.833892822265625,15.014790534973145,17.711835861206055
2015-12-09,19.306636810302734,15.861946105957031,20.202014923095703,58.97459030151367,43.981929779052734,37.26200485229492,35.376190185546875,15.018322944641113,18.245393753051758
2015-12-10,19.35978889465332,15.875178337097168,20.331501007080078,59.41593551635742,44.18840026855469,37.306758880615234,35.496158599853516,14.771591186523438,18.108991622924805
2015-12-11,18.95673942565918,15.524320602416992,19.5708065032959,58.54158020019531,43.44517135620117,36.8966064453125,34.68742752075195,14.729305267333984,17.627586364746094
2015-12-14,19.10289764404297,15.557415962219238,19.674386978149414,58.92462921142578,43.60206604003906,37.26200485229492,34.865169525146484,14.803311347961426,17.394908905029297
2015-12-15,19.187055587768555,15.921527862548828,20.169645309448242,59.69074630737305,43.610328674316406,37.500633239746094,35.056236267089844,14.919629096984863,17.49118423461914
2015-12-16,19.448375701904297,16.17970848083496,20.03692626953125,60.46518325805664,44.38658142089844,38.223941802978516,35.64281463623047,15.296764373779297,17.671720504760742
2015-12-17,19.142765045166016,15.94800853729248,19.544904708862305,59.8156623840332,43.65161895751953,37.731781005859375,35.056236267089844,15.328487396240234,17.318683624267578
2015-12-18,18.771516799926758,15.521662712097168,19.20259666442871,58.94843673706055,42.986114501953125,37.06322479248047,34.50517654418945,15.137965202331543,17.084667205810547
2015-12-21,18.962926864624023,15.674875259399414,19.222192764282227,59.48365783691406,43.31845474243164,37.4838981628418,34.67918395996094,15.127278327941895,17.238250732421875
2015-12-22,19.100921630859375,15.821431159973145,19.447572708129883,59.88508987426758,43.91665267944336,37.97216796875,34.93354034423828,15.255487442016602,17.45650863647461
2015-12-23,19.261173248291016,16.00796127319336,20.29354476928711,60.52897644042969,44.4317512512207,38.250091552734375,35.112022399902344,15.49051284790039,17.8687744140625
2015-12-24,19.25226593017578,15.994637489318848,20.110631942749023,60.58753204345703,44.41512680053711,38.2125358581543,35.0183219909668,15.479825973510742,17.8283634185791
2015-12-28,19.238914489746094,15.981313705444336,19.74480438232422,60.30321502685547,44.315433502197266,38.15995788574219,35.1075553894043,15.508312225341797,17.703060150146484
2015-12-29,19.501543045043945,16.147857666015625,19.881994247436523,61.039127349853516,44.739158630371094,38.490474700927734,35.51360321044922,15.59377670288086,17.8687744140625
2015-12-30,19.336843490600586,16.034603118896484,19.614154815673828,60.77986526489258,44.36528396606445,38.35526657104492,35.2280158996582,15.579534530639648,17.703060150146484
2015-12-31,19.0653076171875,15.874728202819824,19.70234489440918,60.23630142211914,44.041255950927734,37.927101135253906,34.875526428222656,15.412163734436035,17.54946517944336
2016-01-04,18.81603240966797,15.568289756774902,19.695812225341797,59.149169921875,43.45138168334961,37.44633102416992,34.277610778808594,15.380118370056152,17.274625778198242
2016-01-05,18.767070770263672,15.62824821472168,19.770938873291016,59.4334831237793,43.56771469116211,37.68672180175781,34.232994079589844,15.49051284790039,17.26654815673828
2016-01-06,18.53558921813965,15.38843059539795,19.0098876953125,58.94843673706055,42.89474105834961,37.559017181396484,33.89834213256836,15.462021827697754,16.813859939575195
2016-01-07,17.988073348999023,14.955418586730957,18.54606819152832,57.75257873535156,41.73160934448242,37.108299255371094,33.20225524902344,15.358748435974121,16.357145309448242
2016-01-08,17.845626831054688,14.722264289855957,18.307628631591797,56.88286209106445,41.307899475097656,36.82284927368164,32.84528350830078,15.3516263961792,16.19142723083496
2016-01-11,17.96135902404785,14.74224853515625,17.915678024291992,56.20549774169922,41.33281707763672,37.168392181396484,33.10408401489258,15.433528900146484,15.916582107543945
2016-01-12,18.17503547668457,14.85549545288086,17.958141326904297,56.92470169067383,41.665138244628906,37.371212005615234,33.469974517822266,15.372992515563965,15.940840721130371
2016-01-13,17.68537712097168,14.469117164611816,17.5269832611084,55.235435485839844,40.65986251831055,36.68764114379883,32.34107971191406,15.365874290466309,15.57303524017334
2016-01-14,18.01922607421875,14.595690727233887,18.2814998626709,56.71562957763672,41.141746520996094,36.86041259765625,32.57310485839844,15.597342491149902,15.783203125
2016-01-15,17.51177215576172,14.269270896911621,17.75235939025879,55.92115783691406,40.4189453125,36.28200149536133,31.90380096435547,15.458454132080078,15.459866523742676
2016-01-19,17.52958106994629,14.262605667114258,17.370201110839844,55.91280746459961,40.41062545776367,36.71769714355469,32.024261474609375,15.689921379089355,15.26989459991455
2016-01-20,17.391582489013672,13.982819557189941,16.909648895263672,56.021507263183594,39.887210845947266,36.25946807861328,31.743165969848633,15.337380409240723,15.15672779083252
2016-01-21,17.489519119262695,13.922860145568848,17.435527801513672,55.854278564453125,40.06167221069336,36.40219497680664,32.14921569824219,15.323139190673828,15.290106773376465
2016-01-22,17.97471809387207,14.176004409790039,18.206377029418945,56.740699768066406,40.41062545776367,37.02567672729492,32.711429595947266,15.597342491149902,15.56494426727295
2016-01-25,17.7655029296875,13.889558792114258,17.357135772705078,56.2138671875,39.912139892578125,36.69516372680664,32.33661651611328,15.465583801269531,15.067808151245117
2016-01-26,17.939105987548828,14.122710227966309,18.013668060302734,56.64036178588867,40.66816711425781,37.0331916809082,32.809593200683594,15.572417259216309,15.326481819152832
2016-01-27,17.569639205932617,14.069418907165527,17.928739547729492,55.99642562866211,40.211219787597656,36.99563980102539,32.29643630981445,15.608023643493652,15.205227851867676
2016-01-28,17.79666519165039,14.076078414916992,18.474218368530273,54.69184875488281,40.4438591003418,37.371212005615234,32.711429595947266,15.857298851013184,15.22947883605957
2016-01-29,18.3575382232666,14.469117164611816,19.013153076171875,55.5866584777832,41.5322151184082,38.129905700683594,33.06839370727539,16.174224853515625,15.670037269592285
2016-02-01,18.4243106842041,14.409158706665039,18.696319580078125,55.670284271240234,41.43251037597656,38.25761032104492,33.26918029785156,16.327350616455078,15.734700202941895
2016-02-02,18.094913482666016,14.00946044921875,18.072460174560547,54.86748123168945,40.60171127319336,37.769344329833984,32.622196197509766,16.398574829101562,15.62961196899414
2016-02-03,18.072649002075195,14.02278995513916,18.71591567993164,55.227046966552734,41.258052825927734,37.68672180175781,32.53740692138672,16.601547241210938,16.155054092407227
2016-02-04,18.0904541015625,14.142702102661133,18.70612144470215,54.92601776123047,41.972537994384766,37.3411750793457,32.350013732910156,16.53033447265625,16.603687286376953
2016-02-05,17.58299446105957,13.956171035766602,18.271703720092773,53.855594635009766,41.573753356933594,37.28106689453125,31.305879592895508,16.58374786376953,16.413726806640625
2016-02-08,17.329265594482422,13.603102684020996,18.17698097229004,53.11967086791992,41.22482681274414,37.18342971801758,30.699026107788086,16.52676773071289,15.981257438659668
2016-02-09,17.249143600463867,13.58311653137207,17.739299774169922,53.51271438598633,41.474063873291016,37.43131637573242,30.649940490722656,16.58374786376953,16.17930793762207
2016-02-10,17.275846481323242,13.50984001159668,17.667434692382812,53.9893913269043,41.258052825927734,37.38623046875,30.59640121459961,16.56594467163086,16.025714874267578
2016-02-11,17.2402400970459,13.096816062927246,17.592308044433594,53.11967086791992,40.4521598815918,37.08577346801758,30.57856559753418,16.27393913269043,15.678121566772461
2016-02-12,17.480613708496094,13.649736404418945,18.056127548217773,53.830509185791016,41.2663459777832,37.611595153808594,31.140779495239258,16.224079132080078,16.142925262451172
2016-02-16,17.792213439941406,13.869568824768066,18.235767364501953,54.842384338378906,42.09716796875,37.912071228027344,31.894872665405273,16.327350616455078,16.38947868347168
2016-02-17,18.1572265625,14.056097030639648,18.833511352539062,55.536502838134766,42.74518966674805,38.30268096923828,32.58202362060547,16.295299530029297,16.712820053100586
2016-02-18,18.08600616455078,13.976157188415527,18.598329544067383,55.19362258911133,42.720272064208984,38.129905700683594,32.367855072021484,16.5623779296875,16.6643123626709
2016-02-19,18.099353790283203,13.976157188415527,18.55586814880371,55.13508224487305,42.63718032836914,38.190006256103516,32.457096099853516,16.45198631286621,16.470306396484375
2016-02-22,18.339731216430664,14.195993423461914,19.029489517211914,55.92115783691406,43.35999298095703,38.3778076171875,33.08625030517578,16.644285202026367,16.785568237304688
2016-02-23,18.050395965576172,13.942849159240723,18.37948989868164,55.503021240234375,42.927982330322266,38.37029266357422,32.903289794921875,16.658533096313477,16.37330436706543
2016-02-24,18.18838119506836,13.909542083740234,18.565664291381836,55.687015533447266,42.952903747558594,38.490474700927734,33.09516906738281,16.736867904663086,16.543060302734375
2016-02-25,18.415409088134766,14.102726936340332,18.582002639770508,56.38111114501953,43.51784896850586,38.9261589050293,33.42535400390625,16.907800674438477,16.757272720336914
2016-02-26,18.366436004638672,14.202652931213379,18.69305992126465,56.280765533447266,43.57602310180664,38.3778076171875,33.38967514038086,16.441303253173828,16.999792098999023
2016-02-29,18.237350463867188,14.049431800842285,18.480751037597656,55.385948181152344,43.30183792114258,38.250091552734375,33.215641021728516,16.487600326538086,16.89470100402832
2016-03-01,18.78041648864746,14.522416114807129,18.964157104492188,56.57344055175781,44.14927291870117,38.61817932128906,34.094661712646484,16.40569496154785,17.327167510986328
2016-03-02,18.833843231201172,14.682290077209473,19.427976608276367,56.665462493896484,44.1824951171875,38.73085021972656,34.06343078613281,16.49115562438965,17.258460998535156
2016-03-03,18.833843231201172,14.782215118408203,19.721939086914062,56.506561279296875,44.49821853637695,38.9261589050293,34.26422882080078,16.590866088867188,17.363544464111328
2016-03-04,18.882808685302734,14.842169761657715,19.9113826751709,56.37274932861328,44.68099594116211,39.0914192199707,34.232994079589844,16.776044845581055,17.565637588500977
2016-03-07,18.767070770263672,14.83551025390625,20.37847137451172,56.8243293762207,44.81390380859375,38.85105895996094,34.08574295043945,16.868629455566406,17.76772117614746
2016-03-08,18.651330947875977,14.595690727233887,19.522701263427734,56.13022994995117,44.1824951171875,38.96372604370117,33.81801986694336,17.036001205444336,17.420133590698242
2016-03-09,18.811582565307617,14.615679740905762,19.83952522277832,56.2305793762207,44.32373809814453,39.25667190551758,33.884952545166016,17.114341735839844,17.52925682067871
2016-03-10,18.793773651123047,14.602348327636719,19.855859756469727,56.26403045654297,44.25727081298828,39.271697998046875,33.96971893310547,17.128585815429688,17.62221908569336
2016-03-11,19.083110809326172,14.982064247131348,20.368669509887695,57.35954284667969,44.89699172973633,39.39939880371094,34.491798400878906,17.14638328552246,17.9455623626709
2016-03-14,19.105371475219727,14.93543529510498,20.2347469329834,57.117034912109375,44.93854904174805,39.37686538696289,34.621185302734375,17.16775894165039,17.824316024780273
2016-03-15,19.176589965820312,14.92877197265625,20.195558547973633,56.2305793762207,44.913612365722656,39.474517822265625,34.612266540527344,17.199806213378906,17.864728927612305
2016-03-16,19.3991641998291,14.895464897155762,20.545047760009766,56.096778869628906,45.07146072387695,39.56466293334961,34.893367767333984,17.463327407836914,18.014278411865234
2016-03-17,19.470386505126953,15.07533073425293,20.825952529907227,55.444496154785156,46.06013488769531,39.80504608154297,34.94246292114258,17.559476852416992,18.345703125
2016-03-18,19.50170135498047,15.209155082702637,20.885820388793945,56.09661102294922,46.45512008666992,39.75293731689453,34.98772048950195,17.447532653808594,18.421545028686523
2016-03-21,19.56881332397461,15.182388305664062,20.813447952270508,56.423919677734375,46.730690002441406,39.77560806274414,35.00563430786133,17.429590225219727,18.5067195892334
2016-03-22,19.573286056518555,15.135546684265137,20.698318481445312,56.9862174987793,46.463462829589844,39.54153060913086,34.94738006591797,17.372182846069336,18.29581642150879
2016-03-23,19.461441040039062,15.02180004119873,20.244346618652344,56.583370208740234,46.16283416748047,39.54907989501953,34.70096206665039,17.50135040283203,18.068693161010742
2016-03-24,19.515117645263672,14.928121566772461,20.343032836914062,56.55818557739258,46.02922439575195,39.503780364990234,34.74577713012695,17.547988891601562,18.068693161010742
2016-03-28,19.465909957885742,14.974964141845703,20.23448371887207,56.39874267578125,46.04594802856445,39.7151985168457,34.90258026123047,17.48340606689453,18.145753860473633
2016-03-29,19.770132064819336,15.001728057861328,20.329883575439453,57.05335998535156,46.3465690612793,40.0096549987793,35.25653839111328,17.741737365722656,18.247140884399414
2016-03-30,19.886463165283203,15.088713645935059,20.369352340698242,57.061744689941406,46.43007278442383,40.273921966552734,35.48056411743164,17.69868278503418,18.328264236450195
2016-03-31,19.84619903564453,15.055253028869629,20.359477996826172,56.885536193847656,46.321502685546875,40.062522888183594,35.440242767333984,17.802730560302734,18.174144744873047
2016-04-01,19.99830436706543,15.189079284667969,20.08644676208496,57.53175735473633,46.53862762451172,40.48532485961914,35.58807373046875,17.87089729309082,18.348535537719727
2016-04-04,19.922243118286133,15.115478515625,19.93840789794922,58.21994400024414,46.012535095214844,40.500431060791016,35.31029510498047,17.795547485351562,18.109251022338867
2016-04-05,19.72986602783203,14.901357650756836,19.803531646728516,57.464622497558594,45.72859191894531,40.22862243652344,35.01011276245117,17.46187973022461,17.995681762695312
2016-04-06,19.922243118286133,14.981656074523926,20.231191635131836,59.00886154174805,45.95408248901367,40.545738220214844,35.34165954589844,17.440357208251953,18.20253562927246
2016-04-07,19.63591766357422,14.7006196975708,20.112760543823242,58.36262130737305,45.511478424072266,40.107810974121094,34.94291305541992,17.43317985534668,17.93890380859375
2016-04-08,19.63591766357422,14.754150390625,20.517379760742188,58.203155517578125,45.68686294555664,40.32676696777344,34.88913345336914,17.526464462280273,18.0565242767334
2016-04-11,19.58222770690918,14.814373016357422,20.431852340698242,57.75835418701172,45.70354080200195,40.03986358642578,34.759212493896484,17.451120376586914,18.137636184692383
2016-04-12,19.716449737548828,15.001728057861328,21.04043960571289,58.22834014892578,45.970767974853516,40.289024353027344,35.0235481262207,17.573108673095703,18.38909912109375
2016-04-13,19.917766571044922,15.342976570129395,21.13912010192871,58.773860931396484,46.65553283691406,39.97946548461914,35.51641082763672,17.465463638305664,18.571611404418945
2016-04-14,19.913297653198242,15.376432418823242,21.188472747802734,58.807456970214844,46.739044189453125,39.79825210571289,35.51641082763672,17.443941116333008,18.58378028869629
2016-04-15,19.837242126464844,15.32290267944336,20.902271270751953,58.76544952392578,46.80585861206055,40.04740905761719,35.614959716796875,17.540815353393555,18.668949127197266
2016-04-18,19.922243118286133,15.436657905578613,21.247682571411133,59.31100845336914,46.84761047363281,40.273921966552734,35.95100402832031,17.608983993530273,18.75412368774414
2016-04-19,19.810400009155273,15.630702018737793,21.672035217285156,59.52082824707031,47.18163299560547,40.251258850097656,35.753875732421875,17.637685775756836,19.15565299987793
2016-04-20,19.85066795349121,15.751143455505371,21.86612892150879,59.8397216796875,47.106475830078125,39.79825210571289,35.798675537109375,17.196382522583008,19.098867416381836
2016-04-21,19.779085159301758,15.61063003540039,21.737836837768555,60.19224548339844,46.98955535888672,39.088504791259766,35.673221588134766,16.837604522705078,19.013704299926758
2016-04-22,19.434595108032227,15.757835388183594,22.05364227294922,60.3181266784668,47.106475830078125,39.23196792602539,35.601539611816406,16.98829460144043,19.147539138793945
2016-04-25,19.439075469970703,15.724372863769531,21.806921005249023,60.08311080932617,46.881019592285156,39.503780364990234,35.641849517822266,17.02058219909668,19.082643508911133
2016-04-26,19.34511947631836,15.824742317199707,22.155614852905273,59.856510162353516,47.29853439331055,39.34523010253906,35.72698974609375,17.045692443847656,19.236764907836914
2016-04-27,19.25563621520996,15.851509094238281,22.576690673828125,59.78936004638672,47.63258743286133,39.533973693847656,35.6911506652832,17.293256759643555,19.399002075195312
2016-04-28,19.01405143737793,15.68422794342041,22.24114418029785,59.5040168762207,47.173282623291016,39.57174301147461,35.30582809448242,17.26814079284668,19.216487884521484
2016-04-29,18.848520278930664,15.597251892089844,22.204959869384766,58.57245635986328,46.897708892822266,39.48866653442383,35.485042572021484,17.372182846069336,19.102924346923828
2016-05-02,18.987201690673828,15.737767219543457,22.181936264038086,58.90815734863281,47.13987731933594,39.94171142578125,35.98237609863281,17.512113571166992,19.171871185302734
2016-05-03,18.812721252441406,15.537019729614258,21.65888023376465,58.72350311279297,46.7557487487793,39.86620330810547,35.65081787109375,17.497753143310547,18.855527877807617
2016-05-04,18.75455665588379,15.416582107543945,21.34636878967285,58.16121292114258,46.179542541503906,39.98699951171875,35.48952865600586,17.702272415161133,18.664899826049805
2016-05-05,18.76350975036621,15.409887313842773,21.52071762084961,58.40458297729492,46.154483795166016,39.994564056396484,35.261024475097656,17.634096145629883,18.571611404418945
2016-05-06,18.902204513549805,15.476802825927734,21.471372604370117,58.060489654541016,46.463462829589844,40.19842529296875,35.52089309692383,17.519289016723633,18.721677780151367
2016-05-09,18.902204513549805,15.436657905578613,21.158863067626953,58.72350311279297,46.25471115112305,40.41737365722656,35.61945343017578,17.619749069213867,18.494548797607422
2016-05-10,19.148265838623047,15.657466888427734,21.53058433532715,59.218658447265625,47.04802322387695,40.817543029785156,36.07645034790039,17.637685775756836,18.802793502807617
2016-05-11,19.009580612182617,15.490184783935547,21.59638214111328,58.50529479980469,46.65553283691406,40.492889404296875,35.35062026977539,17.702272415161133,18.737903594970703
2016-05-12,18.955886840820312,15.496879577636719,21.655595779418945,58.16121292114258,46.555328369140625,40.71184158325195,35.417842864990234,17.806310653686523,18.819015502929688
2016-05-13,18.884307861328125,15.309525489807129,21.379261016845703,58.02690887451172,45.970767974853516,40.19842529296875,34.996673583984375,17.720203399658203,18.63650894165039
2016-05-16,19.148265838623047,15.389817237854004,21.741125106811523,58.815834045410156,46.53862762451172,40.45512771606445,35.216224670410156,17.741737365722656,18.956912994384766
2016-05-17,18.955886840820312,15.302837371826172,21.843101501464844,58.203155517578125,46.31316375732422,39.66233444213867,34.81745910644531,17.440357208251953,18.859573364257812
2016-05-18,18.991682052612305,15.570479393005371,21.632572174072266,58.446556091308594,46.154483795166016,39.2017707824707,34.6158447265625,17.113861083984375,18.571611404418945
2016-05-19,18.888778686523438,15.423274993896484,21.63585662841797,57.95137405395508,45.72024917602539,39.586822509765625,34.58447265625,17.28607940673828,18.63650894165039
2016-05-20,19.11695098876953,15.53033447265625,21.76416015625,58.488502502441406,45.95408248901367,39.38298416137695,34.81296920776367,17.325542449951172,18.770349502563477
2016-05-23,19.081157684326172,15.51695442199707,21.708229064941406,58.25352478027344,45.870574951171875,39.420719146728516,34.691993713378906,17.1712703704834,18.98935890197754
2016-05-24,19.439075469970703,15.751143455505371,21.816789627075195,59.09278869628906,46.3465690612793,39.75293731689453,35.10868453979492,17.343486785888672,19.115100860595703
2016-05-25,19.573286056518555,15.918425559997559,22.162199020385742,59.46205139160156,46.66389083862305,39.813350677490234,35.30134201049805,17.293256759643555,19.35032844543457
2016-05-26,19.63591766357422,15.824742317199707,22.070083618164062,59.470458984375,46.530269622802734,39.97190856933594,35.37302780151367,17.49057960510254,19.143484115600586
2016-05-27,19.72986602783203,15.931805610656738,22.083240509033203,59.739044189453125,46.70563888549805,40.017215728759766,35.5388069152832,17.519289016723633,19.135372161865234
2016-05-31,19.770132064819336,15.891664505004883,21.99772071838379,59.88170623779297,46.697296142578125,39.760494232177734,35.502960205078125,17.634096145629883,19.03803253173828
2016-06-01,19.72092056274414,15.925115585327148,22.00429344177246,60.099891662597656,46.739044189453125,40.16822814941406,35.48056411743164,17.680742263793945,19.06237030029297
2016-06-02,19.703027725219727,15.958569526672363,21.97469139099121,60.87204360961914,46.797508239746094,40.18333435058594,35.67770004272461,17.687910079956055,19.167818069458008
2016-06-03,19.658288955688477,15.731077194213867,21.88916015625,60.67059326171875,46.7557487487793,40.440040588378906,35.4447135925293,17.96776008605957,19.330053329467773
2016-06-06,19.69407844543457,15.824742317199707,22.37273597717285,60.9979248046875,47.19833755493164,40.48532485961914,35.534324645996094,17.942646026611328,19.528779983520508
2016-06-07,19.774614334106445,15.791290283203125,22.87933921813965,60.62025451660156,47.423805236816406,40.440040588378906,35.579124450683594,17.928295135498047,19.536897659301758
2016-06-08,19.81487464904785,15.804678916931152,22.82670021057129,60.8300895690918,47.724422454833984,40.68165588378906,35.61945343017578,18.035934448242188,19.650463104248047
2016-06-09,19.819347381591797,15.690930366516113,22.652353286743164,60.72937774658203,47.716094970703125,40.8402099609375,35.5388069152832,18.190214157104492,19.508502960205078
2016-06-10,19.667236328125,15.496879577636719,22.162199020385742,60.242576599121094,47.156585693359375,40.87041091918945,35.16693115234375,18.143566131591797,19.362503051757812
2016-06-13,19.44801902770996,15.389817237854004,22.096403121948242,59.764190673828125,46.64719772338867,40.530643463134766,34.974273681640625,18.122041702270508,19.147539138793945
2016-06-14,19.49275779724121,15.16231632232666,22.083240509033203,59.856510162353516,46.65553283691406,40.689186096191406,34.88465881347656,18.218917846679688,19.005586624145508
2016-06-15,19.443544387817383,15.182388305664062,22.030609130859375,59.44529724121094,46.672245025634766,40.568389892578125,34.98323440551758,18.104101181030273,19.090757369995117
2016-06-16,19.483802795410156,15.222537994384766,21.925342559814453,59.655086517333984,46.7557487487793,40.77980422973633,35.095252990722656,18.218917846679688,19.15565299987793
2016-06-17,19.353885650634766,15.20975399017334,22.14918327331543,59.03574752807617,46.79521179199219,40.6149787902832,35.03993225097656,18.284744262695312,19.239212036132812
2016-06-20,19.4348087310791,15.29720401763916,22.341245651245117,59.406524658203125,47.22345733642578,40.74409866333008,35.35468673706055,18.216012954711914,19.349266052246094
2016-06-21,19.569673538208008,15.384663581848145,22.606143951416016,59.20427703857422,47.18986892700195,40.85045623779297,35.27375030517578,18.2413387298584,19.296276092529297
2016-06-22,19.50223731994629,15.371208190917969,22.480318069458008,59.37281799316406,47.055519104003906,40.873233795166016,35.224281311035156,18.15452766418457,19.316654205322266
2016-06-23,19.76749038696289,15.69410228729248,22.85117530822754,60.148033142089844,47.60130310058594,41.12388610839844,35.57051086425781,18.20516586303711,19.614215850830078
2016-06-24,19.00771141052246,14.853229522705078,22.112764358520508,58.40378189086914,45.661643981933594,40.33393096923828,34.24858093261719,18.234102249145508,18.758235931396484
2016-06-27,18.625581741333008,14.429420471191406,21.404142379760742,57.62010192871094,44.58685302734375,40.25038146972656,33.61909103393555,18.45836639404297,18.126432418823242
2016-06-28,18.994232177734375,14.799407005310059,22.000181198120117,58.74081802368164,45.34257507324219,40.501033782958984,34.28905487060547,18.527097702026367,18.28133201599121
2016-06-29,19.286453247070312,15.135753631591797,22.417400360107422,59.86156463623047,46.14866256713867,40.97196960449219,34.84209442138672,18.577733993530273,18.591110229492188
2016-06-30,19.49774169921875,15.377924919128418,22.596208572387695,60.42609786987305,47.03032684326172,41.891075134277344,35.098392486572266,18.979236602783203,18.888669967651367
2016-07-01,19.542699813842773,15.29720401763916,22.715421676635742,60.80531692504883,47.181461334228516,41.69357681274414,35.46259307861328,18.982851028442383,18.896818161010742
2016-07-05,19.39883804321289,15.068490028381348,22.25845718383789,60.746315002441406,46.75322723388672,41.92906188964844,35.174827575683594,19.123920440673828,18.554431915283203
2016-07-06,19.533714294433594,15.108855247497559,22.354480743408203,61.428863525390625,46.98833465576172,41.96703338623047,35.47608184814453,19.163711547851562,18.62779426574707
2016-07-07,19.533714294433594,15.129033088684082,22.126008987426758,61.336181640625,47.11428451538086,41.88347625732422,35.62894821166992,18.809232711791992,18.67671012878418
2016-07-08,19.839412689208984,15.418292045593262,22.42070960998535,62.09455871582031,48.05474090576172,42.30125427246094,36.24945068359375,19.004558563232422,19.141387939453125
2016-07-11,19.956310272216797,15.505744934082031,22.463760375976562,61.926029205322266,48.35702133178711,42.30885314941406,36.46078109741211,18.99009132385254,19.235137939453125
2016-07-12,20.118146896362305,15.700823783874512,23.02005386352539,62.22939682006836,48.80204391479492,42.08096694946289,36.60466384887695,18.729652404785156,19.585683822631836
2016-07-13,20.122638702392578,15.700823783874512,22.821372985839844,62.204097747802734,48.91960906982422,42.316436767578125,36.424808502197266,18.87795639038086,19.638675689697266
2016-07-14,20.253013610839844,15.848825454711914,22.937267303466797,62.4737548828125,49.289058685302734,42.30885314941406,36.573184967041016,18.754972457885742,19.813940048217773
2016-07-15,20.23504066467285,15.821917533874512,22.924026489257812,62.423194885253906,49.28065872192383,42.30885314941406,36.41133117675781,18.809232711791992,19.88323974609375
2016-07-18,20.36990737915039,15.87572956085205,22.940580368041992,62.448455810546875,49.23866653442383,42.26326370239258,36.55070495605469,18.86349105834961,20.013662338256836
2016-07-19,20.324949264526367,15.88245964050293,22.81144142150879,62.31364822387695,49.26386260986328,42.232887268066406,36.4832649230957,18.8309326171875,19.895471572875977
2016-07-20,20.590194702148438,15.9093599319458,22.778329849243164,62.87820053100586,49.356239318847656,42.08096694946289,36.63615417480469,18.722415924072266,19.90361785888672
2016-07-21,20.482290267944336,15.828640937805176,22.55316734313965,63.06360626220703,48.8524284362793,41.95943069458008,36.5372200012207,18.834550857543945,19.781326293945312
2016-07-22,20.60367774963379,15.929542541503906,22.622699737548828,63.18996810913086,48.94478988647461,42.156925201416016,36.690086364746094,19.084135055541992,19.834331512451172
2016-07-25,20.576711654663086,15.89591121673584,22.172365188598633,63.12257766723633,48.684486389160156,42.11135482788086,36.748558044433594,19.05158042907715,19.801712036132812
2016-07-26,20.621667861938477,15.9093599319458,22.301504135131836,63.01304626464844,49.08753204345703,41.784725189208984,36.70357894897461,18.885194778442383,19.952533721923828
2016-07-27,20.79250144958496,15.902639389038086,22.082965850830078,63.29954147338867,48.894412994384766,41.161865234375,36.59116744995117,18.668163299560547,19.976987838745117
2016-07-28,20.805988311767578,15.936271667480469,22.086271286010742,63.240562438964844,48.87761688232422,41.344173431396484,36.65862274169922,18.740503311157227,19.948453903198242
2016-07-29,20.882408142089844,15.9093599319458,22.311439514160156,63.366947174072266,48.734859466552734,41.54926300048828,36.69908905029297,18.852642059326172,19.8465518951416
2016-08-01,20.922868728637695,15.869004249572754,21.576339721679688,63.77141189575195,48.676090240478516,41.59484100341797,36.757545471191406,18.86349105834961,19.73649787902832
2016-08-02,20.76552391052246,15.73446273803711,21.771696090698242,63.52708053588867,48.22267150878906,41.534061431884766,36.2089958190918,18.740503311157227,19.68351173400879
2016-08-03,20.837459564208984,15.89591121673584,22.192232131958008,63.3500862121582,48.4577751159668,41.30620193481445,36.31241226196289,18.628374099731445,19.732419967651367
2016-08-04,20.949844360351562,15.855549812316895,22.159116744995117,63.257389068603516,48.47456359863281,41.397342681884766,36.29441833496094,18.617517471313477,19.813940048217773
2016-08-05,21.152156829833984,16.158260345458984,22.361106872558594,63.40909194946289,48.96159362792969,41.46571350097656,36.676612854003906,18.349851608276367,19.879159927368164
2016-08-08,21.147653579711914,16.178447723388672,22.659120559692383,62.869789123535156,49.02874755859375,41.42012405395508,36.55521011352539,18.342618942260742,19.919923782348633
2016-08-09,21.192609786987305,16.191896438598633,22.539918899536133,63.02146911621094,49.01197052001953,41.54926300048828,36.447296142578125,18.33900260925293,19.858779907226562
2016-08-10,21.125181198120117,16.064085006713867,22.294883728027344,62.81081008911133,48.98676681518555,41.701175689697266,36.523719787597656,18.342618942260742,19.862852096557617
2016-08-11,21.201608657836914,16.097715377807617,22.622699737548828,63.17314529418945,49.305850982666016,41.701175689697266,36.887939453125,18.386024475097656,19.948453903198242
2016-08-12,21.179128646850586,16.050628662109375,22.7485294342041,63.01304626464844,49.1715087890625,41.84550476074219,36.86994552612305,18.411346435546875,19.73649787902832
2016-08-15,21.28252601623535,16.158260345458984,22.930648803710938,63.12257766723633,49.49897384643555,41.73915100097656,36.94189453125,18.12920379638672,19.93623161315918
2016-08-16,21.125181198120117,16.117904663085938,22.967073440551758,62.55800247192383,49.28065872192383,41.55685806274414,36.730560302734375,17.915796279907227,19.830251693725586
2016-08-17,21.11618995666504,16.171716690063477,23.036611557006836,62.68441390991211,49.423397064208984,41.6707878112793,36.64513397216797,18.18346405029297,19.813940048217773
2016-08-18,21.125181198120117,16.158260345458984,23.510128021240234,62.709678649902344,49.574546813964844,41.81511688232422,36.622642517089844,18.407730102539062,19.94029998779297
2016-08-19,21.138669967651367,16.151531219482422,23.31476402282715,62.659156799316406,49.557762145996094,41.71637725830078,36.64513397216797,18.18346405029297,19.96883201599121
2016-08-22,21.138669967651367,16.151531219482422,23.046545028686523,62.785526275634766,49.51576614379883,41.777137756347656,36.609153747558594,18.23048210144043,19.94029998779297
2016-08-23,21.2150936126709,16.171716690063477,23.208797454833984,62.84452819824219,49.557762145996094,41.69357681274414,36.79351043701172,18.150909423828125,20.11149787902832
2016-08-24,21.09820556640625,16.164987564086914,23.1160831451416,61.85862731933594,49.40660095214844,41.625221252441406,36.61815643310547,18.143674850463867,19.879159927368164
2016-08-25,21.143165588378906,16.198627471923828,23.053173065185547,61.336181640625,49.398223876953125,41.46571350097656,36.49675750732422,18.15452766418457,19.976987838745117
2016-08-26,21.152156829833984,16.21880531311035,22.973695755004883,61.572105407714844,49.255462646484375,41.25303268432617,36.393341064453125,17.778345108032227,19.862852096557617
2016-08-29,21.23306655883789,16.360078811645508,23.129329681396484,61.706947326660156,49.60812759399414,41.49607849121094,36.51924133300781,17.92302703857422,20.04220199584961
2016-08-30,21.161148071289062,16.50806999206543,23.04985809326172,61.496299743652344,49.47378158569336,41.25303268432617,36.31689453125,17.734941482543945,19.99329376220703
2016-08-31,21.125181198120117,16.521528244018555,22.685617446899414,61.31089782714844,49.19669723510742,41.30620193481445,36.22247314453125,17.80727767944336,19.79356575012207
2016-09-01,21.192609786987305,16.45425033569336,22.619382858276367,61.150821685791016,49.23866653442383,41.32138442993164,36.29441833496094,17.716854095458984,19.875083923339844
2016-09-02,21.287019729614258,16.52824592590332,22.87436294555664,61.21819305419922,49.48218536376953,41.64041519165039,36.36635208129883,17.951963424682617,20.074811935424805
2016-09-06,21.394920349121094,16.5013370513916,23.218732833862305,61.437278747558594,49.339439392089844,41.731544494628906,36.43378829956055,18.147293090820312,20.02997398376465
2016-09-07,21.44886589050293,16.494611740112305,23.35118293762207,61.437278747558594,49.398223876953125,41.366966247558594,36.451778411865234,18.150909423828125,20.00143814086914
2016-09-08,21.273530960083008,16.481157302856445,23.788265228271484,61.48783493041992,49.356239318847656,41.13909149169922,36.13705825805664,18.212398529052734,19.915843963623047
2016-09-09,20.752038955688477,16.171716690063477,23.079654693603516,60.25760269165039,47.96236038208008,40.02250671386719,35.26475524902344,17.52876091003418,19.3370418548584
2016-09-12,21.09820556640625,16.353342056274414,23.30813980102539,61.150821685791016,48.57532501220703,40.77448654174805,35.75935363769531,17.839828491210938,19.520463943481445
2016-09-13,20.945350646972656,16.064085006713867,22.642568588256836,60.33341979980469,47.86159896850586,40.273162841796875,35.25124740600586,17.593868255615234,19.157690048217773
2016-09-14,21.04425621032715,16.02371597290039,22.374351501464844,60.33341979980469,47.81962203979492,40.15161895751953,35.25577163696289,17.662595748901367,19.112852096557617
2016-09-15,21.390432357788086,16.117904663085938,22.65250015258789,60.95700454711914,48.19747543334961,40.478248596191406,35.512062072753906,17.79642677307129,19.235137939453125
2016-09-16,21.31187629699707,15.965143203735352,22.469614028930664,60.9984245300293,47.79391860961914,40.34678649902344,35.43532180786133,17.970077514648438,19.158113479614258
2016-09-19,21.27125358581543,16.066938400268555,22.456287384033203,60.77849578857422,48.004981994628906,40.26272201538086,35.40824508666992,18.14882469177246,19.186790466308594
2016-09-20,21.257709503173828,16.075267791748047,22.29305076599121,60.96461868286133,48.04719543457031,40.36972427368164,35.43532180786133,18.11599349975586,19.129430770874023
2016-09-21,21.496957778930664,16.175111770629883,22.809406280517578,61.57365036010742,48.67195510864258,40.591365814208984,35.778358459472656,18.484432220458984,19.420330047607422
2016-09-22,21.627872467041016,16.208396911621094,22.8360538482666,62.03888702392578,49.01810836791992,40.9505729675293,36.04011917114258,18.5975284576416,19.481781005859375
2016-09-23,21.438282012939453,16.125185012817383,22.532909393310547,61.84435272216797,48.731040954589844,40.76715087890625,35.958885192871094,18.58293914794922,19.383460998535156
2016-09-26,21.31187629699707,15.867250442504883,22.432973861694336,61.12530517578125,48.51998519897461,40.4232177734375,35.56169128417969,18.53550910949707,19.293312072753906
2016-09-27,21.546611785888672,15.992064476013184,22.28306007385254,61.55673599243164,48.85768127441406,40.591365814208984,35.92277145385742,18.29474449157715,19.350675582885742
2016-09-28,21.587247848510742,16.066938400268555,23.245807647705078,61.463687896728516,49.23760986328125,40.66014099121094,36.02207946777344,18.269208908081055,19.571922302246094
2016-09-29,21.456331253051758,15.842289924621582,23.205825805664062,60.38090133666992,48.8492546081543,40.26272201538086,35.837013244628906,17.99560546875,19.420330047607422
2016-09-30,21.569189071655273,16.058624267578125,23.522306442260742,60.9984245300293,49.28827667236328,40.66777801513672,36.12587356567383,17.871578216552734,19.563730239868164
2016-10-03,21.50598907470703,15.98374080657959,23.505643844604492,60.94767761230469,49.330467224121094,40.40793228149414,36.103309631347656,17.619861602783203,19.539140701293945
2016-10-04,21.429250717163086,16.05030632019043,23.26579475402832,60.82925033569336,48.91679000854492,40.06399917602539,35.9769401550293,17.251413345336914,19.272830963134766
2016-10-05,21.50598907470703,16.30823516845703,23.62224769592285,61.06612014770508,49.22917556762695,40.025794982910156,36.12587356567383,17.214937210083008,19.4039306640625
2016-10-06,21.55564308166504,16.33319854736328,23.658884048461914,60.837703704833984,49.22917556762695,40.10221481323242,36.152976989746094,17.211284637451172,19.563730239868164
2016-10-07,21.496957778930664,16.324880599975586,23.522306442260742,60.79541778564453,48.59598159790039,39.99521255493164,35.990482330322266,17.18939208984375,19.199079513549805
2016-10-10,21.64593505859375,16.408082962036133,23.892078399658203,61.0745849609375,48.64661407470703,39.99521255493164,36.049156188964844,17.33167266845703,19.313800811767578
2016-10-11,21.402158737182617,16.258317947387695,23.618907928466797,59.54347610473633,48.14006042480469,39.78886032104492,35.61134719848633,17.134679794311523,19.05158233642578
2016-10-12,21.438282012939453,16.241676330566406,23.518970489501953,59.264320373535156,48.232933044433594,40.0105094909668,35.778358459472656,17.302480697631836,19.014707565307617
2016-10-13,21.302845001220703,16.083581924438477,23.389049530029297,59.28968811035156,48.21604537963867,40.01814270019531,35.647464752197266,17.517717361450195,18.91637420654297
2016-10-14,21.38410186767578,16.158462524414062,23.252471923828125,58.89213562011719,48.31735610961914,40.025794982910156,35.60683822631836,17.41922378540039,18.977832794189453
2016-10-17,21.338956832885742,16.083581924438477,23.13920021057129,58.69755554199219,48.19071960449219,39.8347053527832,35.31345748901367,17.514070510864258,18.994224548339844
2016-10-18,21.456331253051758,16.216716766357422,23.232481002807617,59.399681091308594,48.29204559326172,39.956993103027344,35.548152923583984,17.663639068603516,19.166301727294922
2016-10-19,21.496957778930664,16.3581600189209,23.56228256225586,59.179718017578125,48.44399642944336,39.72772216796875,35.706138610839844,17.62350845336914,19.305606842041016
2016-10-20,21.397647857666016,16.3581600189209,23.535634994506836,59.458858489990234,48.182281494140625,39.70479202270508,35.638423919677734,17.612564086914062,19.289216995239258
2016-10-21,21.456331253051758,16.349843978881836,23.382389068603516,58.968257904052734,48.11473846435547,39.91878890991211,35.92277145385742,17.510419845581055,19.281023025512695
2016-10-24,21.663997650146484,16.399761199951172,23.31243133544922,58.85828399658203,48.20759582519531,40.17863845825195,36.180049896240234,17.576086044311523,19.326093673706055
2016-10-25,21.587247848510742,16.38312339782715,23.205825805664062,58.68910598754883,48.08097457885742,40.32386016845703,35.755775451660156,17.685529708862305,19.149913787841797
2016-10-26,21.46535873413086,16.48297119140625,23.259130477905273,58.333839416503906,48.24981689453125,40.270355224609375,35.602325439453125,17.729297637939453,19.121232986450195
2016-10-27,21.438282012939453,16.524568557739258,23.172521591186523,58.60451889038086,47.92055130004883,40.08693313598633,35.30442810058594,17.62350845336914,19.096654891967773
2016-10-28,21.41571044921875,16.449687957763672,23.10922622680664,57.33565902709961,48.20759582519531,40.255062103271484,35.22319412231445,17.67822265625,19.14582061767578
2016-10-31,21.406665802001953,16.424726486206055,22.859375,56.980384826660156,48.30047607421875,40.35443878173828,35.250274658203125,18.032087326049805,19.154014587402344
2016-11-01,21.221586227416992,16.3581600189209,22.862707138061523,56.67585372924805,47.886783599853516,40.17863845825195,35.00204086303711,17.70376968383789,19.04339027404785
2016-11-02,21.08616828918457,16.249996185302734,22.60952377319336,56.3797721862793,47.70949172973633,40.07929229736328,34.78989791870117,17.48123550415039,18.94096565246582
2016-11-03,20.883020401000977,16.26663589477539,22.699472427368164,55.84685134887695,47.63351058959961,39.80414962768555,34.699623107910156,17.546899795532227,18.945058822631836
2016-11-04,20.846906661987305,16.216716766357422,22.576210021972656,56.2359733581543,47.675716400146484,39.44492721557617,34.63191604614258,17.4921817779541,19.01061248779297
2016-11-07,21.298330307006836,16.624414443969727,23.062585830688477,57.674015045166016,48.8492546081543,40.10986328125,35.43082046508789,17.798614501953125,19.301509857177734
2016-11-08,21.402158737182617,16.632741928100586,23.092561721801758,57.834720611572266,49.14473342895508,40.27800750732422,35.57524871826172,17.937238693237305,19.362964630126953
2016-11-09,21.37507438659668,17.339990615844727,23.469003677368164,59.87337112426758,50.37738037109375,39.72772216796875,35.647464752197266,17.276952743530273,19.772676467895508
2016-11-10,21.03199005126953,17.980661392211914,23.568939208984375,60.533172607421875,51.4495964050293,38.66535568237305,35.778358459472656,16.8610782623291,20.00212287902832
2016-11-11,21.095195770263672,18.030593872070312,23.13920021057129,59.628074645996094,51.5424690246582,38.62713623046875,35.981468200683594,16.791763305664062,19.72760581970215
2016-11-14,20.77467918395996,18.471574783325195,23.26912498474121,59.44196701049805,51.761962890625,38.558345794677734,35.98597717285156,16.780820846557617,19.772676467895508
2016-11-15,21.068103790283203,18.454933166503906,23.92538833618164,59.61116027832031,51.956146240234375,38.795284271240234,36.12587356567383,17.05077362060547,19.854616165161133
2016-11-16,21.262218475341797,18.188682556152344,23.75882339477539,59.35737991333008,51.6606559753418,38.80291748046875,36.32448196411133,16.93403434753418,19.81774139404297
2016-11-17,21.397647857666016,18.438295364379883,23.598920822143555,59.59421920776367,51.770408630371094,38.73413848876953,36.76228332519531,16.93768882751465,19.825946807861328
2016-11-18,21.37959098815918,18.438295364379883,23.69553565979004,58.95979309082031,51.75352096557617,38.5965690612793,36.64944839477539,16.88661003112793,19.797256469726562
2016-11-21,21.596277236938477,18.504859924316406,24.25852394104004,59.1712532043457,52.03213119506836,38.856422424316406,36.888675689697266,17.06536102294922,20.03079605102539
2016-11-22,21.663997650146484,18.51318359375,24.24519920349121,58.31691360473633,52.268531799316406,39.05514907836914,37.32648849487305,17.131025314331055,20.15370750427246
2016-11-23,21.57822036743164,18.621337890625,24.345136642456055,58.54529571533203,52.65689468383789,38.84113693237305,37.362579345703125,16.959575653076172,20.243846893310547
2016-11-25,21.668502807617188,18.646312713623047,24.22521209716797,58.77370834350586,52.943931579589844,39.14685821533203,37.452857971191406,17.203989028930664,20.305307388305664
2016-11-28,21.686569213867188,18.429975509643555,23.888750076293945,58.333839416503906,52.58090591430664,39.23092269897461,37.15496063232422,17.535959243774414,20.223365783691406
2016-11-29,21.700111389160156,18.479894638061523,23.595600128173828,58.714473724365234,52.62311553955078,39.284427642822266,37.25426483154297,17.608917236328125,20.243846893310547
2016-11-30,21.442792892456055,18.729516983032227,24.79486083984375,58.15620040893555,52.69065856933594,38.65772247314453,36.94282913208008,17.054420471191406,20.460994720458984
2016-12-01,21.00039291381836,19.054012298583984,24.854825973510742,57.73322677612305,53.036808013916016,38.40550231933594,36.96087646484375,16.91944694519043,20.46918296813965
2016-12-02,21.077131271362305,18.845998764038086,24.92811393737793,57.868568420410156,53.02836990356445,38.65006637573242,36.757781982421875,17.072668075561523,20.47738265991211
2016-12-05,21.2802677154541,19.07065773010254,25.147972106933594,57.767059326171875,52.986141204833984,38.6959342956543,37.15946960449219,17.094545364379883,20.637170791625977
2016-12-06,21.343477249145508,19.237070083618164,25.10133171081543,57.92778778076172,53.08746337890625,38.81056594848633,37.2452278137207,17.061717987060547,20.66175651550293
2016-12-07,21.749757766723633,19.536603927612305,25.30122184753418,57.4286994934082,54.075260162353516,39.368499755859375,37.96738052368164,17.28424644470215,20.956745147705078
2016-12-08,21.803937911987305,19.71965789794922,25.437803268432617,57.53865051269531,53.77132797241211,39.20800018310547,37.96738052368164,17.313432693481445,21.096046447753906
2016-12-09,21.961931228637695,19.761260986328125,25.517749786376953,58.24078369140625,54.01614761352539,39.77357482910156,38.05313491821289,17.495824813842773,21.100143432617188
2016-12-12,21.89421844482422,19.569887161254883,25.637676239013672,58.519920349121094,53.82197570800781,39.93408203125,37.73720932006836,17.67822265625,21.005903244018555
2016-12-13,22.16958236694336,19.61981201171875,25.927505493164062,58.993614196777344,53.746002197265625,40.117515563964844,38.0756950378418,17.860628128051758,20.973133087158203
2016-12-14,22.09284782409668,19.52828025817871,25.407812118530273,58.68910598754883,53.20565414428711,39.681861877441406,37.818443298339844,17.4921817779541,20.723203659057617
2016-12-15,22.192157745361328,19.6946964263916,25.464460372924805,59.06976318359375,53.2647590637207,39.85000991821289,37.72815704345703,17.6162166595459,20.858413696289062
2016-12-16,22.031648635864258,19.525022506713867,25.622526168823242,59.116493225097656,53.15772247314453,40.07791519165039,37.542930603027344,17.830951690673828,20.7940731048584
2016-12-19,22.190349578857422,19.53338050842285,25.505311965942383,58.870113372802734,53.45502853393555,40.1549186706543,37.642826080322266,17.897245407104492,20.75284194946289
2016-12-20,22.271963119506836,19.77577018737793,25.448373794555664,58.82762145996094,53.76082992553711,40.07791519165039,37.94245910644531,17.91935157775879,20.769332885742188
2016-12-21,22.226619720458984,19.725622177124023,25.48855972290039,58.49628829956055,53.55696487426758,40.070220947265625,37.924320220947266,17.845687866210938,20.777584075927734
2016-12-22,22.1812801361084,19.67547035217285,25.592369079589844,58.572731018066406,53.45502853393555,40.008628845214844,37.515682220458984,17.908300399780273,20.690967559814453
2016-12-23,22.203947067260742,19.708906173706055,25.568939208984375,59.01453399658203,53.50600051879883,40.08561325073242,37.4339599609375,17.90461540222168,20.732213973999023
2016-12-27,22.294626235961914,19.733978271484375,25.625865936279297,59.133480072021484,53.616424560546875,40.07791519165039,37.57925033569336,17.91935157775879,20.843568801879883
2016-12-28,22.095134735107422,19.53338050842285,25.347909927368164,58.68318176269531,53.05579376220703,39.831520080566406,37.320457458496094,17.749923706054688,20.633230209350586
2016-12-29,22.09966278076172,19.391286849975586,25.29767608642578,58.78514862060547,53.03880310058594,40.016326904296875,37.27051544189453,17.989336013793945,20.633230209350586
2016-12-30,21.92736053466797,19.433069229125977,25.223997116088867,58.572731018066406,52.851924896240234,39.81611633300781,36.95724868774414,17.889881134033203,20.497133255004883
2017-01-03,22.122331619262695,19.6503963470459,25.508665084838867,59.3374137878418,53.166229248046875,39.96242904663086,37.1751823425293,17.845687866210938,20.616731643676758
2017-01-04,22.199411392211914,19.809206008911133,25.455074310302734,59.80469512939453,53.48051071166992,39.96242904663086,37.67005920410156,17.911985397338867,20.917800903320312
2017-01-05,22.235685348510742,19.608600616455078,25.391447067260742,60.11054229736328,53.32761764526367,40.09330749511719,37.642826080322266,17.930400848388672,20.855937957763672
2017-01-06,22.398916244506836,19.67547035217285,25.41489028930664,60.28045654296875,53.63340759277344,40.131805419921875,37.828956604003906,17.98564910888672,20.87656021118164
2017-01-09,22.394378662109375,19.54174041748047,25.046510696411133,60.53533935546875,53.217201232910156,39.80842590332031,37.797183990478516,17.749923706054688,20.872434616088867
2017-01-10,22.398916244506836,19.583528518676758,24.818775177001953,60.74776840209961,53.43803787231445,39.608219146728516,37.933387756347656,17.69466781616211,20.884811401367188
2017-01-11,22.50320053100586,19.708906173706055,25.08669662475586,60.13603210449219,53.718360900878906,39.68522262573242,38.015113830566406,17.878833770751953,21.05390167236328
2017-01-12,22.44879722595215,19.54174041748047,24.982866287231445,60.19550704956055,53.49750518798828,39.646728515625,37.97879409790039,17.893566131591797,21.012657165527344
2017-01-13,22.51680564880371,19.6503963470459,24.90920066833496,60.254981994628906,53.701377868652344,39.669830322265625,38.11953353881836,17.867786407470703,20.979663848876953
2017-01-17,22.430660247802734,19.182331085205078,25.06325340270996,59.9491081237793,53.2851448059082,40.2319221496582,38.183101654052734,18.06300163269043,20.884811401367188
2017-01-18,22.489604949951172,19.341135025024414,25.00632095336914,59.87265396118164,53.48902130126953,40.37051773071289,38.114994049072266,18.040903091430664,21.01677894592285
2017-01-19,22.457862854003906,19.257551193237305,24.869016647338867,59.49032974243164,53.8797492980957,40.22421646118164,37.9969596862793,17.882516860961914,20.884811401367188
2017-01-20,22.580286026000977,19.349496841430664,24.962793350219727,59.3374137878418,53.888248443603516,40.48600769042969,38.105926513671875,17.915672302246094,21.070396423339844
2017-01-23,22.62109375,19.2241268157959,24.69822120666504,59.091007232666016,53.5909423828125,40.47061538696289,38.133155822753906,17.823585510253906,21.11164093017578
2017-01-24,22.76165771484375,19.466506958007812,24.969480514526367,58.68318176269531,54.1260871887207,40.740108489990234,38.44643783569336,17.81989860534668,21.656036376953125
2017-01-25,22.979297637939453,19.7924861907959,25.1000919342041,59.23543167114258,54.69520568847656,40.73240661621094,38.682525634765625,17.81989860534668,21.800378799438477
2017-01-26,22.915813446044922,19.842639923095703,25.12017822265625,58.776634216308594,54.82262420654297,40.5552978515625,38.74154281616211,17.827272415161133,21.85810661315918
2017-01-27,23.006502151489258,19.767406463623047,24.858972549438477,59.26095199584961,54.78015899658203,40.33201217651367,38.618953704833984,17.823585510253906,21.77975845336914
2017-01-30,22.820600509643555,19.608600616455078,24.403514862060547,58.97205352783203,54.312965393066406,40.30121612548828,38.573551177978516,17.83832359313965,21.557044982910156
2017-01-31,22.70724105834961,19.483226776123047,24.4135684967041,59.91512680053711,53.83726501464844,40.493717193603516,38.51453399658203,18.114572525024414,21.429203033447266
2017-02-01,22.879541397094727,19.5083065032959,24.23271942138672,60.433380126953125,53.74383544921875,40.17801284790039,38.44188690185547,17.801483154296875,21.536426544189453
2017-02-02,22.834197998046875,19.433069229125977,24.370023727416992,60.41641616821289,53.64189910888672,40.547603607177734,38.41011047363281,17.989336013793945,21.441577911376953
2017-02-03,22.983823776245117,19.82592010498047,24.581012725830078,60.679779052734375,54.04114532470703,40.80941390991211,38.360172271728516,18.01144027709961,21.47869300842285
2017-02-06,22.9974365234375,19.733978271484375,24.373380661010742,60.74776840209961,54.117584228515625,40.586116790771484,38.24667739868164,17.974599838256836,21.420955657958984
2017-02-07,23.088115692138672,19.683826446533203,24.0284366607666,60.80722427368164,54.21102523803711,40.91720199584961,38.21035385131836,18.018800735473633,21.251861572265625
2017-02-08,23.128921508789062,19.550092697143555,24.085372924804688,60.71379852294922,54.134578704833984,41.086605072021484,38.44643783569336,18.195602416992188,21.301353454589844
2017-02-09,23.20147132873535,19.817562103271484,24.356632232666016,60.93467712402344,54.55080795288086,41.2559928894043,38.68705749511719,18.040903091430664,21.293100357055664
2017-02-10,23.26948356628418,19.876070022583008,24.54081916809082,61.0535888671875,54.9840202331543,41.286800384521484,38.92314910888672,18.155086517333984,21.486936569213867
2017-02-13,23.373762130737305,20.101741790771484,24.587705612182617,61.42746353149414,55.53615188598633,41.286800384521484,38.96856689453125,18.243484497070312,21.664276123046875
2017-02-14,23.45085334777832,20.335771560668945,24.668081283569336,61.91173553466797,55.561614990234375,41.294498443603516,39.19102096557617,18.110885620117188,21.660152435302734
2017-02-15,23.52792739868164,20.49458122253418,24.57096290588379,62.58293914794922,55.85893630981445,41.67180252075195,39.39533233642578,18.066688537597656,21.63128662109375
2017-02-16,23.58234405517578,20.44443702697754,24.236068725585938,62.49798583984375,55.875938415527344,41.72569274902344,39.19556427001953,18.247163772583008,21.63128662109375
2017-02-17,23.663959503173828,20.452795028686523,24.10211753845215,62.58293914794922,55.96936798095703,41.933589935302734,39.322689056396484,18.258216857910156,21.569421768188477
2017-02-21,23.786380767822266,20.553096771240234,24.266210556030273,62.86329650878906,56.24968719482422,42.31089401245117,39.549705505371094,18.44974708557129,21.639530181884766
2017-02-22,23.813587188720703,20.569812774658203,23.897823333740234,62.76985549926758,56.09676742553711,42.3185920715332,39.549705505371094,18.527101516723633,21.697269439697266
2017-02-23,23.809051513671875,20.569812774658203,23.99829864501953,63.2286376953125,55.73152542114258,42.41867446899414,39.281829833984375,18.718629837036133,21.57767105102539
2017-02-24,23.86345863342285,20.41099739074707,23.773923873901367,63.53450012207031,55.96936798095703,42.56498718261719,39.46344757080078,19.00224494934082,21.623035430908203
2017-02-27,23.849863052368164,20.519657135009766,23.978206634521484,63.84038162231445,56.173221588134766,42.37247848510742,39.50883865356445,18.895427703857422,21.569421768188477
2017-02-28,23.73650360107422,20.511302947998047,23.904529571533203,63.71291732788086,55.94389343261719,42.426387786865234,39.2137336730957,19.06854820251465,21.548799514770508
2017-03-01,24.072036743164062,21.096385955810547,24.383420944213867,64.35013580322266,56.88676834106445,42.6265869140625,39.65412902832031,18.899110794067383,21.969467163085938
2017-03-02,23.913341522216797,20.770410537719727,24.152353286743164,64.1462173461914,56.2751579284668,42.61888885498047,39.55878829956055,19.03539276123047,21.734392166137695
2017-03-03,23.96774673461914,20.87070655822754,24.108810424804688,64.40113067626953,56.334625244140625,42.457176208496094,39.499759674072266,18.97646713256836,21.717885971069336
2017-03-06,23.931474685668945,20.711898803710938,24.162397384643555,64.15473175048828,56.19872283935547,42.27238464355469,39.37263870239258,18.93963050842285,21.57767105102539
2017-03-07,23.931474685668945,20.65338897705078,23.94806671142578,63.704437255859375,56.03733444213867,42.218482971191406,39.24551773071289,18.92858123779297,21.45807456970215
2017-03-08,23.95868492126465,20.6617488861084,23.325166702270508,63.959285736083984,55.841949462890625,42.12607955932617,39.40895080566406,18.656015396118164,21.45807456970215
2017-03-09,23.95414924621582,20.736974716186523,23.479215621948242,64.30767059326172,55.587127685546875,42.19539260864258,39.37263870239258,18.615501403808594,21.392074584960938
2017-03-10,24.081098556518555,20.720260620117188,23.445730209350586,64.55404663085938,55.9268913269043,42.38788604736328,39.43165588378906,18.770200729370117,21.491058349609375
2017-03-13,24.103775024414062,20.770410537719727,23.449079513549805,64.5030746459961,55.892906188964844,42.41867446899414,39.536075592041016,18.825448989868164,21.55292510986328
2017-03-14,24.04936408996582,20.711898803710938,23.184507369995117,64.26519775390625,55.36626052856445,42.29549026489258,39.52701187133789,18.80703353881836,21.367334365844727
2017-03-15,24.212594985961914,20.678464889526367,23.700241088867188,65.07233428955078,55.99483108520508,42.611175537109375,39.73583984375,19.109066009521484,21.70964241027832
2017-03-16,24.2261905670166,20.711898803710938,23.532798767089844,64.443603515625,55.740028381347656,42.67277526855469,39.7313232421875,18.899110794067383,21.561172485351562
2017-03-17,24.278541564941406,20.5089111328125,23.51561737060547,64.08888244628906,56.04463577270508,42.556678771972656,39.781856536865234,19.013050079345703,21.653846740722656
2017-03-20,24.30129623413086,20.34114646911621,23.481931686401367,63.995113372802734,55.942256927490234,42.64181137084961,39.68621826171875,18.886869430541992,21.773818969726562
2017-03-21,23.946271896362305,19.7707576751709,23.316844940185547,63.49201202392578,55.08893966674805,42.603111267089844,39.1853141784668,19.154085159301758,21.40974998474121
2017-03-22,24.09647560119629,19.728822708129883,23.283151626586914,63.50904083251953,55.285213470458984,42.517974853515625,39.2308464050293,19.24686050415039,21.471803665161133
2017-03-23,24.032756805419922,19.7707576751709,23.188823699951172,63.31291580200195,55.20841598510742,42.42509078979492,39.321929931640625,19.187488555908203,21.562828063964844
2017-03-24,24.05095863342285,19.74559211730957,23.09786033630371,63.3470344543457,55.0633659362793,42.33994674682617,39.41754913330078,19.257999420166016,21.372520446777344
2017-03-27,24.05095863342285,19.67009735107422,22.99005699157715,63.517578125,54.86709213256836,42.301239013671875,39.40389633178711,19.183773040771484,21.418027877807617
2017-03-28,24.223922729492188,19.93852424621582,23.316844940185547,63.56019973754883,55.447330474853516,42.37865447998047,39.70444107055664,19.16893196105957,21.666257858276367
2017-03-29,24.264890670776367,19.812698364257812,23.636903762817383,63.5772590637207,55.438804626464844,42.4560432434082,39.94123458862305,19.116966247558594,21.68280601501465
2017-03-30,24.310401916503906,20.07273292541504,23.63016700744629,63.58579635620117,55.74599838256836,42.37091064453125,40.045982360839844,18.96851921081543,21.686941146850586
2017-03-31,24.264890670776367,19.904966354370117,23.5493106842041,63.4067268371582,55.515602111816406,42.24705505371094,40.050533294677734,19.042747497558594,21.68280601501465
2017-04-03,24.24213218688965,19.863025665283203,23.508880615234375,63.457862854003906,55.396148681640625,42.17739486694336,39.891143798828125,19.039030075073242,21.60005760192871
2017-04-04,24.260332107543945,19.837860107421875,23.68069839477539,63.42377471923828,55.54118728637695,42.301239013671875,39.827392578125,19.098411560058594,21.678668975830078
2017-04-05,24.160200119018555,19.686872482299805,23.606586456298828,63.227657318115234,55.36199951171875,42.22383499145508,39.73176193237305,19.206039428710938,21.66212272644043
2017-04-06,24.16475486755371,19.812698364257812,23.79524040222168,63.3385009765625,55.515602111816406,42.22383499145508,39.85472106933594,19.15778923034668,21.7779598236084
2017-04-07,24.15109634399414,19.728822708129883,23.704286575317383,63.44936752319336,55.575340270996094,42.33994674682617,39.73632049560547,19.07614517211914,21.75727081298828
2017-04-10,24.105579376220703,19.678485870361328,23.882835388183594,63.32999038696289,55.71186447143555,42.46379470825195,39.88203048706055,19.109546661376953,21.76140785217285
2017-04-11,24.014549255371094,19.61977195739746,23.88620376586914,63.24469757080078,55.788658142089844,42.47926330566406,39.850162506103516,19.102123260498047,21.703489303588867
2017-04-12,23.932619094848633,19.460399627685547,23.785139083862305,63.24469757080078,55.02069091796875,42.64181137084961,39.690792083740234,19.243152618408203,21.434581756591797
2017-04-13,23.8370361328125,19.20875358581543,23.350536346435547,63.082698822021484,54.62816619873047,42.44831848144531,39.41299819946289,19.180057525634766,21.22771453857422
2017-04-17,24.055509567260742,19.544279098510742,23.40107536315918,63.31291580200195,55.22548294067383,42.750179290771484,39.81828308105469,19.265419006347656,21.38079261779785
2017-04-18,24.05095863342285,19.359739303588867,23.182077407836914,62.622249603271484,55.04629135131836,42.943695068359375,39.82284927368164,19.309959411621094,21.35596466064453
2017-04-19,24.032756805419922,19.301025390625,22.841819763183594,62.80984115600586,55.09748840332031,42.781150817871094,39.859275817871094,19.176347732543945,21.384925842285156
2017-04-20,24.2512264251709,19.62815284729004,22.952993392944336,63.20208740234375,55.76304626464844,42.69600296020508,40.278221130371094,19.102123260498047,21.620744705200195
2017-04-21,24.201168060302734,19.426849365234375,22.838455200195312,62.826881408691406,55.814247131347656,42.5721549987793,40.1871337890625,19.198612213134766,21.59592628479004
2017-04-24,24.4879207611084,19.863025665283203,22.97321128845215,63.44936752319336,56.607826232910156,42.95916748046875,40.446693420410156,19.298824310302734,21.84415054321289
2017-04-25,24.615367889404297,20.0391788482666,23.16861343383789,63.72221755981445,56.8808708190918,43.12946701049805,40.765472412109375,19.272844314575195,22.195816040039062
2017-04-26,24.588054656982422,20.02239990234375,23.09112548828125,64.07182312011719,56.889427185058594,42.781150817871094,40.95674133300781,19.21346092224121,22.191673278808594
2017-04-27,24.68819236755371,19.93013572692871,22.838455200195312,64.20828247070312,56.87234115600586,42.726959228515625,41.175315856933594,19.28026580810547,22.14202880859375
2017-04-28,24.75191307067871,19.737205505371094,22.85529136657715,64.3787841796875,56.607826232910156,42.711490631103516,41.01137924194336,19.187488555908203,21.955862045288086
2017-05-01,24.938535690307617,19.863025665283203,22.791284561157227,64.52375030517578,56.43716049194336,42.548946380615234,41.0660285949707,19.072429656982422,21.968271255493164
2017-05-02,24.993152618408203,19.837860107421875,22.676740646362305,64.70281219482422,56.710208892822266,42.26252746582031,41.11156463623047,19.094703674316406,22.0054988861084
2017-05-03,24.947633743286133,19.997236251831055,22.74074935913086,64.3873291015625,56.75288772583008,42.301239013671875,40.870208740234375,19.02789878845215,21.790374755859375
2017-05-04,24.92943000793457,20.030786514282227,22.322996139526367,64.81367492675781,56.812618255615234,42.626338958740234,40.80646514892578,19.094703674316406,21.8151912689209
2017-05-05,25.020463943481445,19.997236251831055,22.676740646362305,64.77955627441406,57.10273742675781,42.74243927001953,41.06147766113281,19.198612213134766,22.125478744506836
2017-05-08,25.12970542907715,19.98045539855957,22.838455200195312,64.3787841796875,56.94914627075195,42.726959228515625,41.13887405395508,19.19119644165039,21.947580337524414
2017-05-09,25.161561965942383,19.904966354370117,22.649789810180664,64.45552825927734,57.02593994140625,42.5721549987793,41.37568664550781,19.050167083740234,21.782093048095703
2017-05-10,25.25714874267578,19.97207260131836,22.949628829956055,64.26793670654297,56.90646743774414,42.603111267089844,41.2345085144043,19.07985496520996,21.85243034362793
2017-05-11,25.22528076171875,19.84625244140625,22.9024600982666,64.30206298828125,56.889427185058594,42.665042877197266,40.98860168457031,19.105838775634766,21.81932830810547
2017-05-12,25.289012908935547,19.76236915588379,22.82497215270996,64.1911849975586,56.57368087768555,42.54119873046875,40.92940139770508,19.198612213134766,21.765548706054688
2017-05-15,25.43011474609375,19.91335678100586,23.0035343170166,64.60901641845703,56.83821487426758,42.68051528930664,40.93852233886719,19.28026580810547,21.955862045288086
2017-05-16,25.54845428466797,19.97207260131836,22.88899040222168,64.36175537109375,56.77848815917969,42.64181137084961,40.79734802246094,19.139236450195312,21.959991455078125
2017-05-17,24.852048873901367,19.342960357666016,22.66325569152832,63.517578125,55.64358901977539,42.579891204833984,40.13705062866211,19.187488555908203,21.49662971496582
2017-05-18,24.99770164489746,19.418455123901367,22.656524658203125,63.7989501953125,55.720394134521484,42.61085891723633,40.369293212890625,19.254295349121094,21.509042739868164
2017-05-19,25.143362045288086,19.586217880249023,22.9361572265625,63.978023529052734,56.45423889160156,42.84307098388672,40.64251708984375,19.32851791381836,21.695215225219727
2017-05-22,25.343631744384766,19.636554718017578,22.8856143951416,64.1485824584961,56.889427185058594,43.0830192565918,40.84742736816406,19.495521545410156,21.72003746032715
2017-05-23,25.38914680480957,19.787534713745117,22.93951416015625,64.36175537109375,57.00886154174805,43.12946701049805,40.692604064941406,19.547483444213867,21.736583709716797
2017-05-24,25.49383544921875,19.779146194458008,22.818241119384766,64.52375030517578,57.07714080810547,43.29975509643555,40.83834457397461,19.658817291259766,21.881391525268555
2017-05-25,25.6759033203125,19.812698364257812,22.403844833374023,64.83071899414062,57.452579498291016,43.5706672668457,41.19808578491211,19.818405151367188,21.8565673828125
2017-05-26,25.662246704101562,19.80430793762207,22.440906524658203,64.71135711669922,57.52085494995117,43.73320388793945,41.32102584838867,19.818405151367188,21.89794158935547
2017-05-30,25.771486282348633,19.67009735107422,22.141061782836914,64.61753845214844,57.5037956237793,43.71774673461914,41.3529052734375,19.881507873535156,21.893800735473633
2017-05-31,25.730520248413086,19.502334594726562,22.046735763549805,64.87336730957031,57.61471939086914,43.841575622558594,41.46220016479492,19.981700897216797,21.959991455078125
2017-06-01,25.794239044189453,19.74559211730957,22.184858322143555,65.58963775634766,57.97309494018555,44.197628021240234,41.853824615478516,20.122726440429688,22.224777221679688
2017-06-02,26.03093147277832,19.67009735107422,21.928817749023438,66.01597595214844,58.203495025634766,44.329219818115234,42.00408935546875,20.145002365112305,22.278549194335938
2017-06-05,26.053693771362305,19.703649520874023,21.96924591064453,65.828369140625,57.99870681762695,44.375667572021484,41.8902587890625,20.081911087036133,22.208227157592773
2017-06-06,26.003623962402344,19.61977195739746,22.228662490844727,65.6663818359375,57.60618591308594,44.267303466796875,41.5305061340332,20.037368774414062,22.22063446044922
2017-06-07,26.085556030273438,19.7707576751709,21.91534423828125,65.84544372558594,57.537933349609375,44.251827239990234,41.60337829589844,20.104177474975586,22.249591827392578
2017-06-08,26.14472007751465,19.997236251831055,21.851333618164062,65.65786743164062,57.725669860839844,43.91899871826172,41.33469009399414,19.937166213989258,22.315784454345703
2017-06-09,25.498390197753906,20.37470245361328,22.376888275146484,66.10124206542969,57.94750213623047,43.86479568481445,41.15254592895508,19.918615341186523,22.601253509521484
2017-06-12,25.348180770874023,20.416637420654297,22.535240173339844,66.01597595214844,58.160823822021484,43.857059478759766,41.12977981567383,19.881507873535156,22.514371871948242
2017-06-13,25.53025245666504,20.525686264038086,22.70368194580078,66.15243530273438,58.39977264404297,43.926727294921875,41.38479995727539,19.929750442504883,22.79569435119629
2017-06-14,25.407360076904297,20.559240341186523,22.29266929626465,66.46790313720703,58.34002685546875,44.20537567138672,41.36201858520508,20.037368774414062,22.555744171142578
2017-06-15,25.293556213378906,20.475357055664062,22.124221801757812,66.39969635009766,58.68988037109375,44.10475158691406,41.1889762878418,20.152427673339844,22.357158660888672
2017-06-16,25.249231338500977,20.45261573791504,22.49024200439453,66.50926971435547,58.88191223144531,43.641422271728516,41.177555084228516,20.244840621948242,22.453590393066406
2017-06-19,25.62397575378418,20.663129806518555,22.347759246826172,67.20269775390625,59.24199676513672,43.852027893066406,41.49271774291992,20.1774959564209,22.63232421875
2017-06-20,25.418325424194336,20.486295700073242,22.062828063964844,67.42528533935547,58.6075553894043,43.6804313659668,40.97200012207031,20.188718795776367,22.507631301879883
2017-06-21,25.559995651245117,20.317903518676758,21.70663833618164,68.2813720703125,58.21318817138672,43.55562973022461,41.035953521728516,20.06898307800293,22.270706176757812
2017-06-22,25.569141387939453,20.191593170166016,21.69307518005371,68.99190521240234,58.093170166015625,43.26702880859375,40.94005584716797,19.97545051574707,22.2956485748291
2017-06-23,25.729076385498047,20.115816116333008,21.838937759399414,68.88917541503906,58.30750274658203,43.282630920410156,40.88979721069336,19.908105850219727,22.382930755615234
2017-06-26,25.591981887817383,20.22527313232422,21.791446685791016,68.82069396972656,58.32464599609375,43.45423126220703,41.035953521728516,20.042802810668945,22.449434280395508
2017-06-27,25.171546936035156,20.326318740844727,21.757524490356445,68.1957778930664,57.88740539550781,43.0798225402832,40.71165084838867,19.818313598632812,22.312271118164062
2017-06-28,25.48686981201172,20.64628791809082,21.876253128051758,68.55531311035156,58.41037368774414,43.23582077026367,41.122745513916016,19.627504348754883,22.515939712524414
2017-06-29,25.02987289428711,20.789430618286133,21.92374038696289,67.93038177490234,57.913124084472656,42.77562713623047,40.72536087036133,19.47036361694336,22.24576759338379
2017-06-30,25.007028579711914,20.7725887298584,22.02211570739746,67.83619689941406,58.39322280883789,42.8536262512207,40.94005584716797,19.440431594848633,22.366302490234375
2017-07-03,24.833364486694336,21.075714111328125,22.446142196655273,67.95608520507812,58.75332260131836,42.81462478637695,40.898929595947266,19.35063934326172,22.561660766601562
2017-07-05,25.08014678955078,21.10939598083496,21.991586685180664,68.35840606689453,58.92477035522461,42.783416748046875,40.798431396484375,19.257102966308594,22.486845016479492
2017-07-06,24.851642608642578,20.949411392211914,21.747352600097656,67.47665405273438,58.41037368774414,42.54161834716797,40.3828010559082,19.249618530273438,22.387088775634766
2017-07-07,25.139551162719727,21.092557907104492,21.713430404663086,67.81908416748047,58.86477279663086,42.518211364746094,40.743629455566406,19.26457977294922,22.50346565246582
2017-07-10,25.322349548339844,21.067298889160156,21.78465461730957,67.690673828125,59.036231994628906,42.221805572509766,40.830413818359375,19.249618530273438,22.644794464111328
2017-07-11,25.377187728881836,20.88205337524414,21.903392791748047,67.61365509033203,58.98480224609375,42.10480880737305,40.74818801879883,19.23838996887207,22.61154556274414
2017-07-12,25.70623207092285,20.949411392211914,21.964452743530273,68.07592010498047,59.310577392578125,42.338809967041016,41.05878829956055,19.403018951416016,22.873403549194336
2017-07-13,25.75650405883789,21.075714111328125,22.052648544311523,68.13581085205078,59.267696380615234,42.346614837646484,41.06336212158203,19.335670471191406,22.84847068786621
2017-07-14,25.98499870300293,20.983091354370117,22.1849365234375,68.59812927246094,59.52491760253906,42.682029724121094,41.195838928222656,19.425458908081055,22.96484375
2017-07-17,25.98956871032715,20.91573715209961,22.157804489135742,68.34986877441406,59.490631103515625,42.72882843017578,41.296329498291016,19.5152587890625,23.010568618774414
2017-07-18,26.108396530151367,20.88205337524414,22.052648544311523,68.4012222290039,59.35344696044922,42.72882843017578,41.48359298706055,19.571378707885742,22.91497039794922
2017-07-19,26.240924835205078,20.89047622680664,22.374902725219727,68.95768737792969,59.4134407043457,42.884822845458984,41.684574127197266,19.65369415283203,23.13526725769043
2017-07-20,26.29576301574707,20.88205337524414,22.307065963745117,69.41143035888672,59.0791130065918,42.89263153076172,41.59778594970703,19.795867919921875,22.96484375
2017-07-21,26.26377296447754,20.88205337524414,22.086566925048828,69.33434295654297,58.96767044067383,42.96281433105469,41.62519073486328,19.938045501708984,22.968997955322266
2017-07-24,26.3277530670166,20.97467613220215,22.04585838317871,69.30867004394531,58.83905792236328,42.822418212890625,41.48359298706055,19.750965118408203,22.948219299316406
2017-07-25,26.277488708496094,21.235700607299805,22.324018478393555,68.81216430664062,58.76188659667969,43.11882019042969,41.77593231201172,19.63872718811035,23.19345474243164
2017-07-26,26.378019332885742,21.092557907104492,22.347759246826172,68.58100128173828,58.83905792236328,43.11102294921875,41.75764083862305,19.825794219970703,23.0521297454834
2017-07-27,26.277488708496094,20.97467613220215,22.575048446655273,68.11016082763672,58.50468444824219,43.53223419189453,42.063682556152344,19.874439239501953,22.968997955322266
2017-07-28,26.250062942504883,20.97467613220215,22.54790496826172,68.45257568359375,58.64185333251953,43.165626525878906,41.74394989013672,19.844505310058594,22.885875701904297
2017-07-31,26.122100830078125,21.126235961914062,22.598785400390625,68.39266204833984,58.56468200683594,43.15003204345703,41.73024368286133,19.911849975585938,22.7112979888916
2017-08-01,26.25463104248047,21.277801513671875,22.595394134521484,68.23857116699219,58.39322280883789,43.10322570800781,41.803321838378906,20.024093627929688,22.727924346923828
2017-08-02,26.3277530670166,21.311479568481445,22.510587692260742,68.08445739746094,58.65044403076172,43.072021484375,41.68914031982422,20.11014747619629,22.748703002929688
2017-08-03,26.26834487915039,21.235700607299805,22.195119857788086,68.1957778930664,58.94192123413086,43.03302001953125,41.57494354248047,20.211162567138672,22.578289031982422
2017-08-04,26.3277530670166,21.378841400146484,22.266355514526367,68.04165649414062,59.05339431762695,42.91602325439453,41.57951736450195,20.121368408203125,22.68635368347168
2017-08-07,26.487703323364258,21.345163345336914,22.09674644470215,68.18720245361328,59.05339431762695,43.23582077026367,41.67544174194336,20.184978485107422,22.698827743530273
2017-08-08,26.451141357421875,21.286224365234375,22.04585838317871,67.87043762207031,58.87333679199219,43.072021484375,41.698272705078125,20.267284393310547,22.520097732543945
2017-08-09,26.437437057495117,21.286224365234375,22.066219329833984,67.947509765625,58.89048767089844,43.14223861694336,41.4561882019043,20.162525177001953,22.540882110595703
2017-08-10,25.916452407836914,20.907312393188477,21.832151412963867,67.0999755859375,58.14460372924805,42.96281433105469,40.83498764038086,20.22612762451172,22.283178329467773
2017-08-11,26.094684600830078,20.823110580444336,21.689678192138672,67.2883071899414,58.178890228271484,42.99402618408203,41.04509735107422,20.10640525817871,22.22913932800293
2017-08-14,26.510549545288086,21.10939598083496,21.625226974487305,67.74201965332031,58.78761291503906,43.204627990722656,41.33742904663086,20.222383499145508,22.436965942382812
2017-08-15,26.551677703857422,21.126235961914062,21.54381561279297,67.74201965332031,58.65900421142578,43.42303466796875,40.95830535888672,20.33462905883789,22.441129684448242
2017-08-16,26.629369735717773,21.08413314819336,21.336894989013672,67.93038177490234,58.82191467285156,43.57124328613281,41.16842269897461,20.416946411132812,22.66141700744629
2017-08-17,26.108396530151367,20.722064971923828,21.034990310668945,67.08284759521484,57.80167007446289,43.173431396484375,40.510677337646484,20.27103042602539,22.316423416137695
2017-08-18,26.080976486206055,20.730491638183594,21.14015007019043,66.774658203125,57.570194244384766,43.05642318725586,40.309696197509766,20.390750885009766,22.324737548828125
2017-08-21,26.07183074951172,20.67154312133789,21.031599044799805,67.07429504394531,57.66449737548828,43.21242141723633,40.3828010559082,20.46558380126953,22.34552001953125
2017-08-22,26.460275650024414,20.898889541625977,21.170677185058594,67.8875732421875,58.32464599609375,43.22023010253906,40.81671142578125,20.510473251342773,22.63648223876953
2017-08-23,26.396305084228516,20.83152961730957,21.262266159057617,67.37394714355469,57.775943756103516,43.095420837402344,40.469566345214844,20.577821731567383,22.59491729736328
2017-08-24,26.373445510864258,20.83152961730957,21.275829315185547,67.57081604003906,57.59590530395508,42.50261306762695,40.3828010559082,20.56285858154297,22.5533504486084
2017-08-25,26.368881225585938,20.89047622680664,21.370819091796875,67.58795928955078,57.87026596069336,42.64302444458008,40.48326873779297,20.630203247070312,22.624011993408203
2017-08-28,26.41914939880371,20.755748748779297,21.275829315185547,67.947509765625,57.83596420288086,42.518211364746094,40.506103515625,20.667617797851562,22.65726089477539
2017-08-29,26.53339958190918,20.688390731811523,21.248699188232422,68.07592010498047,58.25606155395508,42.66641616821289,40.469566345214844,20.622722625732422,22.5491886138916
2017-08-30,26.725345611572266,20.7725887298584,21.258874893188477,68.42688751220703,58.49610137939453,42.65861892700195,40.76189422607422,20.56285858154297,22.715450286865234
2017-08-31,26.885292053222656,20.797849655151367,21.360645294189453,69.59117889404297,58.69330596923828,42.67420959472656,40.953739166259766,20.56659698486328,22.890033721923828
2017-09-01,26.862438201904297,20.856796264648438,21.567556381225586,69.53982543945312,58.7447395324707,42.87702941894531,41.14101028442383,20.50299835205078,23.039663314819336
2017-09-05,26.62480926513672,20.4105167388916,21.686288833618164,69.2402114868164,58.15317916870117,42.93941879272461,40.97200012207031,20.555377960205078,22.777801513671875
2017-09-06,26.647653579711914,20.461040496826172,22.039077758789062,69.57405090332031,58.21318817138672,43.11882019042969,41.22780227661133,20.46183967590332,22.83599281311035
2017-09-07,26.73905372619629,20.107397079467773,22.079784393310547,70.34453582763672,58.33321762084961,43.18122482299805,40.87151336669922,20.615236282348633,22.873403549194336
2017-09-08,26.519691467285156,20.292640686035156,21.84572410583496,70.66129302978516,58.5304069519043,42.970611572265625,40.72993087768555,20.712514877319336,22.865089416503906
2017-09-11,26.894428253173828,20.64628791809082,22.052648544311523,71.20917510986328,59.036231994628906,43.23582077026367,40.944602966308594,20.88835906982422,23.164352416992188
2017-09-12,26.95841407775879,20.89047622680664,22.188335418701172,71.36329650878906,59.31916427612305,43.32941818237305,41.12731170654297,20.54041290283203,23.35971450805664
2017-09-13,26.92185401916504,20.92415428161621,22.46649169921875,71.09790802001953,59.23341751098633,43.35283279418945,41.424198150634766,20.439390182495117,23.351398468017578
2017-09-14,26.830453872680664,20.88205337524414,22.575048446655273,71.19206237792969,59.516326904296875,43.26702880859375,41.20039367675781,20.611495971679688,23.430374145507812
2017-09-15,26.9400634765625,20.94378089904785,22.628313064575195,70.9643783569336,59.762664794921875,43.342376708984375,41.08489990234375,20.64052391052246,23.43121337890625
2017-09-18,26.962993621826172,21.188974380493164,22.72454833984375,70.94718933105469,60.098575592041016,43.40517044067383,40.942779541015625,20.429405212402344,23.560758590698242
2017-09-19,27.08224105834961,21.34963035583496,22.817344665527344,70.38868713378906,60.158843994140625,43.2717399597168,40.90610885620117,20.387939453125,23.681941986083984
2017-09-20,26.972169876098633,21.47646141052246,22.971994400024414,70.45740509033203,60.59808349609375,42.85572814941406,41.04362869262695,20.237144470214844,23.765527725219727
2017-09-21,26.825410842895508,21.52719497680664,22.978878021240234,70.09654998779297,60.778926849365234,42.44758224487305,40.97486877441406,20.23337173461914,23.715381622314453
2017-09-22,26.839168548583984,21.501821517944336,23.095733642578125,70.09654998779297,60.93397903442383,42.32199478149414,41.04362869262695,20.067487716674805,23.631799697875977
2017-09-25,26.52271270751953,21.47646141052246,23.42910385131836,69.89030456542969,60.93397903442383,42.628108978271484,40.9565315246582,20.25221824645996,23.673583984375
2017-09-26,26.6190242767334,21.46800422668457,23.418794631958008,69.77861785888672,60.93397903442383,42.73015594482422,40.96112060546875,20.21452522277832,23.569114685058594
2017-09-27,26.889612197875977,21.73011589050293,23.518465042114258,69.75283813476562,61.002872467041016,42.40049743652344,41.185726165771484,19.94308853149414,23.569114685058594
2017-09-28,26.921722412109375,21.763938903808594,23.539085388183594,69.81298065185547,60.96842956542969,42.40049743652344,41.13530349731445,20.014707565307617,23.73627281188965
2017-09-29,27.10517120361328,21.865406036376953,23.535648345947266,70.22544860839844,61.1492805480957,42.36909103393555,41.2911491394043,19.999637603759766,23.73627281188965
2017-10-02,27.14645004272461,22.051414489746094,23.528770446777344,70.93856811523438,61.571311950683594,42.29060745239258,41.36907958984375,20.033565521240234,23.99536895751953
2017-10-03,27.210655212402344,22.12751579284668,23.50471305847168,70.92138671875,61.83829116821289,42.33769607543945,41.54325866699219,19.977018356323242,24.09566307067871
2017-10-04,27.192310333251953,22.02605438232422,23.487531661987305,71.26510620117188,61.821075439453125,42.47114181518555,41.75870132446289,20.17682456970215,24.104019165039062
2017-10-05,27.453737258911133,22.254352569580078,23.594072341918945,71.316650390625,61.967472076416016,42.659507751464844,41.99248123168945,20.15797233581543,24.25028419494629
2017-10-06,27.495014190673828,22.279712677001953,23.39474105834961,71.22215270996094,61.9588737487793,42.23565673828125,42.04289245605469,20.142885208129883,24.195959091186523
2017-10-09,27.56380271911621,22.19515609741211,23.442852020263672,70.77533721923828,61.786617279052734,42.1179313659668,41.909969329833984,20.169279098510742,24.191770553588867
2017-10-10,27.59132957458496,22.2966251373291,23.463470458984375,70.93856811523438,61.88134002685547,42.4868278503418,41.86872100830078,20.36531639099121,24.208498001098633
2017-10-11,27.68305778503418,22.254352569580078,23.518465042114258,71.07606506347656,61.846900939941406,42.57318115234375,41.891639709472656,20.452028274536133,24.221027374267578
2017-10-12,27.614255905151367,22.085247039794922,23.43254280090332,70.99873352050781,62.174190521240234,42.753700256347656,41.61201095581055,20.557592391967773,24.266998291015625
2017-10-13,27.74726104736328,22.09369659423828,23.418794631958008,70.81829071044922,62.06223678588867,42.832191467285156,41.81370544433594,20.414329528808594,24.384002685546875
2017-10-16,27.848159790039062,22.23743438720703,23.470348358154297,70.50896453857422,62.13111877441406,42.84788513183594,41.86872100830078,20.36908531188965,24.367290496826172
2017-10-17,27.848159790039062,22.12751579284668,23.484098434448242,71.45413208007812,61.967472076416016,42.69090270996094,41.891639709472656,20.48972511291504,24.30460548400879
2017-10-18,27.91695213317871,22.245891571044922,23.319120407104492,71.55725860595703,61.99329376220703,42.63597106933594,41.77704620361328,20.452028274536133,24.246105194091797
2017-10-19,27.83439826965332,22.26280403137207,23.2469539642334,71.99545288085938,62.16556167602539,42.40834045410156,41.77704620361328,20.666912078857422,24.338041305541992
2017-10-20,28.022438049316406,22.52490997314453,23.291624069213867,72.07279968261719,62.83734893798828,42.306312561035156,41.87788772583008,20.681995391845703,24.546987533569336
2017-10-23,27.88943099975586,22.508012771606445,23.171335220336914,71.89236450195312,62.441162109375,42.27491760253906,41.59369659423828,20.69330406188965,24.50101661682129
2017-10-24,27.967405319213867,22.668659210205078,23.216018676757812,71.41117095947266,62.79429244995117,42.12577438354492,41.69453430175781,20.7121524810791,24.638916015625
2017-10-25,27.816057205200195,22.533367156982422,23.054485321044922,71.30802917480469,62.174190521240234,42.0080451965332,41.53409957885742,20.621671676635742,24.50937271118164
2017-10-26,27.930713653564453,22.66020393371582,23.102603912353516,70.59491729736328,62.260318756103516,42.03944396972656,41.680782318115234,20.62544822692871,24.835329055786133
2017-10-27,28.682865142822266,22.643293380737305,23.14383888244629,70.57771301269531,62.286155700683594,41.678382873535156,42.354618072509766,20.753625869750977,24.705785751342773
2017-10-30,28.747079849243164,22.550289154052734,23.264137268066406,69.82160186767578,61.85551834106445,41.3251838684082,42.16208267211914,20.757394790649414,24.588773727416992
2017-10-31,28.87091064453125,22.4910945892334,23.33974838256836,69.69270324707031,61.60574722290039,41.6705322265625,42.16667175292969,20.780012130737305,24.655641555786133
2017-11-01,28.87550163269043,22.52490997314453,23.604389190673828,69.86453247070312,61.571311950683594,41.8039665222168,42.18041229248047,20.663148880004883,24.776826858520508
2017-11-02,28.889251708984375,22.736295700073242,23.535648345947266,69.54661560058594,61.924442291259766,41.70191955566406,41.86412811279297,20.738544464111328,24.597129821777344
2017-11-03,29.118562698364258,22.643293380737305,23.604389190673828,70.12230682373047,61.86411666870117,41.70976638793945,42.03373718261719,20.813941955566406,24.584598541259766
2017-11-06,29.182775497436523,22.61792755126953,24.14397430419922,69.90751647949219,61.898597717285156,41.262386322021484,42.340850830078125,20.734779357910156,24.480117797851562
2017-11-07,29.19654083251953,22.305082321166992,24.11304473876953,70.05357360839844,61.99329376220703,41.7254753112793,42.0887451171875,20.98358917236328,24.50519561767578
2017-11-08,29.357059478759766,22.19515609741211,23.99618911743164,70.21683502197266,61.88997268676758,42.18071746826172,42.134578704833984,20.998668670654297,24.530269622802734
2017-11-09,29.123153686523438,22.119062423706055,24.068357467651367,70.22544860839844,61.11484146118164,42.17287063598633,42.19875717163086,21.02506446838379,24.321321487426758
2017-11-10,29.123153686523438,22.051414489746094,23.941194534301758,69.77005004882812,61.20094680786133,42.60456466674805,42.340850830078125,20.927040100097656,24.283708572387695
2017-11-13,29.113983154296875,22.085247039794922,23.80372428894043,69.83876037597656,60.9942512512207,42.84788513183594,42.482948303222656,21.175853729248047,24.409080505371094
2017-11-14,29.054365158081055,22.076786041259766,23.418794631958008,69.5551986694336,60.83061599731445,42.99702453613281,42.51961898803711,21.43975830078125,24.187597274780273
2017-11-15,28.83880615234375,22.13597297668457,23.154151916503906,69.35760498046875,60.48612976074219,42.54177474975586,42.336273193359375,21.255029678344727,24.041332244873047
2017-11-16,29.242395401000977,22.144424438476562,23.06136131286621,70.07933807373047,61.054561614990234,43.13045120239258,42.689212799072266,21.187171936035156,24.333860397338867
2017-11-17,29.054365158081055,22.119062423706055,23.174776077270508,69.80438232421875,60.71865463256836,42.9813117980957,42.877159118652344,21.04014015197754,24.367290496826172
2017-11-20,29.164430618286133,22.22052001953125,23.119789123535156,69.51226806640625,60.9942512512207,42.93422317504883,42.95967102050781,20.976049423217773,24.40072250366211
2017-11-21,29.47171401977539,22.288166046142578,23.171335220336914,70.12230682373047,61.43349838256836,43.07550048828125,43.22552490234375,21.0325984954834,24.530269622802734
2017-11-22,29.41668701171875,22.178251266479492,23.264137268066406,70.09654998779297,61.502410888671875,43.020572662353516,43.26678466796875,21.0325984954834,24.46340560913086
2017-11-24,29.581789016723633,22.169797897338867,23.329429626464844,70.25975036621094,61.502410888671875,42.989173889160156,43.37678146362305,21.066526412963867,24.588773727416992
2017-11-27,29.581789016723633,22.15287971496582,23.09228515625,70.31993865966797,61.60574722290039,43.012718200683594,43.40888977050781,21.157007217407227,24.44251251220703
2017-11-28,29.678098678588867,22.727840423583984,23.271005630493164,70.83549499511719,62.54452133178711,43.36591720581055,43.89018630981445,21.255029678344727,24.714139938354492
2017-11-29,29.022253036499023,23.116790771484375,23.398178100585938,71.18775177001953,63.09572219848633,43.59355545043945,44.078128814697266,21.266334533691406,24.751750946044922
2017-11-30,29.279088973999023,23.26898193359375,23.748737335205078,71.72049713134766,64.17229461669922,43.99384307861328,44.3027229309082,21.33796501159668,24.889657974243164
2017-12-01,29.127744674682617,23.319717407226562,23.948068618774414,71.5744400024414,63.379940032958984,44.103736877441406,44.284400939941406,21.266334533691406,24.684885025024414
2017-12-04,28.65993881225586,23.674837112426758,23.937767028808594,70.69798278808594,63.91392135620117,44.51974105834961,44.79779052734375,21.145700454711914,24.93980598449707
2017-12-05,28.669111251831055,23.548009872436523,23.834653854370117,70.57771301269531,63.3713264465332,44.4490852355957,44.54109573364258,20.878036499023438,24.81444549560547
2017-12-06,28.852561950683594,23.463455200195312,23.525341033935547,70.51756286621094,63.4660758972168,44.731658935546875,44.252315521240234,20.95720100402832,24.668170928955078
2017-12-07,29.03142547607422,23.539554595947266,23.594072341918945,70.53475952148438,64.05171966552734,44.29994583129883,44.366912841796875,20.99489974975586,24.835329055786133
2017-12-08,29.169017791748047,23.683292388916016,23.810596466064453,71.32522583007812,64.32733154296875,44.417694091796875,44.577754974365234,21.062763214111328,24.835329055786133
2017-12-11,29.421260833740234,23.624109268188477,23.982446670532227,71.62596893310547,64.19815063476562,44.40984344482422,44.674015045166016,21.19093894958496,24.868759155273438
2017-12-12,29.412092208862305,23.86085319519043,23.91713523864746,71.90951538085938,64.26704406738281,44.417694091796875,44.692359924316406,20.829025268554688,24.872941970825195
2017-12-13,29.421260833740234,23.564918518066406,23.882768630981445,72.1587142944336,64.51680755615234,44.66886901855469,44.729026794433594,20.88557243347168,24.93980598449707
2017-12-14,29.38457679748535,23.412723541259766,23.796846389770508,71.42833709716797,64.07757568359375,44.47264099121094,44.866546630859375,20.85918426513672,24.66399574279785
2017-12-15,29.71969985961914,23.62338638305664,23.77539825439453,72.2142333984375,64.52958679199219,44.97712326049805,45.06064987182617,20.93566131591797,24.810131072998047
2017-12-18,29.982093811035156,23.835752487182617,23.95876693725586,72.2401123046875,64.98853302001953,44.953399658203125,45.465389251708984,20.703556060791016,25.17548370361328
2017-12-19,29.79796028137207,23.73381996154785,23.993364334106445,72.15386199951172,65.00585174560547,45.00876235961914,45.40559387207031,20.326847076416016,25.146085739135742
2017-12-20,29.788759231567383,23.69133949279785,24.33242416381836,71.92092895507812,65.22232818603516,44.92967987060547,45.31821060180664,20.167037963867188,25.154483795166016
2017-12-21,29.72891616821289,23.89521598815918,24.847925186157227,71.75701904296875,65.27427673339844,44.89805221557617,45.61256408691406,19.92731285095215,25.24267578125
2017-12-22,29.710494995117188,23.82725715637207,24.899816513061523,71.52410125732422,65.29159545898438,44.9692268371582,45.52519226074219,19.957754135131836,25.339262008666992
2017-12-26,29.512556076049805,23.75929832458496,25.117780685424805,71.54137420654297,65.36087036132812,45.072017669677734,45.626365661621094,19.83979606628418,25.318265914916992
2017-12-27,29.54477882385254,23.7847843170166,25.034740447998047,71.66212463378906,65.51676177978516,45.06412124633789,45.53437423706055,19.923507690429688,25.35185432434082
2017-12-28,29.595417022705078,23.878223419189453,25.072803497314453,71.765625,65.64664459228516,44.99294662475586,45.6585693359375,20.033857345581055,25.465242385864258
2017-12-29,29.43889808654785,23.708335876464844,25.000150680541992,71.32567596435547,65.525390625,44.98503112792969,45.39181900024414,20.045270919799805,25.41905403137207
2018-01-02,29.802560806274414,23.71682357788086,25.411861419677734,72.12797546386719,65.91509246826172,44.70827865600586,46.081722259521484,19.85881996154785,25.780200958251953
2018-01-03,30.05115509033203,23.84425163269043,25.79244041442871,72.818115234375,66.2701187133789,44.69247055053711,46.29328536987305,19.702808380126953,25.960777282714844
2018-01-04,30.203067779541016,24.065101623535156,25.9481258392334,72.92163848876953,66.75505828857422,44.81897735595703,46.445064544677734,19.539196014404297,26.187536239624023
2018-01-05,30.520700454711914,24.133054733276367,25.937742233276367,73.5427474975586,67.21397399902344,45.01666259765625,46.81303405761719,19.531585693359375,26.39751625061035
2018-01-08,30.635787963867188,24.099084854125977,26.093433380126953,73.27534484863281,67.4910888671875,45.12736892700195,46.868221282958984,19.714231491088867,26.435304641723633
2018-01-09,30.557538986206055,24.285961151123047,26.027692794799805,74.13800811767578,67.924072265625,45.06412124633789,46.960208892822266,19.520170211791992,26.393314361572266
2018-01-10,30.451641082763672,24.489831924438477,25.99655532836914,74.00862121582031,67.9154052734375,44.84269332885742,46.928009033203125,19.307083129882812,26.233736038208008
2018-01-11,30.575937271118164,24.6087589263916,26.529356002807617,74.32778930664062,68.78131866455078,44.779441833496094,47.69152069091797,19.234783172607422,26.57808494567871
2018-01-12,30.755475997924805,24.829614639282227,26.785385131835938,74.89714050292969,69.422119140625,44.79526138305664,48.307838439941406,19.124435424804688,26.620080947875977
2018-01-16,30.635787963867188,24.761661529541016,26.446325302124023,75.2680892944336,68.79866027832031,45.000850677490234,47.962886810302734,19.082584381103516,26.309322357177734
2018-01-17,31.09612274169922,24.948545455932617,26.678133010864258,75.99273681640625,69.17964172363281,45.514835357666016,48.19286346435547,19.20054054260254,26.431108474731445
2018-01-18,31.1513671875,24.914560317993164,26.460163116455078,76.01001739501953,68.80730438232422,45.38040542602539,48.15146255493164,19.07877540588379,26.4143123626709
2018-01-19,31.21120834350586,25.092947006225586,26.425567626953125,76.29469299316406,69.00647735595703,45.886474609375,48.57000732421875,19.021699905395508,26.573890686035156
2018-01-22,31.515052795410156,25.296812057495117,26.996414184570312,76.79503631591797,69.00647735595703,46.234413146972656,49.108131408691406,19.048337936401367,26.510892868041992
2018-01-23,31.653133392333984,25.32229995727539,26.954906463623047,76.42407989501953,69.04109954833984,46.08415222167969,49.522090911865234,19.23097801208496,26.50670051574707
2018-01-24,31.40916633605957,25.4921932220459,26.882251739501953,76.64840698242188,68.98049926757812,46.179039001464844,49.73365783691406,19.113019943237305,26.620080947875977
2018-01-25,31.353923797607422,25.441226959228516,26.67119789123535,77.30400848388672,69.04975891113281,46.20277404785156,49.64628601074219,19.409818649291992,26.79645347595215
2018-01-26,31.851085662841797,25.62810516357422,26.81651496887207,78.9689712524414,69.84644317626953,46.42417526245117,50.13380813598633,19.421236038208008,26.914039611816406
2018-01-29,31.561077117919922,25.526166915893555,26.411733627319336,78.75330352783203,69.37881469726562,46.2423095703125,49.99583435058594,19.173904418945312,26.60748291015625
2018-01-30,31.27566146850586,25.19487953186035,25.878925323486328,77.09698486328125,68.83328247070312,45.933921813964844,49.74745559692383,19.208147048950195,26.4143123626709
2018-01-31,31.510446548461914,25.26283836364746,25.896223068237305,76.00137329101562,69.04109954833984,45.72042465209961,49.58647918701172,19.421236038208008,26.435304641723633
2018-02-01,31.53805923461914,25.500688552856445,26.162630081176758,76.02723693847656,68.91988372802734,45.52273178100586,49.034549713134766,19.116825103759766,26.07415199279785
2018-02-02,30.603559494018555,24.940052032470703,25.069347381591797,74.95751190185547,67.53437805175781,44.6529426574707,48.56541061401367,18.979843139648438,25.389650344848633
2018-02-05,29.323810577392578,23.682846069335938,24.017581939697266,71.6362533569336,64.4689712524414,43.031917572021484,46.928009033203125,18.667821884155273,24.419588088989258
2018-02-06,30.166231155395508,24.11607551574707,24.207870483398438,72.4299087524414,65.64664459228516,43.5063591003418,48.128448486328125,18.39005470275879,25.21748161315918
2018-02-07,29.7795467376709,24.133054733276367,23.803081512451172,72.34365844726562,65.76787567138672,43.31657028198242,47.981285095214844,18.302534103393555,24.99070930480957
2018-02-08,28.545827865600586,23.071245193481445,23.08344841003418,69.833251953125,63.23067855834961,42.38350296020508,46.06791687011719,18.09705924987793,24.11302947998047
2018-02-09,29.24555206298828,23.512962341308594,23.066150665283203,70.8253402709961,63.914764404296875,42.47047805786133,46.37607192993164,18.477571487426758,24.532976150512695
2018-02-12,29.77034568786621,23.84425163269043,23.44325828552246,71.4896240234375,64.94523620605469,42.9053955078125,47.00619888305664,18.618364334106445,25.028499603271484
2018-02-13,29.843990325927734,23.946182250976562,23.346391677856445,71.54137420654297,65.09243774414062,43.103084564208984,47.24997329711914,18.702070236206055,24.965517044067383
2018-02-14,30.391801834106445,24.515316009521484,23.68544578552246,72.35228729248047,65.91509246826172,43.07936096191406,48.00428009033203,18.492794036865234,25.301469802856445
2018-02-15,30.971834182739258,24.651227951049805,23.626628875732422,73.15454864501953,66.91089630126953,43.791015625,48.4320182800293,18.90374183654785,25.490440368652344
2018-02-16,30.925806045532227,24.61725616455078,23.567808151245117,73.68077087402344,66.9282455444336,43.96498107910156,48.19746398925781,19.071168899536133,25.398056030273438
2018-02-20,30.95342445373535,24.540800094604492,23.43979835510254,72.869873046875,66.2527847290039,42.96866226196289,48.050270080566406,18.823835372924805,25.284671783447266
2018-02-21,30.755475997924805,24.57478141784668,23.045387268066406,72.56795501708984,66.2701187133789,42.454673767089844,47.981285095214844,18.576505661010742,25.196481704711914
2018-02-22,30.79230308532715,24.37091827392578,23.29795265197754,72.45580291748047,66.71174621582031,42.565391540527344,48.04106521606445,18.671632766723633,25.364458084106445
2018-02-23,31.436777114868164,24.736175537109375,23.803081512451172,73.61177825927734,67.26594543457031,42.97655487060547,48.712589263916016,19.1586856842041,25.738203048706055
2018-02-26,31.92934799194336,25.10993766784668,23.94491958618164,74.54345703125,68.19248962402344,43.24540710449219,49.12194061279297,19.101604461669922,25.851587295532227
2018-02-27,31.60711097717285,24.87209129333496,23.63355255126953,73.76705932617188,67.33522033691406,42.676082611083984,48.08246612548828,18.79720115661621,25.494640350341797
2018-02-28,31.381542205810547,24.523815155029297,23.090364456176758,72.5851821899414,66.37403869628906,42.2332763671875,47.866294860839844,18.667821884155273,25.041101455688477
2018-03-01,30.861356735229492,24.099084854125977,23.055770874023438,71.4292221069336,65.07511138916016,42.13837432861328,47.35115432739258,18.671632766723633,24.78493881225586
2018-03-02,31.155969619750977,24.158544540405273,23.163022994995117,72.15386199951172,65.05781555175781,42.49421691894531,47.39715576171875,18.622163772583008,24.75973892211914
2018-03-05,31.47361946105957,24.498327255249023,23.408662796020508,72.80946350097656,65.83715057373047,42.86586380004883,47.962886810302734,19.002676010131836,25.087299346923828
2018-03-06,31.542654037475586,24.600261688232422,23.422502517700195,72.70597076416016,66.13159942626953,42.897483825683594,48.29403305053711,18.747739791870117,25.364458084106445
2018-03-07,31.717588424682617,24.557790756225586,23.246057510375977,73.076904296875,66.1229248046875,42.51003646850586,47.96748352050781,18.6069393157959,25.27207374572754
2018-03-08,31.85569953918457,24.634244918823242,23.239137649536133,73.5686264038086,66.46927642822266,42.897483825683594,48.1192626953125,18.743928909301758,25.293067932128906
2018-03-09,32.45874786376953,25.228864669799805,23.681983947753906,74.62972259521484,67.93270111083984,43.17424774169922,48.86436462402344,18.79720115661621,25.750802993774414
2018-03-12,32.56001663208008,25.143911361694336,23.675065994262695,74.31055450439453,67.09272766113281,43.09516906738281,49.02534866333008,18.877105712890625,25.68781280517578
2018-03-13,32.1871337890625,24.86359214782715,23.505535125732422,74.40542602539062,66.76368713378906,43.06355667114258,48.68040466308594,18.91896629333496,25.582826614379883
2018-03-14,32.15951156616211,24.58327293395996,23.367151260375977,74.04312133789062,66.03631591796875,42.62863540649414,48.62059783935547,19.113019943237305,25.267873764038086
2018-03-15,32.17793655395508,24.591772079467773,23.246057510375977,73.92232513427734,66.226806640625,42.32816696166992,48.57000732421875,19.101604461669922,24.936113357543945
2018-03-16,32.14468765258789,24.61308479309082,23.45338249206543,73.9223403930664,66.58069610595703,42.3432731628418,48.51927185058594,19.269182205200195,24.934432983398438
2018-03-19,31.507431030273438,24.434043884277344,23.09099578857422,72.7276611328125,66.06771087646484,41.929779052734375,47.914955139160156,19.150306701660156,24.576114654541016
2018-03-20,31.493574142456055,24.49372673034668,23.286128997802734,72.83153533935547,66.29374694824219,41.81049728393555,48.20096969604492,19.062110900878906,24.550827026367188
2018-03-21,31.304237365722656,24.485198974609375,23.89590072631836,72.5198974609375,66.37201690673828,41.29362869262695,48.16407012939453,18.996923446655273,24.82904052734375
2018-03-22,30.496124267578125,23.581499099731445,23.4080867767334,70.43354034423828,64.18104553222656,40.95171356201172,47.139984130859375,19.081281661987305,24.087116241455078
2018-03-23,29.68338394165039,22.8653564453125,23.265220642089844,68.97051239013672,63.242088317871094,40.442779541015625,46.212772369384766,18.812854766845703,23.6149959564209
2018-03-26,30.810136795043945,23.607074737548828,23.683353424072266,70.39893341064453,64.77227020263672,41.02327346801758,47.57822036743164,19.008424758911133,24.099773406982422
2018-03-27,29.821924209594727,23.146705627441406,23.460346221923828,69.5678482055664,63.87675476074219,40.99940872192383,46.64639663696289,19.280683517456055,23.85527229309082
2018-03-28,29.623355865478516,23.1893253326416,23.00389289855957,69.94010162353516,63.6594123840332,41.56398391723633,46.07899475097656,19.273014068603516,23.551759719848633
2018-03-29,30.20981216430664,23.5047664642334,23.48822784423828,70.46814727783203,64.58967590332031,41.850257873535156,46.72481155395508,19.376548767089844,24.002817153930664
2018-04-02,29.489437103271484,22.984710693359375,23.017833709716797,68.86663055419922,63.25944519042969,40.8244743347168,45.4055061340332,19.226999282836914,23.48009490966797
2018-04-03,29.780353546142578,23.300159454345703,23.50912857055664,69.91415405273438,64.13758087158203,41.365203857421875,45.98213195800781,19.292190551757812,23.8131160736084
2018-04-04,30.195964813232422,23.547395706176758,23.477767944335938,70.90972137451172,64.41580200195312,42.009300231933594,46.8263053894043,19.334369659423828,23.96909523010254
2018-04-05,30.32063865661621,23.73495864868164,23.899372100830078,70.85774993896484,65.06787109375,42.11266326904297,47.45366668701172,19.487756729125977,24.415925979614258
2018-04-06,29.577177047729492,23.16374969482422,23.46731185913086,69.15230560302734,63.268150329589844,41.68326950073242,46.443424224853516,19.334369659423828,23.821548461914062
2018-04-09,29.80807113647461,23.29163360595703,23.578819274902344,69.83622741699219,63.076900482177734,41.65940475463867,46.33271408081055,19.372718811035156,23.952228546142578
2018-04-10,30.542299270629883,23.641176223754883,24.359317779541016,71.0135726928711,64.04196166992188,41.75483322143555,46.89548873901367,19.223169326782227,24.4454402923584
2018-04-11,30.362199783325195,23.35983657836914,24.613676071166992,70.43354034423828,63.572444915771484,41.67531967163086,46.75248718261719,19.19632339477539,24.264175415039062
2018-04-12,30.727008819580078,23.769054412841797,24.610187530517578,70.90972137451172,64.48534393310547,41.61170959472656,46.95547103881836,18.943239212036133,24.52131462097168
2018-04-13,30.625431060791016,23.41098976135254,24.881977081298828,70.87506866455078,64.32884979248047,41.818443298339844,46.69253158569336,19.092784881591797,24.496023178100586
2018-04-16,30.860925674438477,23.513296127319336,25.136327743530273,71.43775939941406,64.97222137451172,42.27170181274414,47.043113708496094,19.35354232788086,24.824831008911133
2018-04-17,31.43354034423828,23.513296127319336,25.23389434814453,71.99181365966797,65.51995086669922,42.36712646484375,47.91957473754883,19.549110412597656,25.10726547241211
2018-04-18,31.35041618347168,23.4024658203125,25.63111686706543,72.05242156982422,66.19812774658203,42.049049377441406,48.14561462402344,19.47625160217285,25.288530349731445
2018-04-19,31.00409507751465,23.76053237915039,25.6624755859375,71.44641876220703,66.01554107666016,40.83242416381836,47.9933967590332,19.464744567871094,25.006092071533203
2018-04-20,30.574628829956055,23.769054412841797,25.54051971435547,71.06551361083984,65.72865295410156,40.14857864379883,47.50440979003906,19.288352966308594,24.87120246887207
2018-04-23,30.463796615600586,23.743484497070312,25.697322845458984,71.34255981445312,65.650390625,40.100852966308594,47.605892181396484,19.29985809326172,24.79953384399414
2018-04-24,29.9327449798584,23.590024948120117,25.422054290771484,70.80580139160156,63.81591033935547,39.84640121459961,46.8539924621582,19.430238723754883,24.1292781829834
2018-04-25,29.93735694885254,23.572969436645508,25.624143600463867,71.12611389160156,63.99845886230469,39.91797637939453,47.047725677490234,19.434072494506836,24.259958267211914
2018-04-26,30.482276916503906,23.581499099731445,25.996980667114258,72.02645874023438,63.763710021972656,40.156524658203125,47.808876037597656,19.62964630126953,24.411710739135742
2018-04-27,30.42685317993164,23.6156005859375,25.721712112426758,72.3207778930664,63.633323669433594,40.371219635009766,48.025672912597656,19.829036712646484,24.348482131958008
2018-04-30,30.228282928466797,23.4024658203125,25.71822738647461,71.21269226074219,62.789974212646484,40.11675262451172,47.83653259277344,19.77151870727539,24.032325744628906
2018-05-01,30.606950759887695,23.41098976135254,25.56142807006836,71.17807006835938,62.5030632019043,39.76688766479492,47.901126861572266,19.710172653198242,24.011245727539062
2018-05-02,30.574628829956055,23.146705627441406,25.66596221923828,70.19979858398438,61.955318450927734,38.987606048583984,47.5736083984375,19.690996170043945,23.95644187927246
2018-05-03,30.643888473510742,22.95061683654785,25.606731414794922,69.5678482055664,62.10313034057617,38.947845458984375,47.36140060424805,19.66414451599121,24.066043853759766
2018-05-04,31.22573471069336,23.249008178710938,25.732166290283203,70.12186431884766,62.824764251708984,39.51242446899414,47.98414611816406,19.752351760864258,24.365341186523438
2018-05-07,31.442777633666992,23.4024658203125,25.767013549804688,70.01800537109375,63.242088317871094,39.26591873168945,48.14561462402344,19.64881706237793,24.356918334960938
2018-05-08,31.51203727722168,23.56444549560547,25.969099044799805,69.48992156982422,63.694175720214844,39.10689163208008,47.942657470703125,19.15797996520996,24.30632972717285
2018-05-09,31.89994239807129,23.913991928100586,26.49872589111328,69.88818359375,64.38102722167969,39.16254806518555,48.108707427978516,19.023765563964844,24.65621566772461
2018-05-10,32.31554412841797,24.110076904296875,26.697338104248047,70.8231201171875,64.81575012207031,39.39316177368164,48.28400802612305,19.292190551757812,24.833255767822266
2018-05-11,32.26936721801758,24.09302520751953,26.73567008972168,71.8792724609375,64.95484924316406,39.39316177368164,48.38548278808594,19.319032669067383,24.824831008911133
2018-05-14,32.26475143432617,24.075973510742188,26.92034339904785,72.35542297363281,64.8418197631836,39.37725067138672,48.47774124145508,19.246170043945312,24.921783447265625
2018-05-15,31.95997428894043,24.033349990844727,26.927309036254883,71.42044830322266,64.62445068359375,39.22616958618164,48.196353912353516,19.085119247436523,24.845909118652344
2018-05-16,32.103126525878906,24.075973510742188,27.02138900756836,71.81866455078125,64.85919952392578,39.50447463989258,48.59769058227539,18.935565948486328,25.1409912109375
2018-05-17,31.9368839263916,24.024826049804688,27.429061889648438,71.84464263916016,65.11133575439453,39.6396598815918,48.436222076416016,18.782180786132812,25.200000762939453
2018-05-18,31.80297088623047,23.82874298095703,27.216516494750977,72.02645874023438,65.49388122558594,39.39316177368164,48.37626647949219,18.786014556884766,25.233726501464844
2018-05-21,32.08002471923828,23.999248504638672,27.495264053344727,72.095703125,66.48502349853516,39.56014633178711,48.64380645751953,18.88187599182129,25.36862564086914
2018-05-22,32.03385543823242,24.161231994628906,27.1294002532959,71.95719909667969,65.66776275634766,39.48856735229492,48.42700958251953,18.95090103149414,25.157852172851562
2018-05-23,32.26936721801758,24.00777816772461,27.12591552734375,72.19091796875,65.60691833496094,39.63172149658203,48.77758026123047,19.123464584350586,25.098831176757812
2018-05-24,32.23242950439453,23.820215225219727,26.67991065979004,71.9052505493164,65.92860412597656,39.59989929199219,48.88368606567383,19.280683517456055,25.010313034057617
2018-05-25,32.20933532714844,23.743484497070312,25.986526489257812,71.80135345458984,65.80690002441406,39.66351318359375,48.95749282836914,19.36504554748535,24.875411987304688
2018-05-29,32.03385543823242,22.95061683654785,25.90637969970703,71.06551361083984,64.75487518310547,39.576045989990234,48.5792350769043,19.36504554748535,24.4454402923584
2018-05-30,32.26936721801758,23.368358612060547,26.69036102294922,72.13031768798828,65.66776275634766,40.132667541503906,49.022071838378906,19.522266387939453,24.732088088989258
2018-05-31,32.27860641479492,23.172271728515625,26.488264083862305,71.34255981445312,64.72010803222656,39.48856735229492,48.78681182861328,19.552947998046875,24.525529861450195
2018-06-01,32.828121185302734,23.42803955078125,26.61371421813965,72.16497039794922,65.43302154541016,39.48856735229492,49.146636962890625,19.25384521484375,24.900705337524414
2018-06-04,33.091346740722656,23.5047664642334,26.38375473022461,72.43334197998047,65.33738708496094,39.81460189819336,49.695579528808594,19.10045623779297,25.044031143188477
2018-06-05,33.206787109375,23.4024658203125,26.321027755737305,72.28614807128906,65.4156265258789,39.63172149658203,49.986183166503906,19.000755310058594,25.233726501464844
2018-06-06,33.423824310302734,23.82874298095703,26.446460723876953,73.09990692138672,65.96337127685547,39.67941665649414,50.45210266113281,18.54826545715332,25.701644897460938
2018-06-07,33.1559944152832,23.90546989440918,26.847171783447266,73.19514465332031,66.24162292480469,39.92592239379883,50.5997200012207,18.678646087646484,25.570968627929688
2018-06-08,33.10057830810547,23.9395694732666,26.79490089416504,73.6193618774414,66.45895385742188,40.41895294189453,50.705814361572266,18.670974731445312,25.642629623413086
2018-06-11,33.13751220703125,23.888416290283203,26.934276580810547,73.75784301757812,66.58936309814453,40.75291061401367,50.90878677368164,18.632627487182617,25.68056869506836
2018-06-12,33.29913330078125,23.82874298095703,26.72869873046875,73.71456909179688,66.51980590820312,40.83242416381836,51.15326690673828,18.847366333007812,25.71428680419922
2018-06-13,33.128292083740234,23.743484497070312,26.627649307250977,73.73190307617188,65.98947143554688,40.70520782470703,51.23169708251953,18.797517776489258,25.43606948852539
2018-06-14,33.36378860473633,23.521820068359375,26.589326858520508,74.11279296875,65.7373275756836,40.776771545410156,51.766807556152344,19.03142738342285,25.474018096923828
2018-06-15,33.23634719848633,23.520965576171875,26.01822853088379,74.25701904296875,65.57322692871094,41.300838470458984,51.85188674926758,19.166847229003906,25.296133041381836
2018-06-18,33.27342987060547,23.4781551361084,26.27782440185547,73.5445556640625,65.30261993408203,40.6998405456543,51.76401901245117,19.228750228881836,25.23261260986328
2018-06-19,33.101951599121094,23.418214797973633,26.218185424804688,73.73567199707031,63.92341613769531,40.916202545166016,51.69926834106445,19.41832733154297,24.77098274230957
2018-06-20,33.171470642089844,23.358285903930664,26.333951950073242,73.89208984375,63.9670524597168,40.95626449584961,51.944400787353516,19.433805465698242,24.690515518188477
2018-06-21,32.91659164428711,23.289777755737305,25.846342086791992,73.46632385253906,63.16399383544922,41.03639221191406,51.57439422607422,19.49957847595215,24.427947998046875
2018-06-22,32.810001373291016,23.178464889526367,26.36200523376465,73.79651641845703,63.38221740722656,41.37295913696289,51.48652648925781,19.634994506835938,24.783693313598633
2018-06-25,32.128787994384766,22.930150985717773,25.832307815551758,73.1187744140625,62.579124450683594,41.5813102722168,50.367244720458984,19.959989547729492,24.398298263549805
2018-06-26,32.258541107177734,22.853097915649414,26.15854835510254,72.89282989501953,62.8148078918457,41.40501022338867,50.72800827026367,19.983198165893555,24.491466522216797
2018-06-27,31.818294525146484,22.570533752441406,26.509342193603516,72.27591705322266,62.30852508544922,41.31687927246094,50.071231842041016,20.079917907714844,24.41524314880371
2018-06-28,32.207557678222656,22.76746940612793,26.47426986694336,72.3714828491211,62.39582824707031,41.31687927246094,50.464385986328125,20.072185516357422,24.508413314819336
2018-06-29,32.19366455078125,22.76746940612793,26.639131546020508,72.5191879272461,62.526737213134766,41.2928352355957,50.55224609375,20.103134155273438,24.593111038208008
2018-07-02,32.48098373413086,22.878780364990234,26.24625015258789,72.74510192871094,62.66642379760742,41.05242156982422,50.62163543701172,20.24629020690918,24.46182632446289
2018-07-03,32.096343994140625,22.673282623291016,26.411113739013672,72.91889953613281,62.46565246582031,41.148590087890625,50.367244720458984,20.304317474365234,24.41947364807129
2018-07-05,32.550506591796875,22.724660873413086,26.383058547973633,73.67485046386719,62.771183013916016,41.71753692626953,50.617000579833984,20.412649154663086,24.631229400634766
2018-07-06,32.930503845214844,22.835973739624023,26.54442024230957,74.73490905761719,62.98940658569336,41.84575271606445,51.014766693115234,20.571279525756836,24.75404930114746
2018-07-09,33.18073272705078,23.358285903930664,26.940814971923828,75.28231811523438,64.15908813476562,41.685482025146484,51.62527084350586,19.9367733001709,24.974273681640625
2018-07-10,33.259525299072266,23.27264976501465,27.140766143798828,75.5690689086914,64.35987854003906,42.182308197021484,51.736270904541016,20.1263484954834,25.186025619506836
2018-07-11,33.1297607421875,23.161340713500977,26.565467834472656,74.96952056884766,63.303653717041016,42.04609680175781,51.61603546142578,20.308191299438477,24.76251983642578
2018-07-12,33.653438568115234,23.204158782958984,26.61107063293457,75.80369567871094,64.04561614990234,41.98998260498047,51.95827102661133,20.32366943359375,24.821807861328125
2018-07-13,33.616355895996094,23.101409912109375,26.75139617919922,75.94269561767578,64.37730407714844,42.26243209838867,52.07390213012695,20.327533721923828,24.809099197387695
2018-07-16,33.53757858276367,23.512401580810547,26.442697525024414,75.48220825195312,64.11544799804688,42.06210708618164,52.20341110229492,20.308191299438477,24.610057830810547
2018-07-17,33.78782653808594,23.538089752197266,26.337446212768555,75.89927673339844,64.36861419677734,42.42270278930664,52.25429153442383,20.292713165283203,24.931917190551758
2018-07-18,33.73220443725586,23.914836883544922,26.3549861907959,75.96009063720703,65.0756607055664,42.07813262939453,52.22189712524414,20.188255310058594,24.698989868164062
2018-07-19,33.61172103881836,23.555217742919922,26.36200523376465,75.53430938720703,65.0494613647461,42.1021728515625,52.101661682128906,20.373964309692383,24.787925720214844
2018-07-20,33.620994567871094,23.598024368286133,26.27080726623535,75.38661193847656,64.97964477539062,42.358604431152344,51.87039566040039,20.230810165405273,24.6862850189209
2018-07-23,33.792457580566406,23.92340087890625,26.15503692626953,75.54302978515625,64.5781021118164,42.094154357910156,51.81490707397461,20.087657928466797,24.55076026916504
2018-07-24,33.97782516479492,23.991901397705078,26.484779357910156,76.22947692871094,64.84868621826172,42.17429733276367,51.662269592285156,20.157306671142578,24.868392944335938
2018-07-25,34.404170989990234,24.043272018432617,26.705787658691406,77.20263671875,65.83509826660156,42.49482727050781,52.04151916503906,20.215333938598633,25.063209533691406
2018-07-26,33.87588119506836,24.03470802307129,26.99694061279297,76.98541259765625,66.34139251708984,42.71920394897461,51.768646240234375,20.431995391845703,25.207199096679688
2018-07-27,33.29659652709961,24.086084365844727,26.881179809570312,76.42928314208984,66.35009765625,42.77530288696289,51.63451385498047,20.366228103637695,25.11402702331543
2018-07-30,32.777557373046875,24.10321044921875,27.102182388305664,76.47274780273438,65.69542694091797,42.72721481323242,51.22288513183594,20.242416381835938,25.067440032958984
2018-07-31,32.86561965942383,23.931961059570312,27.053070068359375,77.2721176147461,67.14447021484375,42.927555084228516,51.46338653564453,20.424259185791016,25.296133041381836
2018-08-01,33.16221618652344,23.931961059570312,26.677722930908203,77.28950500488281,66.23661041259766,42.56694793701172,51.20900344848633,20.292713165283203,25.037796020507812
2018-08-02,33.579280853271484,23.94051742553711,26.53038787841797,77.5762710571289,66.14933776855469,42.99967956542969,51.560523986816406,20.393310546875,24.87263298034668
2018-08-03,33.69976806640625,24.07752227783203,26.393583297729492,78.03677368164062,66.21046447753906,43.5045166015625,51.736270904541016,20.621580123901367,25.109792709350586
2018-08-06,33.88050842285156,24.205957412719727,26.491802215576172,78.17579650878906,66.30648803710938,43.544586181640625,52.083160400390625,20.637048721313477,25.1013240814209
2018-08-07,34.01026153564453,24.3172664642334,26.68824577331543,78.18450927734375,66.7778549194336,43.280147552490234,52.32366180419922,20.606101989746094,25.186025619506836
2018-08-08,34.10294723510742,24.377197265625,26.49531364440918,78.30614471435547,66.48104858398438,42.95158004760742,52.379154205322266,20.497764587402344,25.08014678955078
2018-08-09,34.116859436035156,24.231643676757812,26.249753952026367,78.21924591064453,66.11442565917969,42.823387145996094,52.573429107666016,20.590627670288086,25.21566390991211
2018-08-10,33.84342575073242,23.94908332824707,26.411113739013672,77.8803939819336,65.52958679199219,42.66312026977539,52.134010314941406,20.50164031982422,24.851449966430664
2018-08-13,33.797088623046875,23.7179012298584,26.07436180114746,77.90645599365234,65.2153091430664,42.66312026977539,51.87039566040039,20.528722763061523,24.60158348083496
2018-08-14,34.005619049072266,23.94051742553711,26.13750648498535,78.27140808105469,65.66925048828125,42.9596061706543,52.374542236328125,20.571279525756836,24.809099197387695
2018-08-15,33.69976806640625,23.75214958190918,25.225439071655273,78.14105224609375,65.3550033569336,43.13589859008789,51.736270904541016,20.7608585357666,24.41524314880371
2018-08-16,33.84806823730469,24.068958282470703,25.407854080200195,78.90570831298828,66.18424987792969,43.7529296875,51.99065399169922,20.985258102416992,24.563467025756836
2018-08-17,33.899051666259766,24.120330810546875,25.47099494934082,79.14898681640625,66.58578491210938,44.08949279785156,52.03689193725586,21.09359359741211,24.74557876586914
2018-08-20,33.84806823730469,24.19739532470703,25.642885208129883,79.40966796875,67.03097534179688,44.06544494628906,52.40690612792969,21.020076751708984,24.91921043395996
2018-08-21,33.90366744995117,24.291582107543945,25.772674560546875,79.40966796875,67.5285415649414,43.7529296875,52.82317352294922,20.869184494018555,25.016618728637695
2018-08-22,34.005619049072266,24.205957412719727,26.081371307373047,79.48784637451172,66.87386322021484,43.480472564697266,52.87868118286133,20.714427947998047,24.88956642150879
2018-08-23,34.07978057861328,24.094648361206055,25.958593368530273,79.46177673339844,66.68183135986328,43.37629699707031,52.82780456542969,20.698957443237305,24.720163345336914
2018-08-24,34.42270278930664,24.180265426635742,26.148025512695312,79.8441162109375,66.96988677978516,43.32020950317383,53.13768005371094,20.78794288635254,25.042030334472656
2018-08-27,34.73783493041992,24.505647659301758,26.340959548950195,80.13086700439453,67.81659698486328,43.34425735473633,53.47992706298828,20.660263061523438,25.385074615478516
2018-08-28,34.798072814941406,24.479955673217773,26.228702545166016,80.17428588867188,67.67693328857422,43.20001220703125,53.5862922668457,20.61770248413086,25.287660598754883
2018-08-29,35.11319351196289,24.47139549255371,26.39006996154785,80.69564056396484,67.72931671142578,43.24808883666992,54.18757247924805,20.76859474182129,25.47824478149414
2018-08-30,35.0066032409668,24.283016204833984,26.316404342651367,80.63484191894531,67.25794982910156,43.11185073852539,53.87769317626953,20.776334762573242,25.177555084228516
2018-08-31,35.03441619873047,24.257333755493164,26.112943649291992,80.61744689941406,67.30159759521484,43.0958251953125,54.0904426574707,20.687349319458008,25.1013240814209
2018-09-04,34.900028228759766,24.377197265625,26.05681610107422,79.9744644165039,67.24919128417969,43.039730072021484,54.19219207763672,20.78020477294922,24.92768096923828
2018-09-05,34.46440887451172,24.394329071044922,26.021738052368164,80.29595184326172,67.72931671142578,43.53657531738281,53.609432220458984,21.07038116455078,25.092849731445312
2018-09-06,34.21415710449219,24.283016204833984,25.541147232055664,80.29595184326172,67.9388198852539,43.656776428222656,53.46143341064453,21.1903133392334,25.143674850463867
2018-09-07,34.09830093383789,24.257333755493164,25.537649154663086,80.41761016845703,67.72931671142578,43.5686149597168,53.45680236816406,20.93109130859375,24.978496551513672
2018-09-10,34.20489501953125,24.231643676757812,25.52712059020996,80.20906066894531,68.07848358154297,43.72087860107422,53.65569305419922,21.035552978515625,25.008153915405273
2018-09-11,34.49685287475586,24.257333755493164,25.769168853759766,80.1395492553711,68.06101989746094,43.560604095458984,54.085811614990234,20.981386184692383,25.058971405029297
2018-09-12,34.353187561035156,24.03470802307129,25.90247344970703,80.53925323486328,68.27051544189453,44.06544494628906,54.18757247924805,20.962045669555664,25.071680068969727
2018-09-13,34.7563591003418,24.000459671020508,25.912996292114258,81.53849029541016,68.6808090209961,44.0013542175293,54.28008270263672,21.120676040649414,25.169084548950195
2018-09-14,34.72856140136719,24.171709060668945,26.049806594848633,81.26912689208984,69.0212173461914,43.88114547729492,54.07658004760742,21.008472442626953,25.16061019897461
2018-09-17,34.292938232421875,24.068958282470703,26.091901779174805,80.97370147705078,69.04741668701172,44.04140090942383,53.40592575073242,21.078113555908203,25.249547958374023
2018-09-18,34.51074981689453,24.18882942199707,26.26378631591797,81.44290924072266,69.67593383789062,43.857093811035156,54.085811614990234,21.039430618286133,25.274959564208984
2018-09-19,34.42270278930664,24.599830627441406,26.344472885131836,81.3299331665039,69.61480712890625,43.77696990966797,54.10895538330078,20.5828857421875,25.550243377685547
2018-09-20,34.830509185791016,24.81389045715332,26.351491928100586,82.12065124511719,69.71954345703125,44.329898834228516,54.47895812988281,20.62544822692871,25.825523376464844
2018-09-21,34.69287109375,24.717561721801758,26.525619506835938,82.23146057128906,70.17041015625,44.400909423828125,54.238197326660156,20.713279724121094,25.769779205322266
2018-09-24,34.86491775512695,24.442352294921875,26.914140701293945,82.3971939086914,68.96876525878906,43.723026275634766,53.88563919067383,20.529804229736328,25.408077239990234
2018-09-25,34.82307052612305,24.347747802734375,27.087209701538086,82.14421081542969,68.75823211669922,43.46478271484375,54.112937927246094,20.248733520507812,25.276168823242188
2018-09-26,34.69287109375,24.05533218383789,26.82583999633789,82.327392578125,68.7143783569336,43.51321029663086,54.238197326660156,20.049640655517578,25.025114059448242
2018-09-27,34.8974723815918,23.969327926635742,26.82583999633789,82.74610900878906,68.81084442138672,43.45671463012695,54.42374038696289,20.25653839111328,24.808088302612305
2018-09-28,35.027679443359375,23.719921112060547,26.751665115356445,82.99906158447266,68.7669906616211,43.521270751953125,54.377349853515625,20.553226470947266,24.650650024414062
2018-10-01,35.195072174072266,23.81451988220215,27.122529983520508,83.40904998779297,69.37220764160156,43.4890022277832,54.21036911010742,20.48295783996582,24.897457122802734
2018-10-02,35.199710845947266,23.81451988220215,27.150781631469727,83.31310272216797,69.53011322021484,43.739173889160156,53.47740936279297,20.7601261138916,25.003826141357422
2018-10-03,35.30666732788086,24.038135528564453,27.36977767944336,83.15608978271484,69.81954193115234,43.27111053466797,53.29649353027344,20.510286331176758,24.82511329650879
2018-10-04,34.669612884521484,24.201541900634766,27.256738662719727,82.3448486328125,69.59149169921875,43.16621017456055,52.461483001708984,20.61958885192871,24.710224151611328
2018-10-05,34.232547760009766,24.081132888793945,27.253215789794922,82.2488784790039,69.23184967041016,43.125850677490234,52.06718063354492,20.935794830322266,24.52724266052246
2018-10-08,33.84658432006836,24.244544982910156,27.232019424438477,82.2139892578125,69.40728759765625,43.723026275634766,52.20170974731445,21.111459732055664,24.51448631286621
2018-10-09,33.967491149902344,24.14993667602539,27.475725173950195,82.35355377197266,68.33719635009766,43.62618637084961,52.04861831665039,21.197336196899414,23.70172882080078
2018-10-10,32.3214225769043,23.401702880859375,26.613920211791992,80.40835571289062,66.13561248779297,43.10164260864258,50.29511260986328,21.08022689819336,23.080467224121094
2018-10-11,31.912233352661133,22.705066680908203,25.713247299194336,78.236328125,64.39012145996094,42.03640365600586,49.409080505371094,20.693758010864258,22.81238555908203
2018-10-12,32.93521499633789,22.73086929321289,25.78388214111328,79.44007873535156,64.81990814208984,42.27043533325195,50.32295227050781,20.670337677001953,22.876211166381836
2018-10-15,32.39582443237305,22.627666473388672,25.568431854248047,78.89054870605469,64.94273376464844,42.5286750793457,50.20697784423828,20.767929077148438,22.79961585998535
2018-10-16,33.37230682373047,23.006086349487305,25.780357360839844,81.0538330078125,66.03913879394531,43.00480651855469,51.21361541748047,20.982646942138672,23.165571212768555
2018-10-17,33.21885299682617,23.23829460144043,25.617881774902344,81.48126983642578,65.55670928955078,43.20655822753906,50.791473388671875,20.94359588623047,23.016630172729492
2018-10-18,32.567867279052734,22.851280212402344,25.4907283782959,80.55664825439453,64.4251937866211,43.150062561035156,49.81730270385742,20.974828720092773,22.75705909729004
2018-10-19,32.553916931152344,22.93728256225586,25.264673233032227,79.82389831542969,64.18839263916016,44.13459014892578,49.33021926879883,21.302743911743164,22.595359802246094
2018-10-22,32.82361602783203,22.447059631347656,24.98564338684082,79.1697006225586,63.9691047668457,43.80372619628906,49.52968978881836,21.166112899780273,22.416643142700195
2018-10-23,32.69806671142578,22.266443252563477,24.332223892211914,78.74226379394531,62.91655349731445,43.99741744995117,49.53897476196289,21.049001693725586,22.19537353515625
2018-10-24,31.23335075378418,21.707420349121094,23.371505737304688,76.1427993774414,60.78510284423828,44.18301010131836,48.05915832519531,21.560392379760742,21.493257522583008
2018-10-25,32.30747985839844,22.04283332824707,23.657602310180664,77.12850189208984,61.21491622924805,44.287925720214844,49.511146545410156,21.224672317504883,21.769847869873047
2018-10-26,31.66114044189453,21.724620819091797,23.48099708557129,76.2562026977539,60.609683990478516,43.44057846069336,47.97101974487305,20.834293365478516,21.64219093322754
2018-10-29,31.12640380859375,21.91383171081543,23.043025970458984,76.4480972290039,59.60098648071289,43.940914154052734,47.54887771606445,21.127073287963867,21.591123580932617
2018-10-30,31.475128173828125,22.292251586914062,23.576366424560547,77.26805114746094,60.82897186279297,44.812469482421875,48.263275146484375,21.20905113220215,22.084733963012695
2018-10-31,32.223793029785156,22.60186004638672,23.721174240112305,77.37274932861328,61.293846130371094,44.392826080322266,48.88488006591797,20.95921516418457,22.38686180114746
2018-11-01,32.600425720214844,22.705066680908203,23.922508239746094,78.34972381591797,62.37273025512695,44.70756149291992,49.88225555419922,20.86552619934082,23.016630172729492
2018-11-02,31.9633846282959,22.687868118286133,23.862455368041992,77.86125183105469,62.267452239990234,44.47353744506836,50.08634948730469,20.7484188079834,22.961318969726562
2018-11-05,31.930837631225586,23.049089431762695,24.261577606201172,78.55036926269531,62.592018127441406,45.03035354614258,50.155948638916016,21.041194915771484,23.029401779174805
2018-11-06,32.13078308105469,23.169490814208984,24.374603271484375,78.95159149169922,63.24986267089844,45.30474090576172,50.37861633300781,21.181726455688477,23.40812110900879
2018-11-07,33.0747184753418,23.47050666809082,24.77372169494629,81.27191925048828,64.27608489990234,45.5629768371582,51.74246597290039,21.423763275146484,23.829381942749023
2018-11-08,33.046810150146484,23.539310455322266,24.236852645874023,81.31552124023438,64.17082977294922,45.587188720703125,51.75638961791992,21.388629913330078,23.727256774902344
2018-11-09,32.4748649597168,23.324296951293945,24.19447135925293,81.08000183105469,63.52175521850586,45.8535041809082,51.03733825683594,21.419858932495117,23.395357131958008
2018-11-12,31.33099365234375,22.85987663269043,23.692920684814453,79.98092651367188,62.267452239990234,45.611385345458984,50.012142181396484,21.408140182495117,23.05067253112793
2018-11-13,31.368200302124023,22.988882064819336,23.14898109436035,79.42265319824219,62.54813766479492,45.50648880004883,49.98894500732422,21.497934341430664,22.982593536376953
2018-11-14,30.991565704345703,22.679269790649414,23.11013412475586,78.78584289550781,62.3376350402832,45.199832916259766,49.61319351196289,21.275415420532227,22.957059860229492
2018-11-15,31.768085479736328,23.014680862426758,23.449207305908203,79.48371887207031,63.16215896606445,45.127201080322266,49.53897476196289,21.099748611450195,23.271949768066406
2018-11-16,31.71693229675293,23.040491104125977,23.72824478149414,80.28620147705078,63.14459228515625,45.24018859863281,49.3441276550293,21.423763275146484,23.5059871673584
2018-11-19,30.507972717285156,23.031879425048828,23.721174240112305,79.265625,62.14464569091797,45.16755676269531,48.13801956176758,21.517452239990234,23.16982650756836
2018-11-20,29.852331161499023,22.52446174621582,22.944122314453125,78.52415466308594,60.85527420043945,44.41704177856445,47.0478630065918,21.427663803100586,22.748554229736328
2018-11-21,30.070877075195312,22.541662216186523,23.304393768310547,78.07930755615234,61.28507614135742,44.06196212768555,47.53960037231445,21.111459732055664,22.931528091430664
2018-11-23,29.79653549194336,22.361051559448242,22.57326316833496,78.19271850585938,61.16226577758789,44.215301513671875,47.32622528076172,21.1231746673584,22.684730529785156
2018-11-26,30.47077178955078,22.816871643066406,22.912336349487305,78.95159149169922,61.6096076965332,44.271785736083984,48.388519287109375,21.24809455871582,22.94429588317871
2018-11-27,30.53121566772461,22.834074020385742,22.848764419555664,79.77154541015625,61.504371643066406,44.66720962524414,48.532325744628906,21.408140182495117,22.66344451904297
2018-11-28,31.6007022857666,23.272695541381836,23.24081802368164,81.69062042236328,62.97795104980469,45.03843307495117,49.96575164794922,21.392526626586914,23.01238250732422
2018-11-29,31.29379653930664,23.074886322021484,23.392696380615234,81.96104431152344,63.01301574707031,45.11105728149414,49.73379898071289,21.384719848632812,23.17833137512207
2018-11-30,31.591392517089844,23.19529151916504,23.350311279296875,83.62713623046875,63.627010345458984,45.401573181152344,50.09564208984375,21.700923919677734,23.237905502319336
2018-12-03,32.28887939453125,23.341503143310547,23.869518280029297,83.22586059570312,64.36380767822266,45.441917419433594,51.03270721435547,21.919536590576172,23.64641571044922
2018-12-04,31.065956115722656,22.326648712158203,23.184310913085938,81.36786651611328,61.62717819213867,44.675289154052734,49.1956901550293,21.935152053833008,22.94429588317871
2018-12-06,31.135704040527344,22.01703453063965,22.756925582885742,81.06254577636719,61.28507614135742,44.72370910644531,49.432281494140625,21.958574295043945,22.633663177490234
2018-12-07,30.038328170776367,21.595613479614258,22.629772186279297,78.99523162841797,59.6711540222168,44.1588134765625,47.95246124267578,22.040552139282227,22.088985443115234
2018-12-10,30.452173233032227,21.294599533081055,22.27657127380371,79.30052947998047,59.820247650146484,44.1588134765625,47.98957061767578,22.083492279052734,22.148557662963867
2018-12-11,30.48936653137207,21.08820152282715,22.28363609313965,79.5447769165039,59.46940994262695,44.52195358276367,48.00812911987305,22.17327880859375,22.076223373413086
2018-12-12,30.72652244567871,21.208599090576172,22.37193489074707,80.22518157958984,59.802738189697266,44.46546173095703,48.51377868652344,22.032745361328125,22.26771354675293
2018-12-13,30.777666091918945,21.053789138793945,22.442581176757812,80.30366516113281,59.63605499267578,44.739837646484375,48.27253723144531,22.224029541015625,22.008140563964844
2018-12-14,30.024381637573242,20.84738540649414,21.930431365966797,77.59954071044922,58.81159591674805,43.981266021728516,47.47001647949219,22.18108558654785,21.837928771972656
2018-12-17,29.387340545654297,20.640974044799805,21.531309127807617,76.0555648803711,57.846717834472656,42.964454650878906,46.26390075683594,21.466705322265625,21.463470458984375
2018-12-18,29.619836807250977,20.56357192993164,21.022701263427734,75.39263153076172,58.13618850708008,42.45603942871094,46.625732421875,21.322265625,21.582616806030273
2018-12-19,29.033946990966797,20.305557250976562,20.77545928955078,74.40695190429688,57.039764404296875,42.044471740722656,45.702579498291016,21.28713035583496,21.288999557495117
2018-12-20,28.51316261291504,20.124948501586914,20.199737548828125,73.36016845703125,55.99599075317383,41.293975830078125,44.677391052246094,21.275415420532227,21.00390625
2018-12-21,27.646865844726562,19.7225341796875,20.003650665283203,72.44889068603516,54.93868637084961,40.8656005859375,43.664947509765625,21.184476852416992,20.815025329589844
2018-12-24,26.90899085998535,19.307144165039062,19.194379806518555,70.71390533447266,53.253021240234375,39.68475341796875,42.83597946166992,20.298677444458008,20.275379180908203
2018-12-26,28.534177780151367,20.181196212768555,20.388687133789062,73.79830932617188,55.73299026489258,40.792320251464844,45.374088287353516,20.574251174926758,21.183359146118164
2018-12-27,28.739660263061523,20.423513412475586,20.495637893676758,74.61322021484375,56.430198669433594,41.18321990966797,45.61626052856445,20.74747657775879,21.573101043701172
2018-12-28,28.674283981323242,20.41485595703125,20.338768005371094,74.70084381103516,56.28017044067383,41.18321990966797,45.620914459228516,20.798664093017578,21.45746421813965
2018-12-31,28.94514274597168,20.613901138305664,20.445724487304688,75.804931640625,56.84498596191406,41.35423278808594,46.109920501708984,20.83408546447754,21.63734245300293
2019-01-02,28.963823318481445,20.786977767944336,20.848573684692383,74.65704345703125,57.13623046875,41.10991668701172,46.45919418334961,20.475833892822266,21.748701095581055
2019-01-03,27.50208854675293,20.319660186767578,20.64179801940918,73.14114379882812,55.397613525390625,40.87375259399414,45.45325469970703,20.471899032592773,21.13196563720703
2019-01-04,28.72098731994629,20.99467658996582,21.34412384033203,75.322998046875,57.49808120727539,41.745140075683594,46.957496643066406,20.775039672851562,21.96285057067871
2019-01-07,28.97783851623535,21.02065086364746,21.66141128540039,75.61219024658203,57.96583557128906,41.688133239746094,48.019325256347656,20.633312225341797,22.03993797302246
2019-01-08,29.220674514770508,21.037944793701172,21.82897186279297,76.19927215576172,58.76012420654297,42.070892333984375,48.550235748291016,20.889209747314453,22.271215438842773
2019-01-09,29.59895896911621,21.141796112060547,22.174785614013672,76.54100799560547,59.15727233886719,41.67999267578125,48.797061920166016,20.76322364807129,22.279783248901367
2019-01-10,29.729713439941406,21.15044593811035,22.23895835876465,76.68994140625,59.96040725708008,41.9243049621582,48.6573371887207,21.034873962402344,22.476797103881836
2019-01-11,29.67367935180664,21.20237159729004,22.10704803466797,76.94406127929688,59.89860916137695,42.04645538330078,48.70391845703125,20.956132888793945,22.38686180114746
2019-01-14,29.398143768310547,21.349491119384766,22.053569793701172,76.09410095214844,59.88978576660156,41.84285354614258,48.40586853027344,20.483713150024414,22.215543746948242
2019-01-15,29.841800689697266,21.539878845214844,22.132003784179688,77.46105194091797,59.7044563293457,42.258201599121094,48.8436164855957,20.735671997070312,22.069921493530273
2019-01-16,29.86981964111328,21.998546600341797,22.103483200073242,77.32087707519531,59.766239166259766,42.03017044067383,48.731849670410156,20.810468673706055,22.155580520629883
2019-01-17,30.06130027770996,22.119709014892578,22.306692123413086,78.00433349609375,60.789974212646484,42.20933151245117,49.062522888183594,20.897083282470703,22.545324325561523
2019-01-18,30.518957138061523,22.50047492980957,22.759462356567383,78.93317413330078,61.94613265991211,42.7142448425293,49.74244689941406,20.92070960998535,22.917938232421875
2019-01-22,30.005252838134766,22.240859985351562,22.263916015625,78.38990020751953,60.66643524169922,42.32335662841797,48.9973030090332,20.960071563720703,22.601001739501953
2019-01-23,30.107995986938477,22.266815185546875,22.035751342773438,78.47753143310547,60.75469207763672,42.82825469970703,49.09510803222656,21.17266845703125,22.446819305419922
2019-01-24,30.36018180847168,22.31874656677246,22.153396606445312,77.8203353881836,61.0635986328125,42.298912048339844,49.30002212524414,21.282901763916016,22.3268985748291
2019-01-25,30.78982925415039,22.50047492980957,22.435039520263672,77.91671752929688,61.84022903442383,42.127891540527344,49.844905853271484,20.991565704345703,22.750898361206055
2019-01-28,30.378868103027344,22.43124771118164,22.210437774658203,77.03170776367188,61.24892807006836,42.307064056396484,49.556156158447266,20.89314842224121,22.71664810180664
2019-01-29,30.051950454711914,22.35335922241211,22.27817153930664,77.40847778320312,62.09615707397461,42.40478515625,49.234825134277344,20.952199935913086,22.95220184326172
2019-01-30,30.985965728759766,22.483169555664062,22.591899871826172,78.46873474121094,63.066959381103516,42.689823150634766,50.2034912109375,21.11361312866211,23.196327209472656
2019-01-31,30.953279495239258,22.448556900024414,22.738061904907227,79.45014190673828,63.340572357177734,43.47976303100586,50.659908294677734,21.558486938476562,22.849414825439453
2019-02-01,31.135406494140625,22.543752670288086,23.133790969848633,79.52027893066406,63.43765640258789,43.34132385253906,49.91942596435547,21.47580909729004,22.917938232421875
2019-02-04,31.63511085510254,22.63894271850586,23.187267303466797,79.29242706298828,64.25840759277344,43.61821365356445,50.24542236328125,21.51124382019043,22.879396438598633
2019-02-05,31.901304244995117,22.578367233276367,23.222917556762695,79.17851257324219,64.81441497802734,43.626365661621094,50.715782165527344,21.55454444885254,23.04642677307129
2019-02-06,32.00871276855469,22.552404403686523,23.05179786682129,79.53779602050781,64.83208465576172,43.634498596191406,50.506202697753906,21.542734146118164,22.909378051757812
2019-02-07,31.56971549987793,22.327394485473633,22.5419864654541,78.66154479980469,64.39080810546875,43.601924896240234,50.091732025146484,21.826190948486328,22.59243392944336
2019-02-08,31.751861572265625,22.214893341064453,22.4385986328125,78.81047821044922,64.48786926269531,43.80552291870117,49.89146041870117,21.92068099975586,22.57102394104004
2019-02-11,31.73785972595215,22.284128189086914,22.545555114746094,78.714111328125,64.83208465576172,43.919532775878906,49.9799690246582,21.912803649902344,22.605283737182617
2019-02-12,32.15816116333008,22.61298370361328,22.830760955810547,79.79191589355469,65.83817291259766,44.26156997680664,50.748374938964844,21.963985443115234,23.110673904418945
2019-02-13,32.20018005371094,22.673559188842773,23.1159725189209,79.96717071533203,66.22647094726562,44.343013763427734,51.09300994873047,21.90099334716797,23.14065170288086
2019-02-14,32.2562255859375,22.396631240844727,23.197965621948242,80.15116119384766,65.9176025390625,43.84623718261719,50.906715393066406,21.86556625366211,23.020727157592773
2019-02-15,32.51309585571289,22.87259864807129,23.572296142578125,81.36039733886719,66.80016326904297,44.26156997680664,51.25599670410156,21.932491302490234,23.33338165283203
2019-02-19,32.52241516113281,22.9072208404541,23.643596649169922,81.1676254272461,66.77367401123047,44.489601135253906,51.4655647277832,22.06240463256836,23.479005813598633
2019-02-20,32.55978775024414,23.054332733154297,23.743419647216797,81.07125091552734,67.09136962890625,44.40816116333008,51.56803512573242,22.160823822021484,23.881595611572266
2019-02-21,32.57380294799805,22.933177947998047,23.376220703125,80.36146545410156,66.81778717041016,44.53845977783203,51.4655647277832,22.32223892211914,23.787376403808594
2019-02-22,32.98944091796875,22.898557662963867,23.44395637512207,81.09754943847656,67.25909423828125,44.32672119140625,51.74500274658203,22.460033416748047,23.890161514282227
2019-02-25,33.14821243286133,22.99376106262207,23.483169555664062,81.21144104003906,67.52384948730469,44.08241271972656,51.57268142700195,22.31436538696289,24.044349670410156
2019-02-26,33.21827697753906,22.92452621459961,23.408306121826172,80.92229461669922,67.3385009765625,44.10683059692383,51.64254379272461,22.28681182861328,23.90729522705078
2019-02-27,33.18558120727539,23.011062622070312,23.497432708740234,80.54547882080078,67.60326385498047,44.04169464111328,51.605281829833984,22.31436538696289,23.868755340576172
2019-02-28,33.09217834472656,22.950485229492188,23.262130737304688,80.30891418457031,67.37381744384766,44.2534294128418,51.325870513916016,22.44428253173828,23.57750701904297
2019-03-01,33.31633377075195,23.097610473632812,23.689943313598633,81.4480209350586,67.4355697631836,44.1719970703125,51.74032974243164,22.49152374267578,23.547527313232422
2019-03-04,33.19024658203125,22.950485229492188,23.732725143432617,80.34395599365234,67.13550567626953,44.09869384765625,51.57734298706055,22.53089141845703,23.654605865478516
2019-03-05,33.09217834472656,22.86394691467285,23.654293060302734,80.30014038085938,66.70309448242188,44.06612777709961,51.707740783691406,22.503337860107422,23.543245315551758
2019-03-06,32.919376373291016,22.716829299926758,23.354825973510742,79.12596893310547,66.07645416259766,44.00096130371094,51.4655647277832,22.503337860107422,23.594640731811523
2019-03-07,32.60649490356445,22.483169555664062,23.215787887573242,78.50379943847656,65.67932891845703,43.7159309387207,50.84151840209961,22.57813835144043,23.401912689208984
2019-03-08,32.601810455322266,22.474517822265625,22.780847549438477,78.33733367919922,65.54690551757812,43.7403564453125,50.487586975097656,22.65687370300293,23.44045639038086
2019-03-11,33.30233383178711,22.708179473876953,23.137357711791992,79.23108673095703,66.1029281616211,44.3104362487793,51.181488037109375,22.81829071044922,23.77452850341797
2019-03-12,33.49848175048828,22.760099411010742,23.287092208862305,79.80940246582031,65.55575561523438,44.32672119140625,51.325870513916016,22.975767135620117,23.864463806152344
2019-03-13,33.717960357666016,22.915868759155273,23.522384643554688,80.66815948486328,66.1294174194336,44.579185485839844,51.50748062133789,22.999391555786133,23.980104446411133
2019-03-14,33.788021087646484,23.00241470336914,23.54734230041504,80.5367202758789,65.90878295898438,44.53845977783203,51.35380554199219,22.995452880859375,23.80022430419922
2019-03-15,34.197025299072266,23.163331985473633,23.538002014160156,80.90701293945312,65.67620086669922,44.790672302246094,51.683250427246094,23.07874298095703,23.82990074157715
2019-03-18,34.3422737121582,23.398176193237305,23.864961624145508,80.78385925292969,66.31531524658203,44.856178283691406,52.183265686035156,22.991485595703125,23.885826110839844
2019-03-19,34.41255187988281,23.215518951416016,23.80029296875,81.4259262084961,66.07563781738281,44.82342529296875,52.44493865966797,22.729724884033203,23.8557071685791
2019-03-20,34.318851470947266,22.737117767333984,24.008686065673828,80.86302947998047,65.62296295166016,44.63508605957031,52.519710540771484,22.789215087890625,23.834205627441406
2019-03-21,35.18091583251953,22.667530059814453,24.17755889892578,81.17967224121094,66.25315856933594,45.15914535522461,53.239356994628906,23.031145095825195,24.08798599243164
2019-03-22,34.35163879394531,22.041259765625,23.52362823486328,79.70207214355469,64.7530517578125,45.10183334350586,52.183265686035156,23.197725296020508,23.369651794433594
2019-03-25,34.20171356201172,21.945579528808594,23.534408569335938,79.65808868408203,64.90399169921875,45.19189453125,52.49167251586914,23.217554092407227,23.326641082763672
2019-03-26,34.38912582397461,22.206527709960938,23.872148513793945,80.20338439941406,65.33889770507812,45.576751708984375,52.715972900390625,23.384130477905273,23.468591690063477
2019-03-27,34.19233703613281,22.110843658447266,23.703277587890625,79.53495025634766,65.4099349975586,45.42116928100586,52.60849380493164,23.221525192260742,23.4384708404541
2019-03-28,34.3328971862793,22.30220603942871,23.79310417175293,79.73726654052734,65.88925170898438,45.642250061035156,52.9262580871582,22.947860717773438,23.66644859313965
2019-03-29,34.67023468017578,22.36309242248535,23.757173538208008,80.69593048095703,66.599365234375,45.94524002075195,53.20196533203125,23.070810317993164,23.872915267944336
2019-04-01,35.14342498779297,22.911081314086914,24.069766998291016,80.81903839111328,67.9751968383789,45.78964614868164,53.78608703613281,22.912166595458984,24.229938507080078
2019-04-02,35.2652473449707,22.893688201904297,23.90448760986328,80.63434600830078,67.94857025146484,45.41298294067383,53.776763916015625,22.943889617919922,24.311668395996094
2019-04-03,35.55105209350586,22.96327018737793,23.674528121948242,80.52880096435547,67.74440002441406,45.19189453125,54.15525817871094,22.908191680908203,24.629968643188477
2019-04-04,35.4011116027832,23.102449417114258,23.872148513793945,80.3616943359375,68.1615982055664,45.363853454589844,54.59453201293945,22.828874588012695,24.879451751708984
2019-04-05,35.569786071777344,23.137235641479492,24.292537689208984,80.91580963134766,68.35688781738281,45.51943588256836,54.916954040527344,23.04304313659668,24.870847702026367
2019-04-08,35.70566177368164,23.163331985473633,24.400327682495117,80.8982162475586,68.06395721435547,45.7077751159668,55.113216400146484,22.880435943603516,24.879451751708984
2019-04-09,35.53697967529297,22.971967697143555,24.102108001708984,80.68711853027344,67.14080047607422,45.65045166015625,54.617881774902344,22.935962677001953,24.698793411254883
2019-04-10,35.78529739379883,23.041555404663086,24.191930770874023,80.7135009765625,67.12307739257812,45.78146743774414,54.879573822021484,22.864574432373047,24.68588638305664
2019-04-11,35.73844909667969,23.18072509765625,24.20989227294922,79.71964263916016,67.70003509521484,45.87154006958008,54.94967269897461,22.97958755493164,24.672985076904297
2019-04-12,35.98675537109375,23.60694122314453,24.274568557739258,78.9896469116211,68.5965347290039,46.01892852783203,55.290794372558594,23.086673736572266,24.99989128112793
2019-04-15,35.97270965576172,23.45906639099121,24.130847930908203,79.3062515258789,68.21485137939453,46.28915023803711,55.40294647216797,23.082704544067383,24.883750915527344
2019-04-16,36.155418395996094,23.789602279663086,24.288942337036133,77.67916870117188,68.63202667236328,46.297340393066406,55.645938873291016,22.797149658203125,24.995582580566406
2019-04-17,36.35688781738281,23.85049057006836,24.256610870361328,75.4451904296875,68.7208023071289,46.526611328125,55.75342559814453,22.70989227294922,24.840734481811523
2019-04-18,36.459964752197266,23.780902862548828,24.14162826538086,75.56832885742188,69.51080322265625,46.56755065917969,55.73473358154297,22.721792221069336,24.870847702026367
2019-04-22,36.54429626464844,23.711318969726562,24.651836395263672,75.61231994628906,69.29777526855469,46.58393096923828,55.524436950683594,22.70195960998535,24.703088760375977
2019-04-23,36.94253158569336,23.859188079833984,24.612319946289062,76.8084487915039,69.9013671875,46.436527252197266,56.18800354003906,22.765417098999023,24.814926147460938
2019-04-24,36.95658493041992,23.833099365234375,24.18115234375,76.72048950195312,69.69721221923828,46.5348014831543,56.239402770996094,22.912166595458984,24.66008186340332
2019-04-25,36.94722366333008,23.8765811920166,24.10569953918457,77.5120620727539,68.29474639892578,46.24000930786133,55.94500732421875,23.007352828979492,24.3460693359375
2019-04-26,36.806663513183594,24.09404182434082,23.79310417175293,78.28602600097656,68.8095703125,46.65762710571289,56.38895034790039,23.04304313659668,24.548242568969727
2019-04-29,36.81603240966797,24.337589263916016,23.771547317504883,78.14531707763672,68.96932983398438,46.71494674682617,56.192684173583984,22.908191680908203,24.500925064086914
2019-04-30,36.87694549560547,24.37238121032715,23.75358009338379,78.50592041015625,69.24452209472656,47.25537872314453,56.10857391357422,23.28497314453125,24.711700439453125
2019-05-01,36.78324508666992,24.172327041625977,23.279298782348633,78.36519622802734,68.79181671142578,46.67399978637695,55.42630386352539,23.047012329101562,24.26434898376465
2019-05-02,36.59114456176758,24.19841766357422,22.8732852935791,78.69941711425781,68.75631713867188,46.65762710571289,55.46836471557617,22.99544906616211,24.139602661132812
2019-05-03,36.93785858154297,24.415876388549805,23.085275650024414,79.29749298095703,69.5906982421875,47.009735107421875,56.122589111328125,23.12236976623535,24.376182556152344
2019-05-06,36.65205001831055,24.2506046295166,23.106834411621094,79.70207214355469,68.92498016357422,46.93603515625,55.78144454956055,22.99544906616211,24.027769088745117
2019-05-07,35.86496353149414,23.85049057006836,22.90562629699707,78.17169952392578,67.53137969970703,46.46929168701172,54.935646057128906,22.924053192138672,23.60623550415039
2019-05-08,35.82278060913086,23.79829978942871,22.90562629699707,78.33881378173828,67.53137969970703,46.46110153198242,54.95433044433594,22.610740661621094,23.584718704223633
2019-05-09,35.57916259765625,23.74611473083496,22.90562629699707,78.17169952392578,67.4337387084961,46.36284637451172,54.73003005981445,22.58297348022461,23.399757385253906
2019-05-10,35.691593170166016,23.902677536010742,23.013423919677734,78.19806671142578,67.70003509521484,46.9278564453125,54.80947494506836,22.987518310546875,23.718069076538086
2019-05-13,34.34695053100586,23.20682144165039,22.618179321289062,76.7292709350586,65.77386474609375,46.485679626464844,53.1786003112793,23.233417510986328,23.1846923828125
2019-05-14,34.89979553222656,23.389482498168945,22.894845962524414,77.11627197265625,66.45733642578125,46.70675277709961,53.71600341796875,23.07874298095703,23.382551193237305
2019-05-15,35.27930450439453,23.302507400512695,23.013423919677734,77.3449478149414,66.54610443115234,47.07523727416992,54.08048629760742,23.039077758789062,23.322336196899414
2019-05-16,35.60258102416992,23.537351608276367,23.13917350769043,77.95181274414062,67.1585693359375,47.44371795654297,54.58049011230469,23.19375991821289,23.649240493774414
2019-05-17,35.31679153442383,23.38078498840332,22.90562629699707,77.78472137451172,66.41293334960938,47.28813171386719,54.16460418701172,23.312740325927734,23.507299423217773
2019-05-20,34.70301818847656,23.406877517700195,22.91639518737793,77.74951171875,66.24427795410156,47.17350769042969,53.781410217285156,23.344470977783203,23.17178726196289
2019-05-21,35.1293830871582,23.650426864624023,23.18228530883789,78.47953033447266,67.02540588378906,47.07523727416992,54.15525817871094,23.388093948364258,23.5288028717041
2019-05-22,34.94666290283203,23.511260986328125,22.822980880737305,78.92808532714844,66.4750747680664,47.28813171386719,53.599178314208984,23.562602996826172,23.36534881591797
2019-05-23,34.3328971862793,23.18072509765625,22.057666778564453,78.65543365478516,65.46317291259766,47.271759033203125,52.93560791015625,23.764875411987305,23.00833511352539
2019-05-24,34.3422737121582,23.36338996887207,22.140308380126953,78.7697525024414,65.48979187011719,47.099815368652344,53.005699157714844,23.729183197021484,23.137372970581055
2019-05-28,34.24386978149414,23.093746185302734,21.910354614257812,77.64395904541016,64.88622283935547,46.3300895690918,52.655235290527344,23.34050178527832,22.905099868774414
2019-05-29,34.042423248291016,23.050254821777344,21.770217895507812,76.89639282226562,64.59329223632812,45.99435806274414,52.187923431396484,23.031145095825195,22.909400939941406
2019-05-30,34.25325012207031,22.971967697143555,21.493558883666992,77.31856536865234,64.84185028076172,46.190887451171875,52.529056549072266,22.99544906616211,22.94811248779297
2019-05-31,33.68166732788086,22.624040603637695,21.116289138793945,76.76447296142578,63.95419692993164,45.53581237792969,51.842132568359375,23.102535247802734,22.690021514892578
2019-06-03,33.09132766723633,22.771915435791016,21.385770797729492,76.94914245605469,64.38914489746094,46.10900115966797,51.407535552978516,23.332569122314453,23.40406036376953
2019-06-04,34.197025299072266,23.389482498168945,21.75584602355957,78.22447204589844,65.92474365234375,46.526611328125,52.80009460449219,23.352401733398438,24.062185287475586
2019-06-05,34.64211654663086,23.537351608276367,21.515117645263672,78.813720703125,66.5638656616211,47.05885314941406,53.0617790222168,23.852128982543945,24.23853874206543
2019-06-06,35.045047760009766,23.624332427978516,21.9139461517334,79.21831512451172,66.67925262451172,47.5501708984375,53.33280563354492,23.99888038635254,24.526729583740234
2019-06-07,35.696285247802734,23.589540481567383,22.014551162719727,80.0450668334961,67.21182250976562,48.00871658325195,54.103851318359375,23.820402145385742,24.746112823486328
2019-06-10,36.06171798706055,23.789602279663086,22.079227447509766,80.28254699707031,67.30059051513672,48.02509307861328,54.56180191040039,23.657791137695312,24.789125442504883
2019-06-11,36.06171798706055,23.79829978942871,22.12234115600586,80.15060424804688,66.72362518310547,48.1806755065918,54.772090911865234,23.5150146484375,24.771915435791016
2019-06-12,35.860267639160156,23.56344985961914,21.809749603271484,80.53760528564453,66.86565399169922,48.25436782836914,54.758079528808594,23.820402145385742,24.853641510009766
2019-06-13,35.968017578125,23.6417293548584,22.064855575561523,80.44084930419922,67.20295715332031,48.36081314086914,55.248741149902344,23.86799430847168,24.99989128112793
2019-06-14,35.65412139892578,23.69392204284668,21.921131134033203,80.25615692138672,66.93666076660156,48.38538360595703,55.37023162841797,24.11785888671875,24.89236068725586
2019-06-17,35.68222427368164,23.476465225219727,22.10437774658203,80.61675262451172,66.70589447021484,48.246177673339844,55.39358901977539,24.050434112548828,24.664379119873047
2019-06-18,36.328773498535156,23.789602279663086,22.40978240966797,81.30276489257812,68.0018310546875,47.98414611816406,55.81415939331055,23.951284408569336,24.857942581176758
2019-06-19,36.459964752197266,23.74611473083496,22.384634017944336,82.03277587890625,67.94857025146484,48.1806755065918,55.9169807434082,24.13372230529785,24.72030258178711
2019-06-20,36.994075775146484,23.85049057006836,22.88047218322754,82.39340209960938,69.08475494384766,48.606468200683594,56.30483627319336,24.28840446472168,25.034303665161133
2019-06-21,36.81917190551758,23.797161102294922,23.045812606811523,82.78910827636719,68.71653747558594,48.44887161254883,56.04411697387695,24.382347106933594,24.954683303833008
2019-06-24,36.889705657958984,23.700990676879883,22.83913803100586,82.3563003540039,68.58283233642578,48.57263946533203,55.74399948120117,24.390342712402344,25.049882888793945
2019-06-25,36.21265411376953,23.622310638427734,22.657846450805664,82.02063751220703,68.06578826904297,48.547889709472656,55.209468841552734,24.2424259185791,25.0628604888916
2019-06-26,36.60289001464844,23.578594207763672,23.005922317504883,80.98722076416016,68.23516082763672,47.85480499267578,55.387638092041016,23.7147274017334,25.019588470458984
2019-06-27,36.69693374633789,23.78841209411621,22.835514068603516,81.5525131225586,68.29755401611328,47.945579528808594,55.73463439941406,23.746700286865234,25.101806640625
2019-06-28,36.692222595214844,24.129375457763672,23.10019302368164,81.82632446289062,69.01964569091797,47.91257858276367,55.8940544128418,23.838655471801758,25.3138370513916
2019-07-01,37.27523422241211,24.417879104614258,23.121957778930664,82.23262786865234,69.08206176757812,48.201358795166016,56.386417388916016,23.778684616088867,25.508563995361328
2019-07-02,37.373966217041016,24.356679916381836,22.752117156982422,82.67426300048828,68.99292755126953,48.62215805053711,56.50833511352539,24.102502822875977,25.48259925842285
2019-07-03,37.6607780456543,24.549013137817383,22.842763900756836,83.38088989257812,69.37626647949219,49.22445297241211,57.000694274902344,24.270410537719727,25.61241340637207
2019-07-05,37.59025192260742,24.61895751953125,22.875394821166992,82.80674743652344,69.09989929199219,49.00994110107422,57.06632995605469,24.2584171295166,25.495576858520508
2019-07-08,37.30345153808594,24.496564865112305,22.908031463623047,82.1884765625,68.52931213378906,49.07594299316406,57.136680603027344,24.294397354125977,25.20133399963379
2019-07-09,37.43509292602539,24.540279388427734,22.9261531829834,82.26795959472656,68.3777847290039,48.787166595458984,57.197635650634766,24.326379776000977,24.954683303833008
2019-07-10,37.73129653930664,24.452850341796875,23.219852447509766,82.55060577392578,68.21731567382812,49.10070037841797,57.403953552246094,24.382347106933594,24.902761459350586
2019-07-11,37.872352600097656,24.59273338317871,23.26698875427246,82.56827545166016,68.68089294433594,49.22445297241211,57.52118682861328,24.390342712402344,25.010936737060547
2019-07-12,38.14975357055664,24.758834838867188,23.36488151550293,81.649658203125,69.88440704345703,49.36472702026367,58.18234634399414,24.230432510375977,25.25758934020996
2019-07-15,38.276702880859375,24.61895751953125,23.154590606689453,81.82632446289062,69.5991439819336,49.48023223876953,58.36991882324219,24.326379776000977,25.274892807006836
2019-07-16,37.91937255859375,24.557758331298828,22.908031463623047,81.42003631591797,70.04487609863281,49.49673843383789,58.29488754272461,24.18645668029785,25.335474014282227
2019-07-17,37.82062911987305,24.34793472290039,22.6469669342041,81.43769073486328,68.54716491699219,49.4389762878418,57.73687744140625,24.27840805053711,25.110464096069336
2019-07-18,38.10274887084961,24.53153419494629,22.650590896606445,81.89701080322266,68.67196655273438,49.769012451171875,57.6618537902832,24.490291595458984,25.21864128112793
2019-07-19,37.93817901611328,24.426620483398438,22.755739212036133,81.04904174804688,69.04642486572266,49.455482482910156,57.28202819824219,24.134485244750977,25.274892807006836
2019-07-22,38.37544250488281,24.479076385498047,22.86089515686035,80.8812255859375,69.09989929199219,49.166709899902344,57.31487274169922,24.08251190185547,25.209980010986328
2019-07-23,38.587013244628906,24.732606887817383,22.92253303527832,81.38468933105469,69.97356414794922,49.521484375,57.704063415527344,23.93059730529785,25.729244232177734
2019-07-24,38.90673828125,24.986143112182617,23.020429611206055,81.42884826660156,70.27667236328125,49.19145965576172,57.99479293823242,23.950593948364258,25.711936950683594
2019-07-25,38.746883392333984,24.81129264831543,22.75937271118164,81.03137969970703,70.13404083251953,49.25746154785156,57.671241760253906,23.890621185302734,25.5258731842041
2019-07-26,38.83150100708008,25.082311630249023,22.64334487915039,81.3228530883789,69.98249053955078,49.81026840209961,57.93382263183594,23.978572845458984,25.55615997314453
2019-07-29,38.8079948425293,24.889968872070312,22.552696228027344,81.65849304199219,69.85768127441406,49.90102767944336,57.65248107910156,24.102502822875977,25.46961212158203
2019-07-30,38.558807373046875,24.820035934448242,22.806503295898438,81.30520629882812,70.16078186035156,50.04954528808594,57.26329040527344,23.918607711791992,25.638376235961914
2019-07-31,37.97578430175781,24.69763946533203,22.733989715576172,80.50143432617188,69.37626647949219,49.03469467163086,56.60681915283203,23.806669235229492,25.24460220336914
2019-08-01,37.78303146362305,24.13811683654785,22.219118118286133,80.60742950439453,68.03010559082031,48.86141586303711,55.83779525756836,24.050535202026367,25.101806640625
2019-08-02,37.16708755493164,24.129375457763672,21.900047302246094,80.42193603515625,67.59326934814453,48.869667053222656,55.37826919555664,24.046531677246094,24.80756187438965
2019-08-05,35.61552429199219,23.32506561279297,21.247392654418945,78.53170776367188,65.72112274169922,47.59904098510742,53.891815185546875,23.702728271484375,24.34023094177246
2019-08-06,36.20794677734375,23.700990676879883,21.222021102905273,79.54747772216797,66.7106704711914,48.0280876159668,54.7124137878418,23.99856185913086,24.370519638061523
2019-08-07,36.433624267578125,23.386262893676758,21.06247901916504,79.57398986816406,66.6750259399414,48.58914566040039,54.93280792236328,24.058528900146484,24.708036422729492
2019-08-08,37.32695388793945,23.83213233947754,21.66798973083496,80.63389587402344,67.80723571777344,49.21620178222656,55.9925422668457,24.306394577026367,25.17969512939453
2019-08-09,36.90380859375,23.75345230102539,21.428686141967773,80.7310562133789,67.23668670654297,48.94392776489258,55.46735763549805,24.334375381469727,24.98064613342285
2019-08-12,36.419525146484375,23.29883575439453,21.174880981445312,79.94496154785156,66.30950927734375,48.61389923095703,54.660823822021484,24.286405563354492,24.591205596923828
2019-08-13,37.331661224365234,23.587339401245117,21.37067413330078,80.98722076416016,67.10297393798828,49.166709899902344,55.5611457824707,24.30239486694336,24.855161666870117
2019-08-14,36.18442916870117,22.713085174560547,20.533105850219727,78.7348861694336,65.052490234375,48.3911247253418,53.82148361206055,24.102502822875977,24.067617416381836
2019-08-15,36.11861801147461,22.82674217224121,20.40620231628418,79.00870513916016,64.98118591308594,49.11719512939453,53.73239517211914,24.41433334350586,24.076276779174805
2019-08-16,36.80506134033203,23.22889518737793,20.674516677856445,79.98028564453125,66.23817443847656,49.67825698852539,54.341976165771484,24.53826332092285,24.500329971313477
2019-08-19,37.36457824707031,23.46494483947754,21.13136863708496,80.74871826171875,66.86225891113281,50.173309326171875,55.026588439941406,24.694168090820312,24.695053100585938
2019-08-20,37.17649841308594,23.150211334228516,20.953702926635742,80.05978393554688,66.469970703125,49.628746032714844,55.040653228759766,24.65419578552246,24.40513801574707
2019-08-21,37.6137580871582,23.255123138427734,21.08786392211914,80.65159606933594,66.88008117675781,49.760765075683594,56.10039138793945,24.818103790283203,24.530622482299805
2019-08-22,37.524417877197266,23.412490844726562,20.993587493896484,80.25409698486328,66.9781494140625,50.02478790283203,56.11444854736328,24.842092514038086,24.366191864013672
2019-08-23,36.28317642211914,22.8179988861084,20.290170669555664,78.39923095703125,65.18624114990234,49.19145965576172,54.62332534790039,24.57823944091797,23.777700424194336
2019-08-26,36.78626251220703,23.036558151245117,20.377197265625,79.22068786621094,65.66764068603516,49.80201721191406,55.162559509277344,24.86208152770996,23.855588912963867
2019-08-27,36.72983932495117,22.89668083190918,20.25029182434082,78.7525405883789,65.328857421875,49.66175079345703,54.890602111816406,24.906055450439453,23.872892379760742
2019-08-28,36.76274108886719,23.106504440307617,20.540359497070312,79.32666015625,66.13121032714844,50.140296936035156,55.5751953125,24.838092803955078,24.0589599609375
2019-08-29,37.402183532714844,23.45619773864746,20.84130096435547,79.92728424072266,67.2634048461914,50.16504669189453,56.40986633300781,25.00999641418457,24.366191864013672
2019-08-30,37.39278030395508,23.534881591796875,20.84130096435547,80.02445220947266,67.53977966308594,50.09904098510742,56.0722541809082,25.01799201965332,24.530622482299805
2019-09-03,36.93670654296875,23.29009246826172,20.739782333374023,79.55631256103516,66.62154388427734,50.38782501220703,55.84248733520508,25.461742401123047,24.335899353027344
2019-09-04,37.566749572753906,23.517393112182617,21.029844284057617,79.60931396484375,67.46843719482422,50.84162521362305,56.39580154418945,25.485729217529297,24.634471893310547
2019-09-05,38.3519172668457,23.99823570251465,21.290908813476562,80.3954086303711,68.68089294433594,50.52809143066406,57.47429275512695,25.209884643554688,24.673419952392578
2019-09-06,38.31902313232422,23.989498138427734,21.403305053710938,80.61624145507812,68.82352447509766,50.6931037902832,57.61497116088867,25.10994529724121,24.768619537353516
2019-09-09,38.03220748901367,24.356679916381836,21.831153869628906,79.87429809570312,69.02857971191406,50.57759094238281,57.83535385131836,24.98600959777832,24.63880157470703
2019-09-10,37.839447021484375,24.444108963012695,22.088594436645508,80.10395812988281,69.66155242919922,50.26405334472656,57.605587005615234,25.01799201965332,24.881118774414062
2019-09-11,38.2343864440918,24.58399200439453,22.110347747802734,80.89891052246094,70.31233215332031,50.44558334350586,57.71344757080078,25.265857696533203,25.119115829467773
2019-09-12,38.44126510620117,24.715124130249023,21.972558975219727,80.87238311767578,70.35689544677734,50.651859283447266,57.99009704589844,25.321823120117188,25.3138370513916
2019-09-13,38.1591682434082,24.907459259033203,22.146604537963867,80.8282241821289,70.74024963378906,50.36307144165039,57.87287139892578,25.161911010742188,25.590776443481445
2019-09-16,38.065128326416016,24.820035934448242,22.889896392822266,80.65159606933594,70.67784881591797,49.87627029418945,57.13199234008789,25.181901931762695,25.171043395996094
2019-09-17,38.220279693603516,24.84626007080078,22.57082176208496,80.77522277832031,70.64218139648438,50.1485481262207,57.478981018066406,25.40178108215332,25.374414443969727
2019-09-18,38.215576171875,24.933691024780273,22.462053298950195,80.76640319824219,70.53519439697266,50.23106384277344,57.45083999633789,25.50971221923828,25.38739776611328
2019-09-19,38.30021286010742,24.820035934448242,22.404035568237305,81.14620208740234,70.17860412597656,50.22281265258789,57.296104431152344,25.62965202331543,25.430673599243164
2019-09-20,37.85357666015625,24.674171447753906,22.422330856323242,81.59854125976562,69.7349624633789,50.06345748901367,56.639347076416016,25.731172561645508,25.371524810791016
2019-09-23,37.97148132324219,24.718107223510742,22.429655075073242,81.16394805908203,69.60055541992188,50.26264572143555,56.83693313598633,25.735206604003906,25.310640335083008
2019-09-24,37.60361099243164,24.480857849121094,22.074729919433594,80.41890716552734,69.20623016357422,50.47013854980469,56.230037689208984,26.0373477935791,25.09319496154785
2019-09-25,38.051666259765625,24.682958602905273,22.111318588256836,80.0287094116211,69.65431213378906,50.50333023071289,56.74283218383789,26.021238327026367,25.223661422729492
2019-09-26,38.0941047668457,24.568729400634766,21.82225799560547,79.58519744873047,69.75289916992188,50.78553009033203,56.49818801879883,26.15821647644043,25.167125701904297
2019-09-27,37.58473205566406,24.665388107299805,21.818601608276367,79.23040771484375,69.47506713867188,50.727420806884766,56.300601959228516,26.065555572509766,25.097545623779297
2019-09-30,37.98091125488281,24.6038761138916,21.6612606048584,79.93997192382812,69.57366180419922,50.97642517089844,56.78518295288086,26.081666946411133,25.310640335083008
2019-10-01,37.62717819213867,24.085430145263672,21.15998077392578,79.15947723388672,67.90667724609375,50.84361267089844,56.31001663208008,26.021238327026367,24.71484375
2019-10-02,36.91972732543945,23.593360900878906,20.640403747558594,78.0064468383789,66.62508392333984,49.82276153564453,55.298519134521484,25.674772262573242,24.27125358581543
2019-10-03,37.37249755859375,23.690017700195312,20.863597869873047,78.70711517333984,67.0642318725586,50.17134475708008,55.566680908203125,25.735206604003906,24.35822868347168
2019-10-04,37.99034881591797,24.12936782836914,20.995328903198242,79.93997192382812,67.76329803466797,50.95981216430664,56.08889389038086,26.093753814697266,24.488698959350586
2019-10-07,37.829994201660156,24.006349563598633,20.8087158203125,79.67388916015625,67.42272186279297,50.54483413696289,55.84425354003906,25.993038177490234,24.401716232299805
2019-10-08,37.136695861816406,23.53184700012207,20.453794479370117,78.1572036743164,66.38312530517578,50.06345748901367,55.256168365478516,25.75131607055664,23.975528717041016
2019-10-09,37.68849182128906,23.751523971557617,20.640403747558594,78.72486114501953,66.94771575927734,50.44524002075195,55.72663497924805,25.876205444335938,24.245161056518555
2019-10-10,37.947898864746094,23.9975643157959,20.90018653869629,79.11511993408203,67.5571517944336,50.54483413696289,56.09830093383789,25.848005294799805,24.466951370239258
2019-10-11,38.47141647338867,24.29631996154785,21.181934356689453,79.77143859863281,68.82978820800781,50.49502944946289,56.733428955078125,25.75131607055664,24.940980911254883
2019-10-14,38.447837829589844,24.331470489501953,21.170955657958984,79.73597717285156,68.69536590576172,50.24604415893555,56.7052001953125,25.586135864257812,24.762678146362305
2019-10-15,38.872310638427734,24.682958602905273,21.258773803710938,81.1905746459961,69.25101470947266,50.03025436401367,57.20389938354492,25.50556755065918,24.936634063720703
2019-10-16,38.60346984863281,24.621448516845703,20.962387084960938,81.08411407470703,69.2151870727539,50.08007049560547,57.43913650512695,25.56197166442871,24.988821029663086
2019-10-17,38.528011322021484,24.639022827148438,20.977031707763672,81.68724060058594,69.55575561523438,50.312442779541016,57.58967971801758,25.626428604125977,25.054054260253906
2019-10-18,38.160125732421875,24.700531005859375,20.86726188659668,81.38568878173828,68.95527648925781,50.41203689575195,57.47676086425781,25.71102523803711,25.01056671142578
2019-10-21,38.570465087890625,25.043231964111328,21.2404727935791,81.29700469970703,69.36752319335938,50.57802963256836,57.6790657043457,25.811748504638672,24.932287216186523
2019-10-22,38.051666259765625,24.972930908203125,21.51490020751953,81.47438049316406,69.91422271728516,50.59463119506836,57.31209945678711,25.92051887512207,24.82791519165039
2019-10-23,38.08466339111328,25.07837677001953,21.694189071655273,81.97993469238281,69.9052734375,50.82701873779297,57.04865646362305,26.025266647338867,24.984472274780273
2019-10-24,38.64121627807617,25.043231964111328,21.60271644592285,81.56307983398438,70.00385284423828,51.001312255859375,57.02042007446289,26.113895416259766,25.06275749206543
2019-10-25,39.10811996459961,25.166244506835938,21.778350830078125,81.65176391601562,70.4429931640625,50.7025260925293,56.954551696777344,25.848005294799805,25.336729049682617
2019-10-28,39.603336334228516,25.29805564880371,21.653945922851562,82.49436950683594,70.64016723632812,50.602935791015625,57.13332748413086,25.493484497070312,25.415014266967773
2019-10-29,39.244895935058594,25.359561920166016,21.741758346557617,83.66514587402344,70.87317657470703,50.602935791015625,56.80869674682617,25.517650604248047,25.571575164794922
2019-10-30,39.48542785644531,25.341989517211914,21.29901885986328,84.13520050048828,71.1241226196289,50.83530044555664,57.16155242919922,25.743261337280273,25.59331703186035
2019-10-31,39.46186065673828,25.21897315979004,21.207544326782227,84.03763580322266,70.36233520507812,50.760623931884766,56.85574722290039,25.88426399230957,25.306291580200195
2019-11-01,39.93349075317383,25.588027954101562,21.690532684326172,84.14405822753906,71.89485931396484,50.7523193359375,57.232120513916016,25.819799423217773,25.662899017333984
2019-11-04,40.14101028442383,25.807706832885742,22.396718978881836,83.88685607910156,72.7283706665039,50.26264572143555,57.26035690307617,25.489456176757812,25.86295509338379
2019-11-05,40.093849182128906,25.904359817504883,22.425992965698242,83.29261779785156,72.88072967529297,50.42863845825195,57.345035552978516,25.227590560913086,25.906435012817383
2019-11-06,40.07499313354492,26.03616714477539,21.968618392944336,83.57643127441406,72.92552185058594,50.63612747192383,57.40620422363281,25.324281692504883,25.88904571533203
2019-11-07,40.39097595214844,26.229490280151367,22.29792594909668,83.76268005371094,73.17648315429688,50.461830139160156,57.06275177001953,24.981840133666992,26.062999725341797
2019-11-08,40.617366790771484,26.220699310302734,22.206457138061523,84.37467193603516,73.27507019042969,50.42863845825195,57.08628463745117,24.877086639404297,26.167373657226562
2019-11-11,40.63623046875,26.150402069091797,22.08205223083496,84.02875518798828,73.31089782714844,50.35393524169922,56.968658447265625,24.724000930786133,26.12823486328125
2019-11-12,40.77300262451172,26.1855525970459,21.968618392944336,84.5343246459961,73.30195617675781,50.519927978515625,56.9310302734375,24.784435272216797,26.26304817199707
2019-11-13,40.862606048583984,26.018592834472656,21.873477935791016,84.63188171386719,72.9972152709961,50.9017219543457,56.75224685668945,25.15104103088379,26.110837936401367
2019-11-14,40.815452575683594,26.071321487426758,21.814937591552734,84.64073944091797,73.23023986816406,50.885128021240234,56.99689483642578,25.239675521850586,26.271751403808594
2019-11-15,41.14558792114258,26.141616821289062,21.983253479003906,86.44123077392578,73.7679672241211,50.9017219543457,57.10039138793945,25.320247650146484,26.250001907348633
2019-11-18,41.268218994140625,26.194334030151367,21.716144561767578,86.1485595703125,73.49015808105469,51.16730499267578,57.297996520996094,25.372621536254883,26.184772491455078
2019-11-19,41.34840393066406,26.24706268310547,21.394153594970703,86.73392486572266,73.42742156982422,51.10090255737305,56.66756057739258,25.308155059814453,26.12823486328125
2019-11-20,41.09844207763672,26.12404441833496,21.61003875732422,86.61862182617188,72.8448715209961,51.217105865478516,56.53583526611328,25.461252212524414,25.802066802978516
2019-11-21,40.89091873168945,26.097684860229492,21.964963912963867,86.84037780761719,72.81798553466797,50.95981216430664,56.21592330932617,25.372621536254883,25.758577346801758
2019-11-22,40.83903884887695,26.290996551513672,21.891773223876953,87.15079498291016,73.19438934326172,50.87681579589844,56.60169982910156,25.380680084228516,25.802066802978516
2019-11-25,41.433292388916016,26.457956314086914,21.91373062133789,88.17076873779297,73.72315979003906,50.934913635253906,57.10039138793945,25.296079635620117,25.9716739654541
2019-11-26,41.47103500366211,26.431594848632812,21.712486267089844,88.09983825683594,73.93824768066406,51.349891662597656,57.49087142944336,25.380680084228516,26.102140426635742
2019-11-27,41.70212936401367,26.537033081054688,21.76736831665039,88.55216217041016,73.86653900146484,51.474388122558594,57.9848747253418,25.42499351501465,26.206512451171875
2019-11-29,41.579505920410156,26.493099212646484,21.547836303710938,88.24171447753906,73.5260009765625,51.457794189453125,57.6085090637207,25.40082550048828,26.110837936401367
2019-12-02,40.98524475097656,26.326143264770508,21.547836303710938,87.85147857666016,72.31610870361328,51.57398986816406,57.13332748413086,25.23564338684082,25.849905014038086
2019-12-03,40.622074127197266,25.957090377807617,21.225845336914062,87.6563491821289,71.52740478515625,51.49100112915039,56.559356689453125,25.304136276245117,25.684648513793945
2019-12-04,40.78715515136719,26.203123092651367,21.54417610168457,88.47234344482422,71.80525970458984,51.83127212524414,56.87456130981445,25.497509002685547,25.74118423461914
2019-12-05,40.93808364868164,26.326143264770508,21.44171905517578,88.47234344482422,71.82317352294922,51.814674377441406,56.81810760498047,25.54182243347168,25.87165069580078
2019-12-06,41.39085006713867,26.677627563476562,21.851526260375977,89.0577163696289,72.69252014160156,52.013858795166016,57.27445983886719,25.46527862548828,26.13693618774414
2019-12-09,41.17390060424805,26.616117477416992,21.825918197631836,88.43688201904297,72.41468811035156,52.055362701416016,57.345035552978516,25.376649856567383,26.084741592407227
2019-12-10,41.2069206237793,26.62490463256836,21.869823455810547,88.63201141357422,72.32506561279297,51.889381408691406,57.24623489379883,25.372621536254883,25.928186416625977
2019-12-11,41.48518371582031,26.56339454650879,21.833234786987305,88.7117919921875,72.78215789794922,51.96407699584961,57.392086029052734,25.44110679626465,26.12389373779297
2019-12-12,41.92850875854492,27.08183479309082,22.2357234954834,89.53665924072266,73.42742156982422,51.92257308959961,57.895484924316406,25.33233642578125,26.48919677734375
2019-12-13,42.20676803588867,26.985177993774414,22.067411422729492,89.47457122802734,73.23023986816406,52.105167388916016,57.947227478027344,25.52973747253418,26.284791946411133
2019-12-16,42.58407974243164,27.08183479309082,22.363788604736328,90.44132995605469,73.19438934326172,52.287750244140625,58.20128631591797,25.848005294799805,26.397871017456055
2019-12-17,42.48506164550781,27.187278747558594,22.378421783447266,90.34378814697266,73.12269592285156,52.20476150512695,58.46003723144531,25.932605743408203,26.437007904052734
2019-12-18,42.48033142089844,27.073043823242188,22.46257972717285,90.46796417236328,72.81798553466797,52.12177276611328,58.51649475097656,26.0373477935791,26.402217864990234
2019-12-19,42.78688430786133,27.06426239013672,22.45526123046875,90.82273864746094,73.01515197753906,52.403953552246094,58.699981689453125,26.04541015625,26.493539810180664
2019-12-20,43.03532028198242,27.09605598449707,22.670663833618164,91.46573638916016,73.35108947753906,52.799739837646484,58.7896614074707,26.22446060180664,26.622112274169922
2019-12-23,43.15834426879883,27.034231185913086,22.903430938720703,91.8309097290039,73.95455169677734,52.57381820678711,58.652774810791016,25.980850219726562,26.69644546508789
2019-12-24,43.17253875732422,27.09605598449707,22.892345428466797,91.71511840820312,73.6573257446289,52.64076614379883,58.78493881225586,26.017396926879883,26.727052688598633
2019-12-26,43.49428939819336,27.246192932128906,22.88495445251465,91.65279388427734,73.82846069335938,52.690956115722656,59.502403259277344,26.062057495117188,26.845125198364258
2019-12-27,43.48956298828125,27.17554473876953,22.788894653320312,91.67949676513672,73.76541137695312,52.925254821777344,59.497684478759766,26.139198303222656,26.74454689025879
2019-12-30,43.2387809753418,27.09605598449707,22.716978073120117,91.12908935546875,73.42314147949219,52.64911651611328,59.1153564453125,26.13513946533203,26.661462783813477
2019-12-31,43.37599563598633,27.184377670288086,22.846349716186523,91.30838012695312,73.37811279296875,52.69933319091797,59.2003173828125,26.236644744873047,26.85823631286621
2020-01-02,44.18986129760742,27.449329376220703,23.051834106445312,91.55040740966797,74.76514434814453,52.28095626831055,59.903621673583984,25.90777015686035,26.543397903442383
2020-01-03,43.693016052246094,27.157880783081055,22.98333740234375,90.7525863647461,74.62104797363281,52.19727325439453,59.39384841918945,25.96055030822754,26.114850997924805
2020-01-06,43.797122955322266,27.140214920043945,23.162181854248047,91.31734466552734,74.64807891845703,52.306053161621094,59.559051513671875,25.984914779663086,26.00115394592285
2020-01-07,43.77819061279297,26.963581085205078,23.101299285888672,91.1380844116211,74.49496459960938,51.9044075012207,59.46465301513672,25.948373794555664,25.97054672241211
2020-01-08,44.24664306640625,27.140214920043945,22.720781326293945,91.72967529296875,74.74715423583984,52.09686279296875,59.644004821777344,25.93619155883789,26.0623779296875
2020-01-09,44.748207092285156,27.308013916015625,22.888212203979492,92.12410736083984,75.06239318847656,52.46503829956055,59.960269927978516,26.07830047607422,26.158578872680664
2020-01-10,44.64411163330078,27.104890823364258,22.758831024169922,92.15100860595703,74.53099822998047,52.43156814575195,59.63457107543945,26.147319793701172,26.05362892150879
2020-01-13,45.20245361328125,27.290353775024414,22.766443252563477,91.82830047607422,75.14344024658203,52.77462387084961,59.823368072509766,26.305667877197266,26.390342712402344
2020-01-14,44.98952865600586,27.23737144470215,22.770248413085938,92.38407897949219,75.15245819091797,52.7913703918457,59.804500579833984,26.3828067779541,26.281024932861328
2020-01-15,45.04157257080078,27.08722496032715,22.602821350097656,93.18186950683594,75.26953125,53.16792297363281,59.6676139831543,26.75228500366211,26.46030616760254
2020-01-16,45.6472282409668,27.32568359375,22.640872955322266,93.66594696044922,76.01712036132812,53.3101806640625,60.20100402832031,26.918752670288086,26.61772918701172
2020-01-17,45.95480728149414,27.40517234802246,22.49627113342285,93.66594696044922,76.026123046875,53.40221405029297,60.41339874267578,27.105520248413086,26.73579978942871
2020-01-21,45.935882568359375,27.17554473876953,22.092924118041992,93.76457214355469,75.1884765625,53.5862922668457,60.229312896728516,27.353178024291992,26.447195053100586
2020-01-22,46.10148239135742,27.255029678344727,21.879833221435547,93.88109588623047,74.79217529296875,53.628135681152344,60.20100402832031,27.43844985961914,26.342243194580078
2020-01-23,46.319156646728516,27.184377670288086,21.79612159729004,93.4059829711914,75.60279846191406,53.57793426513672,60.290679931640625,27.68205451965332,26.311628341674805
2020-01-24,46.10148239135742,26.839935302734375,21.54497718811035,91.84624481201172,75.25154113769531,53.209754943847656,59.450469970703125,27.755136489868164,26.123600006103516
2020-01-27,45.00372314453125,26.42483901977539,20.94756317138672,91.14704132080078,73.82846069335938,53.04240036010742,58.5630989074707,27.686115264892578,25.55950164794922
2020-01-28,45.86490249633789,26.733951568603516,21.042692184448242,91.5952377319336,74.30582427978516,53.109344482421875,59.134239196777344,27.799795150756836,25.848106384277344
2020-01-29,45.983192443847656,26.689788818359375,20.821998596191406,91.34424591064453,74.70214080810547,52.841575622558594,59.10118103027344,27.87287712097168,25.931190490722656
2020-01-30,46.38066101074219,27.025407791137695,20.989416122436523,90.68089294433594,74.78317260742188,53.469146728515625,59.00206756591797,28.132726669311523,25.769392013549805
2020-01-31,45.107818603515625,26.460166931152344,20.334930419921875,88.87014770507812,73.05386352539062,52.8666877746582,59.15312194824219,28.00687026977539,25.200923919677734
2020-02-03,45.704010009765625,26.6456298828125,20.068561553955078,89.67693328857422,73.02684783935547,52.8666877746582,59.57321548461914,28.096189498901367,25.730037689208984
2020-02-04,46.901153564453125,26.90175437927246,20.140867233276367,91.25459289550781,74.4049072265625,53.184654235839844,60.65884780883789,27.816038131713867,26.184816360473633
2020-02-05,47.17560958862305,27.44049835205078,20.898096084594727,93.01155853271484,75.64781951904297,53.61140060424805,60.965660095214844,27.92972183227539,26.67020606994629
2020-02-06,47.6061897277832,27.40517234802246,20.685007095336914,93.09223175048828,75.89099884033203,53.70344924926758,60.828765869140625,27.937843322753906,26.657087326049805
2020-02-07,47.170867919921875,27.308013916015625,20.540409088134766,92.36614227294922,75.34162139892578,53.77037811279297,60.56443405151367,27.84851837158203,26.276655197143555
2020-02-10,47.80965805053711,27.38750648498535,20.43766975402832,92.85916900634766,75.76492309570312,53.99631881713867,61.248863220214844,27.954084396362305,26.263530731201172
2020-02-11,47.64877700805664,27.48465919494629,20.665973663330078,93.41494750976562,76.05315399169922,53.795494079589844,61.73031234741211,28.055587768554688,26.407835006713867
2020-02-12,48.16453170776367,27.5023250579834,20.94375991821289,93.53148651123047,76.7646713256836,53.77037811279297,62.362823486328125,28.075891494750977,26.552141189575195
2020-02-13,48.03678512573242,27.493484497070312,20.879070281982422,93.09223175048828,76.33232879638672,54.088356018066406,62.25425720214844,28.388521194458008,26.4559326171875
2020-02-14,48.24497985839844,27.528812408447266,20.768718719482422,93.16395568847656,76.23326873779297,54.2138786315918,62.15984344482422,28.579343795776367,26.46030616760254
2020-02-18,48.06517791748047,27.290353775024414,20.597484588623047,92.83226013183594,75.80095672607422,54.02141189575195,62.15514373779297,28.818897247314453,26.39471435546875
2020-02-19,48.6377067565918,27.493484497070312,20.871461868286133,93.26255798339844,75.77392578125,53.96284103393555,62.433624267578125,28.50625991821289,26.464683532714844
2020-02-20,48.13140869140625,27.44049835205078,20.848623275756836,92.66195678710938,75.66584014892578,54.00469207763672,62.45723342895508,28.607769012451172,26.508411407470703
2020-02-21,47.052574157714844,27.17554473876953,20.601287841796875,92.71574401855469,75.2875747680664,54.09672927856445,61.503761291503906,28.554994583129883,26.385974884033203
2020-02-24,45.107818603515625,26.292360305786133,19.649993896484375,89.79344940185547,73.14395141601562,52.84994125366211,59.389122009277344,28.222055435180664,25.642580032348633
2020-02-25,43.66462707519531,25.40034294128418,18.782413482666016,87.068359375,70.16271209716797,51.896034240722656,57.803157806396484,27.629274368286133,24.53624153137207
2020-02-26,43.86336135864258,25.21487808227539,18.215436935424805,87.05936431884766,69.63129425048828,51.60317611694336,57.34529113769531,27.349119186401367,24.453161239624023
2020-02-27,41.497493743896484,24.137388229370117,17.241308212280273,84.10122680664062,67.04637145996094,49.50289535522461,55.02770233154297,26.1189022064209,23.30746078491211
2020-02-28,41.81452941894531,23.48383903503418,17.226089477539062,83.01659393310547,65.82144927978516,48.52388000488281,54.67367935180664,25.2459716796875,23.0538387298584
2020-03-02,44.232444763183594,24.684972763061523,17.922441482543945,86.90699768066406,68.13618469238281,51.11784744262695,56.552303314208984,26.731979370117188,24.04210662841797
2020-03-03,42.552677154541016,23.75762176513672,17.374486923217773,84.74665832519531,66.46993255615234,50.423336029052734,55.18345260620117,26.403108596801758,23.83220863342285
2020-03-04,44.37913131713867,24.543655395507812,17.785451889038086,89.63207244873047,69.21697998046875,52.900150299072266,57.09040451049805,27.90130615234375,24.82048225402832
2020-03-05,42.9785270690918,23.360191345214844,17.134765625,87.55242156982422,65.83045959472656,51.9044075012207,54.96160888671875,27.470932006835938,24.03335952758789
2020-03-06,42.070037841796875,22.565326690673828,16.172056198120117,87.0862808227539,65.25402069091797,51.49440002441406,54.1166877746582,27.24761390686035,23.408039093017578
2020-03-09,38.8761100769043,20.145404815673828,12.914809226989746,82.55940246582031,59.23750305175781,49.25187683105469,50.708740234375,25.765668869018555,21.21722412109375
2020-03-10,41.46910095214844,21.328866958618164,13.527448654174805,85.39207458496094,62.30880355834961,50.66600036621094,53.51251983642578,26.00521469116211,22.07868194580078
2020-03-11,39.51015090942383,20.171899795532227,12.812068939208984,82.12915802001953,58.65205383300781,48.18081283569336,50.58601379394531,24.697853088378906,21.029193878173828
2020-03-12,35.653770446777344,17.990436553955078,11.213888168334961,75.99771118164062,52.58149337768555,43.65392303466797,45.47406768798828,22.20492172241211,19.004541397094727
2020-03-13,39.836647033691406,20.35736656188965,12.248899459838867,81.2685775756836,56.68857955932617,47.36915969848633,48.28730010986328,23.41484260559082,20.338272094726562
2020-03-16,34.3336181640625,17.566509246826172,10.582229614257812,73.25468444824219,50.257755279541016,44.15598678588867,42.16995620727539,20.755451202392578,18.0993595123291
2020-03-17,36.67109298706055,18.520349502563477,10.654529571533203,77.853271484375,52.57249069213867,47.87957763671875,43.7936897277832,23.410785675048828,19.21881675720215
2020-03-18,35.289432525634766,16.948284149169922,9.12484073638916,75.27156066894531,48.69957733154297,46.649539947509766,41.27785110473633,22.391685485839844,17.99003791809082
2020-03-19,35.41719055175781,17.319215774536133,9.745089530944824,73.72978210449219,48.73561477661133,45.093162536621094,42.717491149902344,21.088382720947266,18.449190139770508
2020-03-20,33.794189453125,16.70099449157715,9.840218544006348,70.89712524414062,46.294761657714844,42.17285919189453,41.4477653503418,19.415605545043945,17.788888931274414
2020-03-23,33.48550796508789,15.729270935058594,9.169522285461426,67.21479034423828,44.26704788208008,40.92481994628906,41.516075134277344,18.424856185913086,16.88205337524414
2020-03-24,36.91490173339844,17.67984390258789,10.6400728225708,72.39421081542969,49.86735534667969,43.01188278198242,45.41013717651367,20.40553092956543,18.86739730834961
2020-03-25,36.86735153198242,18.160804748535156,11.141924858093262,73.35798645019531,52.49052810668945,42.89406204223633,46.206966400146484,20.926332473754883,19.3076114654541
2020-03-26,39.150447845458984,19.300865173339844,11.822731971740723,78.23113250732422,55.80351638793945,45.24200439453125,48.11842346191406,22.710176467895508,20.214441299438477
2020-03-27,37.381038665771484,18.7130126953125,11.021323204040527,76.55570220947266,53.452659606933594,45.031612396240234,46.50578689575195,22.833200454711914,19.48369026184082
2020-03-30,38.9554328918457,19.069290161132812,11.13414478302002,80.14073181152344,54.23326110839844,46.790470123291016,47.478111267089844,23.677968978881836,20.104385375976562
2020-03-31,38.227699279785156,18.543794631958008,11.305316925048828,79.78942108154297,53.561580657958984,45.839508056640625,46.52000045776367,22.72247886657715,19.827054977416992
2020-04-01,36.40597915649414,17.412641525268555,10.745110511779785,76.75386810302734,51.147178649902344,45.065277099609375,44.44255828857422,21.35692596435547,18.93343162536621
2020-04-02,37.25737762451172,17.849069595336914,11.729364395141602,78.87965393066406,51.827919006347656,46.21821212768555,44.608558654785156,22.025348663330078,19.21956443786621
2020-04-03,36.68183898925781,17.4927978515625,11.604875564575195,78.1680679321289,51.138099670410156,46.580074310302734,43.830692291259766,21.237993240356445,18.75734519958496
2020-04-06,39.811588287353516,18.748645782470703,12.219547271728516,82.26653289794922,54.67801284790039,48.31367874145508,47.478111267089844,22.878313064575195,20.152816772460938
2020-04-07,39.45486068725586,18.935691833496094,12.480201721191406,81.5909652709961,54.55093765258789,47.75825119018555,48.18482971191406,22.591259002685547,20.689863204956055
2020-04-08,40.51555633544922,19.764015197753906,13.31273078918457,84.95079040527344,56.52965545654297,48.46516799926758,49.70261764526367,23.82149314880371,21.702348709106445
2020-04-09,40.52506637573242,20.823915481567383,13.192131042480469,85.41918182373047,57.382877349853516,48.91960906982422,50.599037170410156,24.945110321044922,22.635597229003906
2020-04-13,40.61543655395508,20.066843032836914,13.149338722229004,84.67156982421875,55.703670501708984,48.5577278137207,50.58481979370117,24.153656005859375,22.138160705566406
2020-04-14,42.31824493408203,20.155908584594727,13.087090492248535,87.48190307617188,56.76565170288086,50.619544982910156,52.56267547607422,24.86309242248535,22.424297332763672
2020-04-15,41.39549255371094,19.283050537109375,12.472418785095215,87.03153228759766,55.19538116455078,49.820068359375,51.41012191772461,24.042930603027344,21.39420509338379
2020-04-16,41.89967727661133,18.944597244262695,11.939443588256836,88.93215942382812,54.70524215698242,50.14826583862305,52.026710510253906,24.047039031982422,21.27094078063965
2020-04-17,42.4561882019043,19.9421443939209,13.207693099975586,90.77872467041016,57.27395248413086,50.914085388183594,53.56346893310547,24.82209014892578,22.124950408935547
2020-04-20,41.77601623535156,19.59478759765625,12.795316696166992,90.05812072753906,55.749053955078125,49.912635803222656,52.62908172607422,23.88300895690918,21.57909393310547
2020-04-21,40.025634765625,18.962404251098633,12.569677352905273,87.31978607177734,54.43293380737305,48.8522834777832,51.263092041015625,23.489330291748047,21.04644012451172
2020-04-22,41.566734313964844,19.16726303100586,13.017067909240723,88.65291595458984,55.0047721862793,49.323551177978516,52.36821746826172,24.17416763305664,21.460235595703125
2020-04-23,41.28133773803711,19.087106704711914,13.437224388122559,89.13933563232422,55.440452575683594,48.88593673706055,52.35398864746094,23.7681827545166,21.609907150268555
2020-04-24,42.156532287597656,19.36320686340332,13.468347549438477,90.33734893798828,55.88520812988281,49.4077033996582,53.24093246459961,23.915821075439453,21.948867797851562
2020-04-27,42.518035888671875,20.022302627563477,13.76011848449707,91.49931335449219,57.27395248413086,49.550777435302734,54.23698043823242,24.16596031188965,22.534347534179688
2020-04-28,41.952003479003906,20.236064910888672,14.075235366821289,89.65276336669922,58.34498977661133,49.828487396240234,54.45043182373047,24.256181716918945,22.95254898071289
2020-04-29,43.6738395690918,20.823915481567383,15.117850303649902,90.24727630615234,59.461429595947266,49.61809539794922,55.650421142578125,24.03473472595215,23.53803253173828
2020-04-30,43.47882843017578,20.298418045043945,14.783282279968262,89.83292388916016,58.28145980834961,49.02900314331055,55.30416488647461,23.481130599975586,22.838090896606445
2020-05-01,42.28495407104492,19.648221969604492,13.946855545043945,88.12146759033203,56.52058029174805,48.49040603637695,53.2361946105957,22.915218353271484,22.358264923095703
2020-05-04,42.84622573852539,19.4700870513916,14.429259300231934,88.0764389038086,55.80351638793945,48.46516799926758,53.52552032470703,23.087448120117188,22.437501907348633
2020-05-05,43.43601608276367,19.407747268676758,14.440925598144531,89.98601531982422,56.0213623046875,48.507240295410156,53.71998596191406,23.27608871459961,22.494728088378906
2020-05-06,43.77372741699219,18.989124298095703,14.063568115234375,89.09428405761719,55.249839782714844,47.97705841064453,53.710506439208984,22.48464012145996,22.107343673706055
2020-05-07,44.430118560791016,19.434463500976562,14.429259300231934,89.08528137207031,55.894283294677734,47.842411041259766,54.55476760864258,22.574851989746094,22.56075668334961
2020-05-08,45.081756591796875,19.85307502746582,15.086727142333984,89.5446548461914,57.28302001953125,48.91118621826172,55.617210388183594,23.03004264831543,23.102218627929688
2020-05-11,45.38142395019531,19.4700870513916,14.822179794311523,91.08499145507812,56.56595993041992,48.843868255615234,55.493900299072266,22.931621551513672,22.750051498413086
2020-05-12,44.444393157958984,18.962404251098633,14.561531066894531,89.69782257080078,54.97754669189453,48.43150329589844,54.279666900634766,22.730682373046875,22.40228271484375
2020-05-13,43.67860412597656,18.401287078857422,13.900172233581543,88.7249755859375,53.597877502441406,47.9938850402832,53.345279693603516,22.537946701049805,21.931262969970703
2020-05-14,44.235103607177734,18.873340606689453,14.055782318115234,89.69782257080078,54.16062927246094,47.876075744628906,54.142120361328125,22.779895782470703,22.199787139892578
2020-05-15,44.45866394042969,18.748645782470703,14.001321792602539,90.45445251464844,53.97002410888672,48.29684829711914,54.772953033447266,22.4764347076416,22.393482208251953
2020-05-18,45.547889709472656,19.710573196411133,15.145082473754883,91.20206451416016,57.52809524536133,49.06266403198242,56.845672607421875,23.399110794067383,23.414762496948242
2020-05-19,45.38142395019531,19.22960662841797,14.721031188964844,90.10315704345703,56.792884826660156,48.16219711303711,56.64170455932617,23.013639450073242,23.19025993347168
2020-05-20,46.37551498413086,19.657135009765625,15.3084716796875,90.21124267578125,57.8548583984375,48.73445129394531,57.38163757324219,23.14076042175293,23.56003761291504
2020-05-21,45.728633880615234,19.59478759765625,15.063386917114258,89.5446548461914,57.99100112915039,48.195865631103516,57.58558654785156,22.90701675415039,23.33552360534668
2020-05-22,45.89511489868164,19.523529052734375,14.970012664794922,89.73384094238281,57.945613861083984,48.36417007446289,57.500213623046875,23.161266326904297,23.30031394958496
2020-05-26,45.84754180908203,20.53890037536621,15.386282920837402,89.57170867919922,60.378170013427734,48.62506103515625,58.410884857177734,23.3129940032959,23.938621520996094
2020-05-27,46.10914993286133,21.4295711517334,15.584691047668457,90.49948120117188,62.393192291259766,49.357208251953125,59.411678314208984,23.591846466064453,24.18073081970215
2020-05-28,46.01877975463867,21.09111213684082,15.14897346496582,91.67948913574219,61.80321502685547,49.79481887817383,58.69071960449219,24.288986206054688,24.405242919921875
2020-05-29,46.59907150268555,20.850631713867188,15.07894515991211,92.78740692138672,61.42198181152344,49.84531021118164,58.904170989990234,24.477619171142578,24.40964698791504
2020-06-01,46.584800720214844,21.09111213684082,15.343484878540039,91.86863708496094,61.55814743041992,50.19034957885742,59.463844299316406,24.768775939941406,24.576921463012695
2020-06-02,47.02239227294922,21.260345458984375,15.771422386169434,92.40007781982422,62.35691452026367,50.32500076293945,59.971351623535156,24.928707122802734,25.021535873413086
2020-06-03,47.388641357421875,22.053041458129883,16.234373092651367,92.21992492675781,64.78944396972656,50.39231872558594,61.10493850708008,25.228065490722656,25.589401245117188
2020-06-04,46.99861526489258,22.53400230407715,16.238265991210938,91.49031829833984,65.47926330566406,50.14826583862305,60.79664611816406,24.7769775390625,25.681854248046875
2020-06-05,48.235294342041016,23.371234893798828,17.44426727294922,92.96757507324219,67.88460540771484,50.84675598144531,62.252777099609375,25.09273910522461,26.337759017944336
2020-06-08,48.47787857055664,23.816572189331055,18.230112075805664,93.60710144042969,69.24610900878906,51.39377212524414,63.201377868652344,25.765268325805664,26.372974395751953
2020-06-09,48.706172943115234,23.308887481689453,17.5454158782959,92.63427734375,67.52152252197266,50.97300338745117,62.708106994628906,25.248565673828125,26.051626205444336
2020-06-10,49.51953887939453,22.43602752685547,16.681760787963867,92.49017333984375,65.90589141845703,50.82993698120117,62.11995315551758,25.10093879699707,25.756685256958008
2020-06-11,46.67992401123047,20.601247787475586,15.110064506530762,87.34679412841797,61.27677536010742,48.902767181396484,58.8662223815918,24.120851516723633,23.766939163208008
2020-06-12,47.283992767333984,21.224714279174805,15.491323471069336,87.9142837524414,62.46580123901367,48.91118621826172,59.44961166381836,24.059337615966797,24.22915267944336
2020-06-15,47.74061965942383,21.51863670349121,15.538005828857422,88.11246490478516,63.0830078125,49.47503662109375,60.0140380859375,24.223373413085938,24.484479904174805
2020-06-16,48.758506774902344,21.85708999633789,15.985390663146973,90.28329467773438,64.31745147705078,50.249244689941406,61.27569580078125,24.334089279174805,24.995121002197266
2020-06-17,48.748985290527344,21.527542114257812,15.44074535369873,90.19322204589844,63.85453796386719,50.173519134521484,61.114444732666016,24.260276794433594,24.788223266601562
2020-06-18,48.9677848815918,21.500822067260742,15.63137149810791,89.88695526123047,63.618534088134766,50.43439865112305,60.89150619506836,24.256181716918945,24.805831909179688
2020-06-19,48.63007354736328,21.358320236206055,15.394063949584961,90.75170135498047,62.83796310424805,50.173519134521484,60.417205810546875,23.5754451751709,24.73099136352539
2020-06-22,49.54631805419922,21.252548217773438,15.465381622314453,90.40341186523438,62.94369888305664,50.03019332885742,61.0380859375,23.805356979370117,24.82261848449707
2020-06-23,49.90402603149414,21.351144790649414,15.481138229370117,90.79238891601562,62.95281219482422,49.953861236572266,61.518253326416016,23.565526962280273,24.880157470703125
2020-06-24,48.778404235839844,20.598203659057617,14.622170448303223,88.42241668701172,60.76475524902344,49.114227294921875,60.16333770751953,23.350500106811523,24.154247283935547
2020-06-25,49.40322494506836,21.144983291625977,14.901924133300781,89.2907943725586,61.439430236816406,49.46196365356445,60.2441520690918,23.06104850769043,24.45524024963379
2020-06-26,48.43022537231445,20.239665985107422,14.385760307312012,88.20529174804688,60.299781799316406,48.45270538330078,58.832183837890625,22.81708335876465,24.11884307861328
2020-06-29,48.959659576416016,20.46375274658203,14.578829765319824,89.00132751464844,62.27816390991211,49.36865997314453,59.94938278198242,23.247127532958984,24.58802604675293
2020-06-30,49.837257385253906,20.74162483215332,14.913747787475586,90.52103424072266,62.633750915527344,49.73334503173828,60.71481704711914,23.333961486816406,24.942127227783203
2020-07-01,49.91835021972656,20.562353134155273,14.551246643066406,91.2175521850586,62.351131439208984,49.775753021240234,61.328086853027344,23.87978172302246,24.99524688720703
2020-07-02,50.209266662597656,20.589242935180664,14.712798118591309,91.90504455566406,62.88903045654297,50.03019332885742,61.57054901123047,23.941808700561523,25.464431762695312
2020-07-06,51.08687973022461,20.983642578125,14.75614070892334,92.83674621582031,63.791603088378906,50.27614212036133,63.03006362915039,23.64822006225586,25.827388763427734
2020-07-07,50.552696228027344,20.553390502929688,14.287252426147461,92.03166198730469,62.56991195678711,50.734127044677734,62.041202545166016,23.553117752075195,25.836238861083984
2020-07-08,51.377830505371094,20.76851463317871,14.275432586669922,92.04070281982422,62.56991195678711,50.606903076171875,62.702022552490234,23.764009475708008,25.468856811523438
2020-07-09,51.56385040283203,20.329299926757812,13.570131301879883,91.3170394897461,61.211490631103516,50.20829391479492,62.63071060180664,23.44560432434082,25.229839324951172
2020-07-10,51.54954147338867,21.028459548950195,14.00355339050293,91.09996032714844,62.00468826293945,51.13273239135742,63.37709426879883,23.8880558013916,25.66804313659668
2020-07-13,50.48115539550781,21.118093490600586,13.928689956665039,91.61556243896484,62.25993347167969,51.056400299072266,62.57368469238281,23.91286277770996,25.66804313659668
2020-07-14,51.06304168701172,21.225658416748047,14.417282104492188,93.4337387084961,63.6092643737793,51.80274963378906,63.196434020996094,24.136157989501953,26.31427764892578
2020-07-15,51.33967971801758,21.64693832397461,14.728557586669922,94.64588928222656,65.23209381103516,51.845149993896484,64.0997314453125,24.04104995727539,26.756908416748047
2020-07-16,50.705326080322266,21.64693832397461,14.661575317382812,94.49210357666016,65.25032043457031,51.95541000366211,63.9285888671875,24.347043991088867,26.845436096191406
2020-07-17,50.953346252441406,21.467670440673828,14.456685066223145,95.78567504882812,65.64234924316406,52.23529052734375,63.62907791137695,24.896997451782227,27.07117462158203
2020-07-20,52.255428314208984,21.36907196044922,14.216329574584961,95.76757049560547,64.84005737304688,51.70945739746094,64.64645385742188,24.570335388183594,26.836578369140625
2020-07-21,51.73078155517578,21.790361404418945,15.075297355651855,95.70426177978516,65.6970443725586,52.158958435058594,64.74630737304688,24.681978225708008,27.07117462158203
2020-07-22,52.145729064941406,21.790361404418945,14.890104293823242,96.56359100341797,66.22583770751953,52.57453918457031,65.30252838134766,25.062402725219727,27.38543701171875
2020-07-23,50.791168212890625,21.80828285217285,14.862526893615723,96.1294174194336,66.0252685546875,52.7611198425293,64.32318878173828,25.091350555419922,27.301342010498047
2020-07-24,50.1759033203125,21.754505157470703,14.77978229522705,95.07106018066406,65.4964828491211,52.69326400756836,64.43727111816406,24.925945281982422,27.208391189575195
2020-07-27,50.9676399230957,21.57523536682129,14.79554557800293,95.78567504882812,65.76996612548828,52.956172943115234,64.83661651611328,24.624094009399414,27.602331161499023
2020-07-28,50.37145233154297,21.52145004272461,14.543367385864258,95.67710876464844,65.31414031982422,53.15125274658203,64.19480895996094,24.99624252319336,26.995929718017578
2020-07-29,51.10118865966797,21.9248104095459,14.846770286560059,96.68119049072266,66.30789184570312,53.22758102416992,64.84611511230469,25.112022399902344,27.217239379882812
2020-07-30,51.387367248535156,21.53040885925293,14.263611793518066,96.0118179321289,65.64234924316406,53.22758102416992,64.79383850097656,25.112022399902344,26.69051170349121
2020-07-31,52.67038345336914,21.539379119873047,14.196625709533691,95.46002197265625,65.39620208740234,53.17668533325195,65.13137817382812,25.153369903564453,26.71706771850586
2020-08-03,53.96770477294922,21.60212516784668,14.24785041809082,96.44602966308594,65.66968536376953,53.032508850097656,64.9935073852539,24.880460739135742,26.56657600402832
2020-08-04,54.10603332519531,21.51248550415039,14.594592094421387,96.0208740234375,65.83380126953125,53.694034576416016,65.5164566040039,25.153369903564453,26.94281005859375
2020-08-05,54.30634307861328,21.80828285217285,14.748259544372559,96.46408081054688,67.0919189453125,53.583778381347656,66.3151626586914,24.83083724975586,27.336746215820312
2020-08-06,55.069461822509766,21.799320220947266,14.630053520202637,95.94847869873047,67.34723663330078,53.57530212402344,66.63843536376953,24.975563049316406,27.221668243408203
2020-08-07,54.24911117553711,22.265426635742188,14.649750709533691,96.25604248046875,68.49596405029297,53.8636589050293,66.73828125,25.426284790039062,27.31462287902832
2020-08-10,54.096473693847656,22.42677116394043,15.102880477905273,95.93038177490234,70.18262481689453,54.1435432434082,67.53695678710938,25.41801643371582,27.580198287963867
2020-08-11,53.12349319458008,22.686717987060547,15.051660537719727,95.3243179321289,70.55640411376953,53.7703742980957,67.40386962890625,24.86805534362793,27.531503677368164
2020-08-12,54.33019256591797,22.623966217041016,15.201385498046875,96.92542266845703,70.78430938720703,54.4658203125,68.2976303100586,25.227800369262695,27.69527816772461
2020-08-13,54.35404586791992,22.48055076599121,14.905869483947754,96.79878234863281,70.41053771972656,54.42340850830078,68.26911163330078,25.186452865600586,27.69084930419922
2020-08-14,54.31588363647461,22.570188522338867,15.047717094421387,96.60882568359375,70.68402862548828,54.41493225097656,68.26435089111328,24.96729278564453,27.721837997436523
2020-08-17,54.67836380004883,22.1937198638916,14.96103572845459,97.17871856689453,70.35584259033203,54.72025680541992,69.14385986328125,24.93421745300293,27.84577178955078
2020-08-18,54.883460998535156,22.050296783447266,14.771897315979004,97.15157318115234,69.97291564941406,54.94076156616211,69.57171630859375,24.82257080078125,27.730690002441406
2020-08-19,54.81669616699219,22.041337966918945,14.602469444274902,96.83499145507812,69.79055786132812,54.50822830200195,69.24369812011719,24.748140335083008,27.65101432800293
2020-08-20,55.54643630981445,21.835176467895508,14.287252426147461,96.52742004394531,69.41678619384766,54.39797592163086,69.13911437988281,24.528982162475586,27.553638458251953
2020-08-21,56.25233840942383,21.790361404418945,14.196625709533691,96.62691497802734,69.69940948486328,54.53367233276367,69.49565124511719,24.570335388183594,27.394298553466797
2020-08-24,56.738834381103516,22.310245513916016,14.586709976196289,96.18367767333984,70.9575424194336,55.00012969970703,70.55107116699219,24.785356521606445,27.876758575439453
2020-08-25,57.02499771118164,22.37298583984375,14.381815910339355,96.83499145507812,70.86640167236328,54.88139724731445,70.7840347290039,24.549659729003906,27.766098022460938
2020-08-26,58.184017181396484,22.265426635742188,14.078421592712402,96.71737670898438,70.90283966064453,54.94925308227539,71.48286437988281,24.27674674987793,28.058229446411133
2020-08-27,58.23170471191406,22.641897201538086,14.106002807617188,97.47721862792969,71.15812683105469,55.28849411010742,71.0977783203125,24.355314254760742,27.98299217224121
2020-08-28,58.74205017089844,22.731531143188477,14.358176231384277,97.69432067871094,71.8327865600586,55.780391693115234,71.56371307373047,24.425607681274414,28.314958572387695
2020-08-31,58.92805862426758,22.462621688842773,14.046900749206543,97.92950439453125,70.9393310546875,55.6192512512207,71.35452270507812,24.500041961669922,27.88118553161621
2020-09-01,60.05368423461914,22.525367736816406,13.952335357666016,97.05206298828125,71.6595458984375,55.67862319946289,72.10091400146484,24.218856811523438,28.664636611938477
2020-09-02,60.58786392211914,22.848052978515625,13.885351181030273,98.99691772460938,72.84477233886719,56.6878662109375,73.09927368164062,24.971431732177734,29.315296173095703
2020-09-03,57.134700775146484,22.49848175048828,13.782906532287598,96.30126953125,70.80255126953125,55.712554931640625,70.7792739868164,24.69024658203125,28.50528907775879
2020-09-04,56.33817672729492,22.668781280517578,13.739559173583984,95.61376953125,70.9666519165039,55.5853385925293,69.9615478515625,24.549659729003906,28.522998809814453
2020-09-08,53.79123306274414,22.086156845092773,13.239151000976562,94.0398178100586,69.63558959960938,54.41493225097656,69.04402160644531,24.413206100463867,27.98741340637207
2020-09-09,55.54643630981445,22.310245513916016,13.329777717590332,95.70426177978516,70.71138763427734,55.203678131103516,70.34664916992188,24.735736846923828,28.708900451660156
2020-09-10,54.29204559326172,21.996519088745117,12.841190338134766,94.23884582519531,69.80880737304688,54.52519989013672,69.33876037597656,24.309823989868164,28.43889617919922
2020-09-11,53.8770866394043,22.148897171020508,12.853010177612305,94.6097183227539,70.7569808959961,54.83051300048828,69.443359375,24.36771583557129,28.801851272583008
2020-09-14,55.007469177246094,22.453659057617188,12.951515197753906,95.9665756225586,71.71427154541016,55.18671798706055,70.18022918701172,24.702653884887695,29.217927932739258
2020-09-15,55.55120849609375,22.148897171020508,12.856952667236328,96.09321594238281,71.75984954833984,55.110389709472656,70.7554931640625,24.86805534362793,29.35955810546875
2020-09-16,54.69267272949219,22.399877548217773,13.37311840057373,95.93038177490234,72.48921966552734,54.864437103271484,70.36090850830078,24.834972381591797,29.381696701049805
2020-09-17,54.23957061767578,22.166828155517578,13.392823219299316,95.61376953125,72.63507843017578,54.516693115234375,69.37203979492188,24.632360458374023,29.59857940673828
2020-09-18,53.30474090576172,22.122007369995117,13.243091583251953,95.46907043457031,71.82366943359375,54.01632308959961,68.40695190429688,24.198177337646484,29.089563369750977
2020-09-21,53.747840881347656,21.56772232055664,12.804140090942383,93.70539093017578,69.439453125,53.60424041748047,67.41887664794922,24.04762077331543,28.11029815673828
2020-09-22,54.598716735839844,21.387462615966797,12.67197322845459,93.50558471679688,70.12588500976562,53.91991424560547,68.8433609008789,24.19776153564453,28.163667678833008
2020-09-23,52.89698791503906,20.90978240966797,12.099248886108398,92.54293060302734,68.87200164794922,53.10940933227539,67.71426391601562,23.826580047607422,27.336503982543945
2020-09-24,53.193355560302734,20.954849243164062,12.095245361328125,92.07977294921875,68.9726791381836,53.50186538696289,67.6856689453125,24.093502044677734,27.532176971435547
2020-09-25,54.46487045288086,21.171152114868164,12.087235450744629,93.5600814819336,70.00690460205078,53.783416748046875,68.56704711914062,24.489707946777344,27.776765823364258
2020-09-28,55.506954193115234,21.675870895385742,12.371593475341797,94.4046859741211,71.26994323730469,54.38915252685547,70.00108337402344,24.55225944519043,28.22593116760254
2020-09-29,55.320518493652344,21.405485153198242,12.031167984008789,94.28662109375,70.63843536376953,54.030826568603516,69.45795440673828,24.543922424316406,28.016908645629883
2020-09-30,55.7841911315918,21.693899154663086,11.995121955871582,95.79418182373047,70.45539855957031,54.68776321411133,70.02490234375,24.764963150024414,28.301525115966797
2020-10-01,56.37213897705078,21.729949951171875,11.626654624938965,95.4672622680664,70.244873046875,54.99489974975586,70.93965148925781,25.015199661254883,27.901288986206055
2020-10-02,54.94288635253906,21.90119743347168,11.738797187805176,94.59539031982422,71.03197479248047,54.68776321411133,70.6395034790039,25.31131362915039,28.150327682495117
2020-10-05,56.147483825683594,22.261707305908203,12.091240882873535,96.53890228271484,72.17603302001953,55.05461502075195,71.57328033447266,25.628278732299805,28.68842887878418
2020-10-06,55.277496337890625,22.036386489868164,11.911014556884766,95.25835418701172,71.29740905761719,54.6962890625,70.24884033203125,25.84514808654785,28.328214645385742
2020-10-07,56.29088592529297,22.40591812133789,12.079227447509766,97.05655670166016,72.87161254882812,55.28497314453125,71.8543701171875,26.003623962402344,29.05753517150879
2020-10-08,56.58247375488281,22.71234893798828,12.5317964553833,97.52880859375,73.59467315673828,55.6518440246582,72.32603454589844,26.479076385498047,29.351045608520508
2020-10-09,57.44769287109375,22.739389419555664,12.331543922424316,98.40973663330078,73.86922454833984,56.086952209472656,73.07879638671875,26.474905014038086,29.57785415649414
2020-10-12,59.01556396484375,22.991748809814453,12.363585472106934,99.081787109375,74.2902603149414,56.735355377197266,74.05067443847656,26.64173126220703,29.5289363861084
2020-10-13,58.63792037963867,22.550119400024414,12.171341896057129,98.32799530029297,73.46652221679688,56.69268035888672,74.03638458251953,26.458223342895508,29.26656150817871
2020-10-14,58.32721710205078,22.333810806274414,12.223407745361328,97.75585174560547,73.87840270996094,56.40262985229492,73.2169418334961,26.42486000061035,29.351045608520508
2020-10-15,58.06430435180664,22.505054473876953,12.371593475341797,97.04747009277344,74.1438217163086,56.436744689941406,73.4885025024414,26.408174514770508,29.26656150817871
2020-10-16,57.89700698852539,22.523082733154297,12.091240882873535,98.0101318359375,74.68379211425781,56.453800201416016,72.82154083251953,26.691776275634766,29.47112274169922
2020-10-19,56.835819244384766,22.180593490600586,11.834917068481445,96.4571304321289,73.75940704345703,55.72007751464844,71.92585754394531,26.466567993164062,29.128694534301758
2020-10-20,57.03179931640625,22.36084747314453,11.97509479522705,96.58429718017578,74.1438217163086,55.66035842895508,72.50230407714844,26.625043869018555,29.195404052734375
2020-10-21,56.94575881958008,22.24367904663086,11.746809005737305,96.10295104980469,73.3932876586914,55.71155548095703,72.10689544677734,26.554147720336914,29.0842227935791
2020-10-22,56.678077697753906,22.6853084564209,12.231416702270508,97.55603790283203,73.99736785888672,55.68595504760742,72.25457000732422,26.92949676513672,29.244319915771484
2020-10-23,56.615936279296875,22.757413864135742,12.171341896057129,97.9193115234375,74.2902603149414,55.78834533691406,72.88822937011719,27.004568099975586,29.351045608520508
2020-10-26,55.38743209838867,22.24367904663086,11.734790802001953,96.82953643798828,72.43229675292969,55.071678161621094,71.48753356933594,26.996232986450195,28.61727523803711
2020-10-27,55.66468048095703,21.838104248046875,11.582602500915527,96.16653442382812,70.84893035888672,54.92664337158203,71.45417022705078,26.975378036499023,28.346004486083984
2020-10-28,53.30329132080078,21.279308319091797,11.097990036010742,93.11506652832031,68.52422332763672,53.32269287109375,69.1959228515625,26.191303253173828,27.545516967773438
2020-10-29,54.192405700683594,21.44154167175293,11.4384183883667,92.35221862792969,69.52183532714844,53.30562973022461,69.63423156738281,26.26220703125,28.11475372314453
2020-10-30,52.992591857910156,21.5046329498291,11.502498626708984,92.32495880126953,69.439453125,53.1179313659668,68.11444854736328,26.016141891479492,28.096960067749023
2020-11-02,53.12643051147461,21.910207748413086,11.89499282836914,93.98693084716797,71.31571197509766,53.96256637573242,68.60038757324219,26.58751106262207,29.03085708618164
2020-11-03,54.0633430480957,22.396900177001953,11.826908111572266,95.35826110839844,73.42078399658203,54.84986877441406,70.11065673828125,26.97120475769043,29.484464645385742
2020-11-04,56.16659164428711,22.135528564453125,11.842928886413574,99.59036254882812,72.66108703613281,54.87546157836914,71.60184478759766,26.56665802001953,28.9819393157959
2020-11-05,57.9113655090332,22.676294326782227,11.842928886413574,99.7901382446289,74.37261962890625,55.27643585205078,72.99778747558594,26.804378509521484,30.16487693786621
2020-11-06,58.11690902709961,22.49604034423828,11.586606979370117,99.82648468017578,74.44583892822266,55.53239822387695,72.77863311767578,26.745988845825195,30.240476608276367
2020-11-09,57.69624328613281,24.343669891357422,13.240690231323242,100.76188659667969,76.9810562133789,55.4044189453125,72.5404281616211,27.242294311523438,30.92088508605957
2020-11-10,56.6207160949707,24.469852447509766,13.669234275817871,101.05250549316406,78.33560180664062,56.4964599609375,72.28315734863281,27.634328842163086,31.285560607910156
2020-11-11,57.963932037353516,24.370712280273438,13.529052734375,100.92536926269531,77.67665100097656,56.98278045654297,72.91682434082031,27.738597869873047,30.818603515625
2020-11-12,57.44769287109375,23.965129852294922,13.092501640319824,100.55300903320312,76.78886413574219,56.82920455932617,71.94012451171875,27.292343139648438,30.169322967529297
2020-11-13,57.93525695800781,24.3617000579834,13.569101333618164,101.82447814941406,78.4912109375,57.614097595214844,73.10739135742188,27.563432693481445,30.68963623046875
2020-11-16,58.49453353881836,24.902467727661133,14.462224006652832,101.65191650390625,80.40406036376953,58.14305877685547,74.06497955322266,27.842859268188477,31.2944393157959
2020-11-17,58.16948318481445,24.866416931152344,14.610416412353516,100.98896026611328,80.1935806274414,57.733543395996094,73.75053405761719,27.2965145111084,31.17882537841797
2020-11-18,57.54806900024414,24.632080078125,14.185881614685059,99.1090087890625,79.83661651611328,56.940120697021484,73.24555206298828,26.762670516967773,30.92088508605957
2020-11-19,58.011741638183594,24.713199615478516,14.418174743652344,99.036376953125,80.03795623779297,57.09367370605469,73.60762023925781,26.495758056640625,31.049854278564453
2020-11-20,57.414222717285156,24.496891021728516,14.34207820892334,98.80935668945312,79.31492614746094,56.735355377197266,73.2217025756836,26.499929428100586,31.023170471191406
2020-11-23,57.399879455566406,24.956546783447266,15.355353355407715,98.55503845214844,80.64202117919922,56.75240707397461,74.02687072753906,26.504098892211914,31.281103134155273
2020-11-24,58.19816207885742,25.830793380737305,16.14435386657715,98.84566497802734,82.05150604248047,57.136356353759766,75.1274185180664,26.787700653076172,32.05936050415039
2020-11-25,58.32244110107422,25.740663528442383,15.767876625061035,98.48238372802734,81.42912292480469,57.10221481323242,75.2179183959961,26.858596801757812,31.725811004638672
2020-11-27,58.633155822753906,25.659547805786133,15.583642959594727,99.39057159423828,81.29185485839844,57.09367370605469,75.37991333007812,26.59168243408203,31.890357971191406
2020-11-30,59.02511978149414,25.127790451049805,14.72255802154541,99.66301727294922,80.56880187988281,57.085147857666016,74.92253875732422,26.207988739013672,31.57016944885254
2020-12-01,59.7803840637207,25.51534080505371,14.790643692016602,100.49852752685547,80.36744689941406,57.5885124206543,75.47998046875,26.39149284362793,31.91703987121582
2020-12-02,59.6895637512207,25.794742584228516,15.27125358581543,101.2522964477539,80.47727966308594,57.11073684692383,75.00831604003906,26.56665802001953,31.507905960083008
2020-12-03,59.65132141113281,25.80375099182129,15.431453704833984,101.12516784667969,80.68779754638672,57.255775451660156,75.2179183959961,26.291399002075195,31.289997100830078
2020-12-04,60.24884033203125,26.119199752807617,16.272510528564453,102.2059097290039,81.64879608154297,57.69941329956055,75.28941345214844,26.028654098510742,31.921478271484375
2020-12-07,60.42091369628906,25.938949584960938,15.892035484313965,101.57925415039062,81.25524139404297,57.47758865356445,75.11787414550781,26.174619674682617,31.712472915649414
2020-12-08,60.61690902709961,25.929933547973633,16.128328323364258,102.3511962890625,81.64879608154297,57.793270111083984,74.96065521240234,26.095378875732422,31.890357971191406
2020-12-09,59.45532989501953,25.866846084594727,16.164379119873047,101.99700927734375,81.83185577392578,57.56291961669922,74.88919830322266,26.04949951171875,31.908151626586914
2020-12-10,59.5413818359375,25.91190528869629,16.660999298095703,101.82447814941406,81.05387115478516,57.306968688964844,74.8224868774414,25.916053771972656,31.712472915649414
2020-12-11,59.417083740234375,25.650537490844727,16.46875762939453,101.42485809326172,81.24607849121094,57.434940338134766,74.46517944335938,25.95775032043457,31.530139923095703
2020-12-14,59.63220977783203,25.353105545043945,15.892035484313965,100.66197967529297,80.1935806274414,57.21312713623047,74.57476806640625,25.824295043945312,31.129898071289062
2020-12-15,60.62647247314453,25.78573226928711,16.20442008972168,101.7518081665039,81.3101577758789,57.34962844848633,75.57999420166016,26.33310317993164,31.694677352905273
2020-12-16,61.03756332397461,25.830793380737305,16.12432289123535,101.45211029052734,80.80677032470703,57.460540771484375,76.07550048828125,26.028654098510742,31.60574722290039
2020-12-17,61.52035140991211,25.902891159057617,16.048227310180664,102.54192352294922,81.3010025024414,57.827396392822266,76.59480285644531,26.20381736755371,31.97041130065918
2020-12-18,61.305240631103516,25.67757797241211,15.779889106750488,102.62366485595703,81.3101577758789,57.95537185668945,76.22320556640625,25.978607177734375,32.112709045410156
2020-12-21,61.366573333740234,26.023710250854492,15.475497245788574,101.59683227539062,80.81940460205078,57.33079528808594,75.36212158203125,25.66400718688965,31.942447662353516
2020-12-22,61.89840316772461,25.770002365112305,15.215743064880371,101.28679656982422,80.44258117675781,56.92644119262695,75.03755950927734,25.613540649414062,31.745784759521484
2020-12-23,61.428863525390625,26.195878982543945,15.552605628967285,101.35974884033203,80.8653335571289,57.11572265625,75.19984436035156,25.563066482543945,31.790483474731445
2020-12-24,61.836124420166016,26.232118606567383,15.471437454223633,101.65155792236328,80.87452697753906,57.39962387084961,75.35735321044922,25.743915557861328,31.991592407226562
2020-12-28,62.53564453125,26.35897445678711,15.374032974243164,101.90689086914062,80.97561645507812,57.855567932128906,76.21651458740234,25.857473373413086,31.866456985473633
2020-12-29,62.238590240478516,26.268360137939453,15.272564888000488,102.39020538330078,80.48854064941406,57.68351364135742,76.24037170410156,25.853269577026367,31.790483474731445
2020-12-30,62.20505905151367,26.38615608215332,15.5120267868042,102.37196350097656,81.00321197509766,57.6233024597168,76.69857025146484,25.983654022216797,32.22846603393555
2020-12-31,62.29608917236328,26.712364196777344,15.382146835327148,103.44803619384766,81.3800048828125,58.02762985229492,76.74153137207031,26.370594024658203,32.35361862182617
2021-01-04,61.280338287353516,26.349918365478516,15.40649700164795,103.0011978149414,79.41328430175781,57.39962387084961,76.0923843383789,25.706069946289062,32.04523849487305
2021-01-05,61.67800521850586,26.467708587646484,16.096464157104492,103.74897766113281,80.1944580078125,57.39962387084961,76.660400390625,25.70186424255371,32.76479721069336
2021-01-06,60.614341735839844,27.636594772338867,16.587554931640625,105.17155456542969,82.10602569580078,57.44261932373047,77.44319152832031,26.341148376464844,34.10559844970703
2021-01-07,62.248165130615234,28.035297393798828,16.831079483032227,106.5394515991211,82.5563735961914,57.270572662353516,78.93716430664062,25.99626922607422,34.3603515625
2021-01-08,62.65062713623047,28.017166137695312,16.810781478881836,107.05010986328125,82.35417175292969,57.55448532104492,80.56477355957031,26.21497344970703,34.194976806640625
2021-01-11,62.13316345214844,28.1077823638916,17.0745849609375,107.55166625976562,82.32658386230469,57.064090728759766,79.0612564086914,25.971036911010742,34.194976806640625
2021-01-12,61.836124420166016,28.397735595703125,17.671205520629883,106.38441467285156,83.14452362060547,56.87483215332031,80.26883697509766,25.832242965698242,34.62852096557617
2021-01-13,62.229007720947266,28.379621505737305,17.533212661743164,106.67622375488281,82.4277114868164,56.96085739135742,80.2640609741211,26.336942672729492,34.27543258666992
2021-01-14,61.682804107666016,28.5064754486084,18.052715301513672,106.33880615234375,82.71258544921875,56.659751892089844,79.75333404541016,26.23600196838379,34.15922927856445
2021-01-15,61.05034637451172,28.035297393798828,17.35057258605957,106.6671142578125,81.6373291015625,56.46187973022461,79.13764190673828,26.492565155029297,33.67207336425781
2021-01-19,61.84571075439453,28.1077823638916,17.699613571166992,107.46958923339844,81.90384674072266,56.2123908996582,79.5863037109375,26.391616821289062,33.78828811645508
2021-01-20,63.0722770690918,27.98998260498047,17.764551162719727,108.06233978271484,82.40930938720703,56.315643310546875,81.08982849121094,26.54723358154297,33.90000915527344
2021-01-21,63.88677215576172,27.69096565246582,17.16387939453125,107.55166625976562,81.76598358154297,56.12636184692383,81.46688079833984,26.391616821289062,33.40390396118164
2021-01-22,63.64243698120117,27.491622924804688,17.0745849609375,107.23247528076172,81.34326171875,55.980106353759766,81.19007873535156,26.429471969604492,33.243019104003906
2021-01-25,64.17425537109375,27.292278289794922,16.900068283081055,107.93466186523438,80.79183197021484,56.539306640625,81.49075317382812,26.95940399169922,33.0687141418457
2021-01-26,64.2173843383789,27.074811935424805,16.538850784301758,107.5334243774414,80.04742431640625,57.04689025878906,81.43824768066406,26.69023323059082,32.61284255981445
2021-01-27,63.005184173583984,26.277427673339844,16.315622329711914,104.26876831054688,78.45751190185547,56.08334732055664,78.92759704589844,25.971036911010742,31.651927947998047
2021-01-28,63.26390838623047,26.76673126220703,16.506383895874023,105.79167175292969,79.62467193603516,56.298423767089844,79.17583465576172,26.282262802124023,32.19719314575195
2021-01-29,61.77382278442383,26.232118606567383,15.958470344543457,104.8979721069336,77.90606689453125,55.13700866699219,77.32862091064453,26.139272689819336,31.571475982666016
2021-02-01,63.3214111328125,26.576446533203125,16.072113037109375,105.29924011230469,78.71481323242188,55.188629150390625,79.3381118774414,26.265443801879883,31.942447662353516
2021-02-02,64.17904663085938,27.21978187561035,16.246631622314453,105.60015869140625,80.38743591308594,55.558563232421875,81.02301788330078,26.47994041442871,32.362548828125
2021-02-03,63.958648681640625,27.373828887939453,16.940656661987305,104.85240173339844,80.44258117675781,55.64459991455078,80.5695571899414,26.395824432373047,32.42512512207031
2021-02-04,64.97917938232422,27.980918884277344,17.12735366821289,105.29010772705078,81.30648803710938,56.0489387512207,81.42869567871094,26.60191535949707,32.30892562866211
2021-02-05,64.83546447753906,27.98998260498047,17.27345848083496,105.48160552978516,81.78438568115234,56.573734283447266,82.20671844482422,26.74491310119629,32.86310958862305
2021-02-08,65.51580047607422,28.352436065673828,17.995893478393555,105.60926818847656,82.48284149169922,56.78879928588867,82.67450714111328,26.5388240814209,33.1357536315918
2021-02-09,65.43914794921875,28.361495971679688,17.80514144897461,105.76432037353516,82.69422149658203,56.737178802490234,82.21626281738281,26.576677322387695,32.889930725097656
2021-02-10,65.34333038330078,28.361495971679688,18.14606285095215,105.95581817626953,82.5655288696289,56.676963806152344,81.40483093261719,26.681821823120117,32.85418701171875
2021-02-11,66.06202697753906,28.270883560180664,17.866016387939453,106.15644073486328,82.39093017578125,56.42747116088867,81.18050384521484,26.530412673950195,32.88547134399414
2021-02-12,66.40220642089844,28.560840606689453,18.129825592041016,106.94979095458984,82.9883041381836,56.51350402832031,81.29508209228516,26.336942672729492,33.225135803222656
2021-02-16,66.18659973144531,29.050148010253906,18.58439064025879,105.89198303222656,82.90560150146484,56.41027069091797,80.9418716430664,26.04253387451172,33.16256332397461
2021-02-17,65.60205078125,29.19512367248535,18.860382080078125,106.27497863769531,82.67583465576172,56.61674118041992,81.40962219238281,26.06356430053711,33.14469528198242
2021-02-18,65.28103637695312,29.022960662841797,18.434219360351562,105.60926818847656,82.26227569580078,56.58232498168945,81.43347930908203,26.219179153442383,32.93910598754883
2021-02-19,65.18524169921875,29.367286682128906,18.742677688598633,104.33260345458984,83.61324310302734,55.86827850341797,80.96092987060547,25.82803726196289,33.54247283935547
2021-02-22,63.747840881347656,29.639123916625977,19.39205551147461,104.08636474609375,83.87975311279297,55.919883728027344,79.25218200683594,25.323339462280273,33.67207336425781
2021-02-23,63.570560455322266,29.820341110229492,19.712688446044922,103.91312408447266,84.13710021972656,55.997318267822266,78.73193359375,25.53363037109375,33.78828811645508
2021-02-24,64.543212890625,30.4002628326416,20.410768508911133,104.63353729248047,85.72699737548828,55.96290588378906,79.55767059326172,25.235013961791992,34.083255767822266
2021-02-25,62.28650665283203,29.8475284576416,20.0170841217041,103.58483123779297,84.14628601074219,55.35208511352539,76.59833526611328,25.00790023803711,33.29663848876953
2021-02-26,62.617095947265625,29.276676177978516,19.542226791381836,102.69115447998047,83.2732162475586,54.457374572753906,76.91815185546875,24.545259475708008,32.87206268310547
2021-03-01,64.63421630859375,30.191852569580078,20.04955291748047,104.03166198730469,85.40534210205078,55.007965087890625,78.72237396240234,25.08780860900879,33.7033576965332
2021-03-02,63.60888671875,30.083114624023438,19.939970016479492,103.730712890625,85.15721893310547,54.91333770751953,77.81549835205078,25.012104034423828,33.89107894897461
2021-03-03,62.008609771728516,30.318706512451172,20.232189178466797,102.41755676269531,85.24910736083984,54.65523910522461,75.98738861083984,24.71769905090332,33.555870056152344
2021-03-04,60.638301849365234,29.974382400512695,20.715166091918945,101.04055786132812,83.88896942138672,54.457374572753906,74.37886810302734,24.696672439575195,32.90334701538086
2021-03-05,61.78341293334961,30.545246124267578,21.4903621673584,103.06502532958984,85.87405395507812,55.66178512573242,74.85140991210938,25.100425720214844,33.65866470336914
2021-03-08,60.288536071777344,30.934871673583984,21.530948638916016,102.80967712402344,86.77470397949219,55.902687072753906,74.94210815429688,25.453718185424805,34.110069274902344
2021-03-09,62.33919143676758,30.65397834777832,21.153499603271484,103.41156768798828,86.41627502441406,55.85105895996094,77.77254486083984,25.790180206298828,34.320133209228516
2021-03-10,62.09005355834961,31.279207229614258,21.689233779907227,103.64867401123047,87.69374084472656,56.58232498168945,78.16868591308594,25.966827392578125,34.88772964477539
2021-03-11,63.417236328125,31.188579559326172,21.697345733642578,104.27787017822266,87.758056640625,56.444679260253906,79.36676025390625,25.899538040161133,35.07544708251953
2021-03-12,62.962066650390625,31.505718231201172,21.741994857788086,104.505859375,88.9344253540039,56.90923309326172,79.60061645507812,26.24862289428711,35.169307708740234
2021-03-15,63.632835388183594,31.324504852294922,21.494421005249023,105.22627258300781,89.6788330078125,57.15873718261719,80.66978454589844,26.585084915161133,35.20953369140625
2021-03-16,64.11196899414062,30.998300552368164,20.881568908691406,105.16242980957031,88.4013900756836,57.22755813598633,79.8344955444336,26.618730545043945,34.91901779174805
2021-03-17,64.05927276611328,31.206701278686523,21.043912887573242,104.7794418334961,89.4215087890625,57.141517639160156,80.95616912841797,26.18553352355957,35.23188781738281
2021-03-18,62.281707763671875,31.36980628967285,20.09825897216797,104.56057739257812,89.33877563476562,56.90923309326172,78.97533416748047,26.088796615600586,35.03522872924805
2021-03-19,62.09484100341797,31.007368087768555,20.102310180664062,104.93446350097656,88.6587142944336,57.10711669921875,79.44789123535156,26.16029930114746,34.86091995239258
2021-03-22,63.315818786621094,30.607812881469727,19.909536361694336,105.84770202636719,88.60893249511719,57.70999526977539,79.97088623046875,26.122591018676758,34.882469177246094
2021-03-23,62.92213439941406,30.1800479888916,19.618318557739258,104.7770767211914,87.06021118164062,57.952178955078125,79.22032928466797,26.512409210205078,34.15537643432617
2021-03-24,62.15871047973633,30.289257049560547,20.110517501831055,104.65811157226562,87.69628143310547,57.72727966308594,78.04905700683594,26.520885467529297,34.4022216796875
2021-03-25,62.120296478271484,30.798940658569336,20.18434715270996,105.09732818603516,89.09751892089844,58.28949737548828,78.73271942138672,26.804780960083008,34.900421142578125
2021-03-26,63.69994354248047,31.281312942504883,20.684757232666016,107.08306884765625,90.63703155517578,59.318817138671875,79.38764190673828,26.893762588500977,35.76665115356445
2021-03-29,63.36866760253906,31.008270263671875,20.43865203857422,107.58635711669922,90.65544891357422,59.915611267089844,78.95259857177734,27.181896209716797,35.64545822143555
2021-03-30,62.76848602294922,31.226699829101562,20.26228141784668,106.61637878417969,91.05184936523438,59.27556610107422,79.72708129882812,26.936141967773438,35.542236328125
2021-03-31,63.76715850830078,30.99006462097168,20.12282371520996,106.82685089111328,90.7568588256836,59.08525848388672,80.34854888916016,27.13528823852539,35.3671875
2021-04-01,65.04912567138672,31.372325897216797,20.635536193847656,106.506591796875,91.06106567382812,58.79985046386719,80.99394989013672,27.109867095947266,35.6768798828125
2021-04-05,66.39352416992188,31.618061065673828,20.143335342407227,107.24778747558594,92.18572998046875,59.552345275878906,82.83450317382812,27.406471252441406,36.116722106933594
2021-04-06,66.11023712158203,31.55434226989746,20.090007781982422,106.83599853515625,91.9644775390625,59.803199768066406,83.19306945800781,27.550537109375,36.197513580322266
2021-04-07,66.46075439453125,31.70907211303711,20.159740447998047,106.59808349609375,91.54043579101562,59.65614318847656,82.94445037841797,27.51664161682129,35.57366180419922
2021-04-08,67.4210205078125,31.718170166015625,19.89723014831543,106.76277923583984,91.76168060302734,59.716697692871094,83.33647918701172,27.495452880859375,35.6185302734375
2021-04-09,68.06922149658203,31.991212844848633,19.765974044799805,107.93409729003906,92.6558837890625,59.61288833618164,84.13006591796875,27.46579360961914,35.92822265625
2021-04-12,67.74272155761719,32.12773895263672,19.61011505126953,108.04389190673828,92.99697875976562,59.932926177978516,84.67027282714844,27.491214752197266,36.05388641357422
2021-04-13,68.38130187988281,31.827394485473633,19.63062286376953,108.49229431152344,92.5452651977539,59.61288833618164,85.56425476074219,27.817480087280273,35.9686164855957
2021-04-14,67.65629577636719,32.018531799316406,20.1761417388916,108.48316192626953,92.66510009765625,59.561004638671875,84.7228775024414,27.94036102294922,36.22892761230469
2021-04-15,68.81822967529297,31.991212844848633,20.012081146240234,110.34077453613281,93.03384399414062,60.03672409057617,85.33000183105469,28.249675750732422,36.65530776977539
2021-04-16,68.80382537841797,32.21875,19.85211181640625,111.16436004638672,93.23664093017578,60.38271713256836,85.98973083496094,28.478490829467773,37.09964370727539
2021-04-19,68.2324447631836,32.12773895263672,19.831602096557617,111.19180297851562,92.84944915771484,60.149169921875,85.0240707397461,28.334426879882812,36.92909240722656
2021-04-20,67.62748718261719,31.527050018310547,19.306591033935547,111.62188720703125,91.82621002197266,60.47785568237305,83.95317077636719,28.694591522216797,36.57452392578125
2021-04-21,68.3093032836914,31.96390151977539,19.55268669128418,112.93962860107422,93.07992553710938,60.78057861328125,85.07185363769531,28.453075408935547,37.238773345947266
2021-04-22,67.5074462890625,31.608957290649414,19.322996139526367,112.43631744384766,92.60979461669922,60.330810546875,84.13006591796875,28.249675750732422,36.61042785644531
2021-04-23,68.51573181152344,32.20054626464844,19.499370574951172,113.1775131225586,93.62382507324219,60.17511749267578,85.00970458984375,28.2115478515625,37.21185302734375
2021-04-26,68.86624145507812,32.327964782714844,19.63062286376953,112.7931900024414,93.3472671508789,59.500450134277344,85.38259887695312,28.0505313873291,37.4317741394043
2021-04-27,68.69818878173828,32.582801818847656,19.86852264404297,112.14350128173828,94.12164306640625,59.45721435546875,85.2822036743164,27.83443260192871,37.33302688598633
2021-04-28,68.05960083007812,32.71022033691406,20.553499221801758,111.8049087524414,93.92805480957031,59.500450134277344,85.18181610107422,27.79629898071289,37.43626403808594
2021-04-29,68.00199890136719,33.29270935058594,20.783187866210938,111.35651397705078,94.59178161621094,60.13188171386719,85.2057113647461,28.0505313873291,37.669654846191406
2021-04-30,67.0753402709961,33.00146484375,20.2581787109375,111.02708435058594,93.96492004394531,60.18377685546875,85.53557586669922,28.27086639404297,37.27019119262695
2021-05-03,66.88806915283203,33.16529083251953,20.816007614135742,112.2898941040039,94.9328842163086,60.67680358886719,85.12921905517578,28.266632080078125,37.82673645019531
2021-05-04,65.68772888183594,33.429229736328125,20.82830810546875,112.40886688232422,95.34772491455078,60.36541748046875,84.24002838134766,28.16069793701172,38.23963928222656
2021-05-05,65.52926635742188,33.702274322509766,21.500986099243164,112.61018371582031,95.43989562988281,60.322166442871094,83.97706604003906,27.686126708984375,38.7243766784668
2021-05-06,66.18706512451172,34.20283889770508,21.611732482910156,112.75658416748047,96.10363006591797,61.10062026977539,84.15873718261719,27.89798927307129,39.05202102661133
2021-05-07,66.75362396240234,34.38486099243164,21.997289657592773,113.53439331054688,97.11766815185547,61.10062026977539,84.91407775878906,27.98273468017578,39.438011169433594
2021-05-10,65.0683822631836,34.35757064819336,22.0054931640625,113.68081665039062,97.20984649658203,61.56770324707031,83.40340423583984,28.266632080078125,39.262962341308594
2021-05-11,64.87147521972656,33.747772216796875,21.439462661743164,112.45462036132812,95.77178955078125,61.03144454956055,82.46163940429688,27.919178009033203,39.39311981201172
2021-05-12,63.04697036743164,33.40192794799805,21.54200553894043,111.39311981201172,93.47632598876953,60.218360900878906,79.66971588134766,27.266645431518555,38.40122604370117
2021-05-13,63.88240051269531,33.93890380859375,21.279499053955078,112.39971160888672,95.2278823852539,61.06602478027344,80.23381805419922,27.79205894470215,38.98918533325195
2021-05-14,65.28919219970703,34.475894927978516,21.939865112304688,112.96707916259766,96.5461196899414,61.33415985107422,81.62500762939453,27.927658081054688,39.455955505371094
2021-05-17,64.80906677246094,34.539588928222656,22.448471069335938,112.75658416748047,96.25113677978516,61.247676849365234,81.4767837524414,27.698843002319336,39.80155944824219
2021-05-18,64.29051208496094,34.057220458984375,21.92755889892578,112.7931900024414,94.84991455078125,61.057373046875,80.84097290039062,27.694604873657227,39.36171340942383
2021-05-19,64.51617431640625,33.847900390625,21.382038116455078,112.60103607177734,94.31523132324219,60.85843276977539,80.1621322631836,27.64798927307129,38.76028823852539
2021-05-20,65.75013732910156,33.866085052490234,21.34922981262207,113.78147888183594,94.5272445678711,61.420654296875,80.98440551757812,27.889514923095703,38.78273391723633
2021-05-21,65.3900375366211,34.20283889770508,21.39434051513672,113.79979705810547,94.9881820678711,61.4293212890625,80.57803344726562,28.033586502075195,38.868003845214844
2021-05-24,66.55198669433594,34.366668701171875,21.607637405395508,113.90959930419922,95.57819366455078,61.6109504699707,81.37641906738281,27.98273468017578,39.21360397338867
2021-05-25,66.5711669921875,34.020816802978516,21.168750762939453,113.57102966308594,95.29238891601562,61.62823486328125,81.63455963134766,27.64375877380371,38.881473541259766
2021-05-26,66.56636047363281,34.120941162109375,21.35742950439453,112.91217041015625,95.59661102294922,61.498504638671875,82.41381072998047,27.64798927307129,38.894935607910156
2021-05-27,66.21587371826172,34.51228713989258,21.37383460998535,112.66507720947266,96.9056396484375,61.1179313659668,82.7436752319336,27.461551666259766,39.20462417602539
2021-05-28,66.45113372802734,34.57600784301758,21.414854049682617,113.10432434082031,96.9056396484375,61.247676849365234,82.6289291381836,27.6098575592041,39.16423416137695
2021-06-01,66.12464141845703,34.78533172607422,22.239288330078125,111.24669647216797,97.28360748291016,61.04008865356445,82.4711685180664,27.440364837646484,39.711788177490234
2021-06-02,66.58077239990234,34.839935302734375,22.653560638427734,111.02708435058594,97.0070571899414,61.26496124267578,82.08872985839844,27.584430694580078,39.37965393066406
2021-06-03,65.96141052246094,34.921844482421875,22.715085983276367,111.36566162109375,96.79499816894531,61.64555740356445,81.11345672607422,27.74968719482422,39.370689392089844
2021-06-04,67.22895812988281,35.01285934448242,22.86684226989746,111.7225341796875,97.10845947265625,61.861785888671875,81.76363372802734,27.707311630249023,39.455955505371094
2021-06-07,67.2145767211914,34.78533172607422,22.768404006958008,112.12518310546875,96.43550872802734,61.75798797607422,81.76363372802734,27.758161544799805,38.97572708129883
2021-06-08,67.21935272216797,34.694313049316406,22.96528434753418,111.77745056152344,96.68440246582031,61.23902130126953,82.4233627319336,27.5208740234375,39.04753494262695
2021-06-09,67.26739501953125,34.366668701171875,22.821725845336914,112.85725402832031,95.6980209350586,60.944923400878906,81.96920776367188,27.766639709472656,38.74232864379883
2021-06-10,67.7619400024414,33.96620178222656,22.793018341064453,114.78809356689453,95.2278823852539,61.32551574707031,82.3564224243164,27.948837280273438,38.50895309448242
2021-06-11,68.16525268554688,34.18463897705078,22.715085983276367,113.9736328125,95.42144775390625,61.360111236572266,82.80583190917969,28.012399673461914,38.65256881713867
2021-06-14,68.85662841796875,33.829689025878906,22.61664581298828,114.07431030273438,94.9881820678711,61.32551574707031,82.8297119140625,28.071718215942383,38.176815032958984
2021-06-15,68.43409729003906,33.893394470214844,23.047319412231445,114.11090850830078,95.393798828125,61.17848587036133,82.389892578125,28.15645980834961,38.096031188964844
2021-06-16,68.06441497802734,33.856998443603516,22.924264907836914,113.67167663574219,94.49040222167969,60.36541748046875,82.42813873291016,27.732736587524414,37.67414474487305
2021-06-17,68.85181427001953,32.85585021972656,22.144943237304688,114.541015625,93.03384399414062,60.5816535949707,82.7388916015625,27.885278701782227,36.834835052490234
2021-06-18,68.22285461425781,32.06401443481445,21.488683700561523,113.2324447631836,91.82621002197266,59.50910568237305,82.30386352539062,27.160709381103516,36.23790740966797
2021-06-21,68.95401763916016,32.81238555908203,22.404420852661133,114.59298706054688,93.84591674804688,60.191646575927734,82.93824768066406,27.5125732421875,36.9902458190918
2021-06-22,69.5793228149414,32.86721420288086,22.553586959838867,114.84101104736328,93.94762420654297,60.278690338134766,83.7186279296875,27.34603500366211,37.138999938964844
2021-06-23,69.50234985351562,32.931175231933594,22.615741729736328,114.36329650878906,93.73493194580078,59.90435028076172,84.36498260498047,27.055662155151367,36.90009307861328
2021-06-24,69.94007873535156,33.342350006103516,22.810489654541016,114.95123291015625,94.46551513671875,60.20033264160156,84.6522216796875,27.030040740966797,37.01729202270508
2021-06-25,69.85830688476562,33.74439239501953,22.93065071105957,115.47486877441406,94.65045166015625,60.661739349365234,85.18846893310547,27.320415496826172,37.02178955078125
2021-06-28,70.58946228027344,33.497684478759766,22.155803680419922,115.6494140625,94.15108489990234,60.713985443115234,85.20762634277344,27.495492935180664,37.02178955078125
2021-06-29,71.10415649414062,33.3788948059082,22.04806900024414,115.77800750732422,93.96615600585938,60.4441032409668,85.41826629638672,27.0513916015625,37.003761291503906
2021-06-30,71.02718353271484,33.525108337402344,22.321544647216797,115.70452880859375,94.69670104980469,60.91421890258789,85.48530578613281,27.000154495239258,37.102935791015625
2021-07-01,71.1474380493164,33.790077209472656,22.711040496826172,116.7334213256836,95.37177276611328,60.731388092041016,85.96887969970703,27.29479217529297,37.305782318115234
2021-07-02,72.0854263305664,33.75352096557617,22.661319732666016,117.85417938232422,95.51976013183594,60.87939453125,86.72533416748047,27.337491989135742,37.35986328125
2021-07-06,72.35958862304688,33.22356033325195,21.92375946044922,117.74394989013672,94.60424041748047,60.626914978027344,86.82588195800781,27.452791213989258,36.80542755126953
2021-07-07,72.75403594970703,33.26924514770508,21.567413330078125,118.488037109375,95.54749298095703,60.94903564453125,86.77803039550781,27.63213348388672,37.18859100341797
2021-07-08,72.06620025634766,32.60221862792969,21.443098068237305,117.83580780029297,94.21582794189453,60.72268295288086,86.56256866455078,27.55100440979004,36.683719635009766
2021-07-09,72.72998809814453,33.54336166381836,21.898895263671875,118.24002838134766,95.70472717285156,61.070919036865234,87.3717041015625,27.58516502380371,37.404945373535156
2021-07-12,72.78771209716797,33.872318267822266,21.86574935913086,118.4697036743164,95.83417510986328,60.97514724731445,87.97016143798828,27.674837112426758,37.52666473388672
2021-07-13,73.0859603881836,33.506813049316406,21.70000457763672,118.35944366455078,94.90943145751953,60.95773696899414,86.91683959960938,27.46559715270996,37.1840705871582
2021-07-14,73.62469482421875,33.35148620605469,21.053606033325195,118.24921417236328,94.90016174316406,61.497501373291016,86.75886535644531,27.70472526550293,37.10744094848633
2021-07-15,73.01860809326172,33.46113967895508,20.759410858154297,117.83580780029297,95.08512878417969,61.749969482421875,86.2896499633789,28.016448974609375,37.11195373535156
2021-07-16,72.29710388183594,33.00426483154297,20.171022415161133,118.15734100341797,94.24356079101562,61.845726013183594,85.22677612304688,28.29827308654785,36.55299758911133
2021-07-19,71.30136108398438,32.081398010253906,19.458322525024414,116.91716766357422,92.2738037109375,61.66291046142578,84.25006866455078,27.849912643432617,35.768653869628906
2021-07-20,72.35958862304688,32.8763427734375,19.71936798095703,118.34107971191406,94.85391235351562,61.680320739746094,85.80609130859375,27.9694766998291,36.17435073852539
2021-07-21,73.05709075927734,33.44285583496094,20.407203674316406,118.53399658203125,95.76019287109375,61.52361297607422,86.59607696533203,27.662025451660156,36.571022033691406
2021-07-22,73.59583282470703,33.07736587524414,20.179304122924805,119.4067153930664,95.40876007080078,61.41914749145508,86.96949768066406,27.70472526550293,36.58454895019531
2021-07-23,74.32698822021484,33.1321907043457,20.10471534729004,120.78468322753906,95.8156967163086,62.15913009643555,87.74514770507812,28.059152603149414,36.841487884521484
2021-07-26,74.28850555419922,33.324066162109375,20.601951599121094,120.00384521484375,95.76944732666016,62.26359558105469,88.3962631225586,28.067691802978516,37.15251541137695
2021-07-27,73.58621215820312,33.31494140625,20.411344528198242,120.56421661376953,95.24231719970703,62.394195556640625,87.50094604492188,28.550214767456055,37.20210647583008
2021-07-28,73.49480438232422,33.26924514770508,20.597806930541992,120.9959716796875,95.02037048339844,61.845726013183594,87.21846771240234,28.332443237304688,37.31028747558594
2021-07-29,73.83633422851562,33.63475036621094,20.79669952392578,121.28995513916016,95.76944732666016,62.15044021606445,88.1999740600586,28.409297943115234,37.72049331665039
2021-07-30,73.7882308959961,33.36975860595703,20.465213775634766,121.40019989013672,95.5844955444336,62.25489044189453,86.38538360595703,28.1701717376709,37.87375259399414
2021-08-02,73.523681640625,33.3788948059082,20.311899185180664,121.56555938720703,94.92790222167969,61.99372482299805,86.63436889648438,28.387954711914062,37.41395950317383
2021-08-03,73.99507141113281,33.75352096557617,20.659961700439453,123.25589752197266,96.1670913696289,62.27231979370117,87.27593994140625,28.550214767456055,37.801631927490234
2021-08-04,74.14417266845703,33.47026443481445,20.100576400756836,122.73226165771484,94.86316680908203,61.46267318725586,86.42849731445312,28.507518768310547,37.441009521484375
2021-08-05,74.55306243896484,33.90887451171875,20.328474044799805,122.22698974609375,95.30706787109375,61.7586784362793,87.25675964355469,28.81923484802246,37.38691329956055
2021-08-06,74.49051666259766,34.59417724609375,20.514936447143555,122.12594604492188,95.75094604492188,61.7586784362793,86.6630859375,28.80215835571289,37.9278450012207
2021-08-09,74.25,34.68553924560547,20.22488784790039,122.59443664550781,95.37177276611328,61.98501205444336,86.54340362548828,28.793621063232422,37.88277816772461
2021-08-10,73.7160873413086,35.05104064941406,20.581235885620117,122.30966186523438,96.34280395507812,62.42900848388672,86.88335418701172,28.823511123657227,38.455257415771484
2021-08-11,73.7257080078125,35.45307922363281,20.74283790588379,121.09703826904297,97.59124755859375,62.63794708251953,87.13710021972656,29.0925235748291,38.99616622924805
2021-08-12,74.14900970458984,35.517051696777344,20.72211456298828,122.05241394042969,97.40629577636719,62.60313415527344,87.17538452148438,29.12241554260254,38.93305969238281
2021-08-13,74.55306243896484,35.25206756591797,20.477645874023438,122.81494140625,97.10111236572266,63.12548065185547,86.92642211914062,29.32738494873047,38.9691276550293
2021-08-16,74.88976287841797,35.16069030761719,20.100576400756836,124.21128845214844,97.43402099609375,63.491111755371094,86.52425384521484,29.506732940673828,38.77529525756836
2021-08-17,74.26925659179688,34.91397476196289,19.89339828491211,125.68109893798828,96.37979888916016,63.52595138549805,84.47032165527344,29.523805618286133,38.32902526855469
2021-08-18,73.24467468261719,34.484527587890625,19.479034423828125,123.7702865600586,95.32554626464844,62.733699798583984,84.77191925048828,29.374353408813477,37.88277816772461
2021-08-19,73.96138763427734,34.22867965698242,18.97351837158203,124.3306884765625,94.65971374511719,63.2386589050293,84.23091888427734,29.49391746520996,37.5446891784668
2021-08-20,74.91382598876953,34.438838958740234,19.014957427978516,125.03804016113281,94.90943145751953,63.3431396484375,85.04004669189453,29.86115264892578,37.76555633544922
2021-08-23,75.88066101074219,34.722084045410156,19.727659225463867,125.083984375,95.68621063232422,63.14289093017578,86.1364517211914,29.476844787597656,38.09012222290039
2021-08-24,75.79407501220703,34.9322509765625,20.054994583129883,124.6430435180664,96.1670913696289,62.664085388183594,86.74447631835938,29.284677505493164,38.32902526855469
2021-08-25,75.75077819824219,35.34344482421875,20.208309173583984,124.30313873291016,96.78669738769531,62.55959701538086,87.07962799072266,29.340200424194336,38.50482177734375
2021-08-26,75.27458953857422,35.169830322265625,19.901683807373047,123.8162612915039,96.36128997802734,62.27231979370117,86.27528381347656,29.267601013183594,38.23888397216797
2021-08-27,76.00091552734375,35.63583755493164,20.432065963745117,123.67842864990234,97.02713012695312,62.48994445800781,87.06047821044922,29.259056091308594,38.743736267089844
2021-08-30,76.81864929199219,35.133277893066406,20.191734313964844,124.37660217285156,96.9161605834961,62.76853942871094,87.71641540527344,29.301761627197266,38.70317459106445
2021-08-31,76.41458892822266,35.08759307861328,20.054994583129883,124.21128845214844,96.6479721069336,62.9078369140625,87.92706298828125,29.267601013183594,38.59048080444336
2021-09-01,76.43384552001953,34.88656234741211,19.76080322265625,124.24800872802734,96.27806091308594,63.2386589050293,87.9222640991211,29.651920318603516,38.491302490234375
2021-09-02,76.35205841064453,35.00535583496094,20.262178421020508,125.58006286621094,97.31382751464844,63.48241424560547,87.91748809814453,29.920934677124023,38.73923873901367
2021-09-03,76.65512084960938,34.78605651855469,20.146160125732422,125.71786499023438,96.72195434570312,63.404048919677734,87.86483001708984,29.673267364501953,38.4822998046875
2021-09-07,76.6743392944336,34.57590866088867,20.02599334716797,124.9829330444336,95.04812622070312,62.67276382446289,88.12334442138672,29.280410766601562,38.229854583740234
2021-09-08,76.38093566894531,34.49366760253906,19.76909065246582,124.92784118652344,95.17760467529297,63.21253204345703,88.2238998413086,29.80564308166504,37.864749908447266
2021-09-09,76.0923080444336,34.59417724609375,19.810527801513672,123.48554229736328,94.71519470214844,62.84690475463867,88.10901641845703,29.64337921142578,37.878257751464844
2021-09-10,75.3419418334961,34.33831787109375,19.8022403717041,122.35562133789062,94.28981018066406,62.577003479003906,87.56797790527344,29.22916603088379,37.8692512512207
2021-09-13,75.36597442626953,34.73122024536133,20.369909286499023,121.602294921875,94.53951263427734,62.733699798583984,87.78343963623047,29.177932739257812,37.860233306884766
2021-09-14,75.269775390625,34.265220642089844,20.07571792602539,121.58390808105469,93.40203857421875,62.44643020629883,87.49138641357422,29.0797119140625,37.445518493652344
2021-09-15,75.92877960205078,34.59417724609375,20.825706481933594,122.37394714355469,94.42852783203125,62.67276382446289,88.05633544921875,29.041284561157227,37.842193603515625
2021-09-16,75.9720687866211,34.49366760253906,20.589519500732422,122.06160736083984,93.78118133544922,62.46384048461914,88.45851135253906,28.797882080078125,37.432003021240234
2021-09-17,74.78876495361328,34.33831787109375,20.43621253967285,122.18103790283203,92.78244018554688,62.12431716918945,88.14730834960938,28.353790283203125,36.66118621826172
2021-09-20,73.42652893066406,33.54176712036133,19.812149047851562,120.90604400634766,91.71827697753906,61.50409698486328,86.13582611083984,28.30173110961914,35.95670700073242
2021-09-21,73.45542907714844,33.495880126953125,19.858280181884766,121.09046173095703,91.23584747314453,61.434017181396484,86.26530456542969,28.224285125732422,35.870697021484375
2021-09-22,74.46253204345703,34.055667877197266,20.470600128173828,121.29328918457031,91.95951080322266,61.60922622680664,87.4400405883789,28.207069396972656,36.241943359375
2021-09-23,75.45999145507812,34.890777587890625,21.187761306762695,122.16905975341797,93.36969757080078,61.83699417114258,88.32711029052734,28.056488037109375,36.75806427001953
2021-09-24,75.51300811767578,35.074317932128906,21.347129821777344,121.6712417602539,93.56452941894531,61.86326217651367,88.657958984375,28.0263729095459,36.7037467956543
2021-09-27,74.78056335449219,35.551517486572266,22.10623550415039,119.9381103515625,93.65730285644531,61.582950592041016,89.13265991210938,27.695079803466797,36.988956451416016
2021-09-28,72.56398010253906,34.96419143676758,22.181726455688477,117.88227081298828,92.57182312011719,60.85585403442383,87.41606903076172,27.34657859802246,36.53169250488281
2021-09-29,72.47242736816406,34.99172592163086,22.181726455688477,118.81339263916016,92.67388153076172,61.407745361328125,87.50240325927734,27.70368766784668,36.38228988647461
2021-09-30,71.9520263671875,34.441104888916016,21.846214294433594,117.35679626464844,90.77196502685547,60.30397415161133,86.04473876953125,27.48426055908203,35.816368103027344
2021-10-01,73.03622436523438,35.01007080078125,22.58014678955078,117.38442993164062,92.0151596069336,60.461666107177734,86.69205474853516,27.48426055908203,36.38682174682617
2021-10-04,71.34485626220703,34.707237243652344,22.949216842651367,115.59597778320312,91.51417541503906,60.268951416015625,86.0063705444336,27.86287498474121,36.228355407714844
2021-10-05,72.36161041259766,35.38633346557617,23.08342170715332,116.28738403320312,92.53472900390625,60.57553482055664,86.35160827636719,27.794042587280273,36.549808502197266
2021-10-06,72.8338394165039,35.42304229736328,22.84016990661621,116.07537078857422,92.94293212890625,61.162471771240234,86.62492370605469,28.224285125732422,36.481895446777344
2021-10-07,73.49879455566406,35.63410949707031,23.016319274902344,117.61490631103516,93.66658782958984,61.434017181396484,87.97228240966797,28.073694229125977,36.957275390625
2021-10-08,73.2241439819336,35.8084831237793,23.7250919342041,117.02490234375,93.65730285644531,61.36394500732422,87.56951904296875,27.8671817779541,36.75354766845703
2021-10-11,72.81936645507812,35.4505729675293,23.637020111083984,116.11223602294922,92.90581512451172,61.34641647338867,87.21469116210938,27.488563537597656,36.75806427001953
2021-10-12,72.4435043334961,35.34044647216797,23.657987594604492,115.54986572265625,92.59966278076172,61.37269973754883,87.90516662597656,27.673568725585938,36.80786895751953
2021-10-13,72.88683319091797,35.138545989990234,23.637020111083984,115.7342529296875,92.79447937011719,61.48659133911133,88.33670043945312,27.99625587463379,37.08403778076172
2021-10-14,74.52999114990234,35.72588348388672,23.92639923095703,117.39366149902344,94.54795837402344,62.17863464355469,89.26212310791016,28.340452194213867,37.9849967956543
2021-10-15,75.12751007080078,36.25813293457031,24.043832778930664,117.97444915771484,95.4571533203125,62.02970886230469,90.628662109375,28.25870704650879,38.09818649291992
2021-10-18,75.76355743408203,36.26731872558594,24.060609817504883,117.17240142822266,95.52210235595703,61.66177749633789,91.73631286621094,27.987648010253906,38.071022033691406
2021-10-19,76.51527404785156,36.62522506713867,24.333213806152344,118.71196746826172,96.08804321289062,61.68806457519531,91.47737884521484,28.340452194213867,38.27022171020508
2021-10-20,76.30326080322266,36.918880462646484,24.53032875061035,120.40824890136719,96.69107818603516,62.04722213745117,91.41024780273438,28.787912368774414,38.57808303833008
2021-10-21,76.59718322753906,36.762882232666016,24.077383041381836,120.89684295654297,96.88589477539062,61.9683837890625,92.7528305053711,28.787912368774414,38.478477478027344
2021-10-22,76.3321762084961,37.27677917480469,24.303855895996094,121.38545227050781,97.22919464111328,62.45018768310547,92.42198944091797,28.934194564819336,38.40604019165039
2021-10-25,76.58272552490234,37.23090362548828,24.660337448120117,121.5329360961914,97.45182800292969,62.4063835144043,94.71395111083984,28.809419631958008,38.7908821105957
2021-10-26,76.79956817626953,37.25843811035156,24.802932739257812,122.13218688964844,96.84879302978516,62.62538146972656,94.72832489013672,28.964313507080078,38.8995361328125
2021-10-27,76.73210906982422,36.643577575683594,24.089963912963867,121.16419982910156,95.71692657470703,62.257469177246094,94.9393081665039,28.770700454711914,38.34265899658203
2021-10-28,77.50309753417969,37.09324645996094,24.26191520690918,122.17826843261719,96.91374206542969,62.47645950317383,96.20035552978516,28.96000862121582,38.72296142578125
2021-10-29,77.8355941772461,36.946414947509766,24.10255241394043,123.36750793457031,96.94158935546875,62.41513442993164,96.44970703125,28.787912368774414,38.53733825683594
2021-11-01,77.71993255615234,36.96477127075195,24.517742156982422,123.22002410888672,97.21061706542969,62.511505126953125,98.218994140625,28.891172409057617,38.62788391113281
2021-11-02,78.40419006347656,37.056541442871094,24.287084579467773,123.9944076538086,97.53534698486328,62.931976318359375,97.55733489990234,28.916988372802734,39.06704330444336
2021-11-03,78.86196899414062,37.19419479370117,24.085771560668945,124.72268676757812,97.32195281982422,63.518917083740234,99.312255859375,28.809419631958008,39.47451400756836
2021-11-04,80.09555053710938,36.70781326293945,24.119321823120117,123.86538696289062,97.71162414550781,63.58022689819336,100.6500473022461,28.650232315063477,39.45187759399414
2021-11-05,80.50991821289062,36.72616958618164,24.433870315551758,122.48248291015625,98.70430755615234,63.94816207885742,101.29736328125,28.92129135131836,39.75973892211914
2021-11-08,80.9435806274414,36.92806625366211,24.65614891052246,123.21076965332031,99.112548828125,63.44007110595703,99.86368560791016,28.491039276123047,40.25776290893555
2021-11-09,80.61112213134766,36.72616958618164,24.756799697875977,122.75906372070312,99.3630142211914,63.659061431884766,98.01763153076172,28.637331008911133,40.443382263183594
2021-11-10,79.28116607666016,36.66193389892578,24.10255241394043,123.109375,98.80638122558594,63.85178756713867,97.65324401855469,28.869665145874023,40.167213439941406
2021-11-11,79.65220642089844,36.762882232666016,24.194812774658203,122.74983215332031,98.3981704711914,63.80796813964844,97.3895034790039,28.693260192871094,40.48866271972656
2021-11-12,80.62075805664062,36.84547424316406,24.13609504699707,123.35829162597656,99.1774673461914,63.80796813964844,97.7155532836914,28.67604637145996,40.791988372802734
2021-11-15,80.53884887695312,36.84547424316406,24.3374080657959,122.59312438964844,99.3630142211914,64.11458587646484,97.6340560913086,29.05466651916504,40.60637283325195
2021-11-16,81.38694763183594,36.80876159667969,24.375152587890625,123.109375,99.38157653808594,63.711631774902344,99.17321014404297,28.916988372802734,40.49319076538086
2021-11-17,81.14115142822266,36.38662338256836,24.001893997192383,123.28456115722656,98.78779602050781,63.57147216796875,99.80611419677734,28.94280242919922,40.22605514526367
2021-11-18,81.9507064819336,36.20308303833008,23.859298706054688,123.33063507080078,98.58372497558594,63.34369659423828,100.93772888183594,28.792217254638672,40.054019927978516
2021-11-19,82.54822540283203,35.8084831237793,22.92824363708496,122.58392333984375,98.09200286865234,63.1159553527832,101.37406921386719,28.95570945739746,39.981590270996094
2021-11-22,81.62786102294922,36.31320571899414,23.335060119628906,122.03077697753906,98.36104583740234,63.61528015136719,101.11993408203125,29.13210105895996,40.04496765136719
2021-11-23,81.43991088867188,36.88218307495117,24.052223205566406,122.15982055664062,98.52803039550781,64.0357666015625,100.38632202148438,29.16222381591797,40.08571243286133
2021-11-24,82.03263854980469,36.799583435058594,24.287084579467773,122.11373901367188,98.41671752929688,63.843040466308594,100.59249877929688,29.179441452026367,39.80048751831055
2021-11-26,79.98471069335938,35.579044342041016,23.30989646911621,121.66203308105469,95.75404357910156,63.0371208190918,97.84981536865234,28.723377227783203,39.116851806640625
2021-11-29,81.98444366455078,35.68917465209961,23.444101333618164,121.99390411376953,95.92102813720703,63.194786071777344,99.36978912353516,29.14931869506836,39.297943115234375
2021-11-30,81.30017852783203,34.83570861816406,22.894691467285156,119.59696960449219,93.49031066894531,61.574188232421875,98.02723693847656,28.297428131103516,38.32455825805664
2021-12-01,80.18708801269531,34.45028305053711,22.651443481445312,119.38494873046875,92.19145965576172,61.27634048461914,96.25789642333984,28.349056243896484,37.93519973754883
2021-12-02,80.9243392944336,35.47809982299805,23.30989646911621,119.96576690673828,94.92835235595703,61.92457962036133,97.62926483154297,28.71047019958496,38.70938491821289
2021-12-03,79.5702896118164,34.89996337890625,23.1253604888916,120.1869888305664,94.81700897216797,62.69546890258789,95.7304458618164,28.998735427856445,38.623355865478516
2021-12-06,80.32683563232422,35.432220458984375,23.46925926208496,120.86920928955078,96.42203521728516,63.79922103881836,96.82369995117188,29.441890716552734,39.18928909301758
2021-12-07,83.13127899169922,36.0654296875,24.018665313720703,122.42719268798828,97.40544891357422,63.93938446044922,99.08209991455078,29.661317825317383,39.786895751953125
2021-12-08,83.51195526123047,35.872703552246094,24.01447296142578,123.34906005859375,97.64667510986328,63.737918853759766,99.33142852783203,29.63119888305664,39.95442199707031
2021-12-09,82.61087036132812,35.79928970336914,23.829940795898438,123.6348876953125,97.34051513671875,63.91310501098633,97.61006927490234,29.592470169067383,39.73257827758789
2021-12-10,84.26847076416016,35.83599853515625,24.006088256835938,124.06814575195312,97.73944091796875,64.99059295654297,98.29095458984375,29.751667022705078,39.9770622253418
2021-12-13,83.01563262939453,35.4505729675293,23.339248657226562,125.23896789550781,96.72819519042969,65.84031677246094,95.75923919677734,30.11737823486328,39.73709487915039
2021-12-14,81.6519546508789,35.66163635253906,23.242788314819336,124.73194885253906,95.80970001220703,65.8841323852539,95.20303344726562,29.936674118041992,39.69636535644531
2021-12-15,83.8155288696289,35.76259231567383,23.12955665588379,127.28556060791016,96.6446762084961,66.54988098144531,96.41133117675781,30.427160263061523,39.782379150390625
2021-12-16,81.43991088867188,36.21225357055664,23.276342391967773,128.04147338867188,96.69107818603516,67.02291870117188,94.28238677978516,30.582046508789062,40.189849853515625
2021-12-17,80.89542388916016,35.413856506347656,22.802425384521484,127.14722442626953,95.03966522216797,65.87535858154297,93.6398696899414,30.121675491333008,39.68730545043945
2021-12-20,79.93324279785156,34.725982666015625,22.519914627075195,126.37731170654297,93.5170669555664,65.89476013183594,92.128173828125,30.150299072265625,38.978355407714844
2021-12-21,81.95608520507812,35.445213317871094,23.161409378051758,126.90482330322266,95.37958526611328,65.80655670166016,94.51481628417969,30.1069393157959,39.46978759765625
2021-12-22,83.02784729003906,35.6111946105957,23.310094833374023,128.38551330566406,95.6496353149414,66.22109985351562,96.23876953125,30.237031936645508,39.78376388549805
2021-12-23,83.49131774902344,35.79561233520508,23.32283592224121,128.9130096435547,96.7764663696289,66.37103271484375,97.57376861572266,30.232696533203125,40.184200286865234
2021-12-27,85.28240203857422,36.1644401550293,23.832624435424805,130.27340698242188,97.80085754394531,67.07665252685547,98.52457427978516,30.380125045776367,40.789398193359375
2021-12-28,84.8382568359375,36.182884216308594,23.815631866455078,129.9309539794922,98.2944107055664,67.45591735839844,98.56778717041016,30.653308868408203,41.02601623535156
2021-12-29,84.91068267822266,36.136783599853516,23.662694931030273,130.6713409423828,98.47135925292969,67.76461029052734,98.76468658447266,30.818092346191406,41.19438171386719
2021-12-30,84.35064697265625,36.07223892211914,23.51825523376465,130.93971252441406,98.11747741699219,67.55292510986328,98.4093246459961,30.93083381652832,41.04877471923828
2021-12-31,83.94029235839844,36.007686614990234,23.57773208618164,130.38441467285156,98.53654479980469,68.0115737915039,98.17403411865234,31.039241790771484,41.230777740478516
2022-01-03,84.73688507080078,36.45029067993164,24.308429718017578,129.04258728027344,97.72634887695312,68.00274658203125,100.99284362792969,30.731372833251953,40.69384002685547
2022-01-04,83.83891296386719,37.40926742553711,25.149578094482422,127.33975982666016,99.69132232666016,68.46139526367188,100.3781967163086,30.635969161987305,41.19438171386719
2022-01-05,81.26089477539062,36.97588348388672,25.145326614379883,126.432861328125,98.74141693115234,68.399658203125,97.6698226928711,30.61861801147461,41.1898307800293
2022-01-06,80.85055541992188,37.519927978515625,25.706100463867188,124.97066497802734,99.19774627685547,68.21441650390625,97.41529083251953,30.302064895629883,40.67109298706055
2022-01-07,80.1070327758789,37.962520599365234,26.058704376220703,124.33209991455078,99.16981506347656,68.28498077392578,95.79219055175781,30.53190040588379,40.63468551635742
2022-01-10,80.12152862548828,37.833431243896484,25.977989196777344,125.60918426513672,98.05229949951172,67.74696350097656,95.20631408691406,30.332426071166992,40.220603942871094
2022-01-11,81.0822525024414,38.165382385253906,26.861618041992188,126.60867309570312,98.63900756835938,67.66758728027344,96.12353515625,30.05923843383789,40.661991119384766
2022-01-12,81.463623046875,38.19304656982422,26.91259765625,126.24771881103516,98.95562744140625,67.69406127929688,96.75739288330078,30.154640197753906,41.0715217590332
2022-01-13,79.35391998291016,38.045509338378906,26.776655197143555,124.28583526611328,99.16981506347656,67.81755065917969,94.81255340576172,30.302064895629883,40.752994537353516
2022-01-14,80.02498626708984,37.649017333984375,27.405393600463867,124.07298278808594,98.57379913330078,67.9410171508789,94.37076568603516,30.093931198120117,40.40716552734375
2022-01-18,78.103515625,36.809913635253906,27.515850067138672,122.33316040039062,97.43765258789062,66.96198272705078,92.58438110351562,29.734012603759766,39.87477493286133
2022-01-19,77.01244354248047,36.19211196899414,27.31618309020996,121.83341979980469,96.34808349609375,67.3853530883789,90.91327667236328,29.86844253540039,39.7746696472168
2022-01-20,76.01793670654297,35.961585998535156,27.065536499023438,121.03755187988281,95.11884307861328,66.94435119628906,89.25650787353516,29.907466888427734,39.196773529052734
2022-01-21,74.5068588256836,35.223915100097656,26.530256271362305,119.81597900390625,94.2434310913086,66.99728393554688,86.63938903808594,29.85110092163086,38.24119567871094
2022-01-24,74.89306640625,35.32534408569336,26.70868492126465,119.41803741455078,94.7835693359375,66.7767562866211,87.68143463134766,29.564897537231445,38.263946533203125
2022-01-25,73.15990447998047,35.47287368774414,27.74525260925293,118.64994049072266,93.8523178100586,66.03589630126953,86.19759368896484,29.100910186767578,37.918128967285156
2022-01-26,73.58956146240234,35.565086364746094,27.69852638244629,118.0298843383789,93.03282165527344,65.53314208984375,85.77981567382812,28.862422943115234,37.522239685058594
2022-01-27,73.08267211914062,35.24235534667969,28.000150680541992,118.33528900146484,92.20398712158203,65.9741439819336,83.70049285888672,29.11826515197754,37.64965057373047
2022-01-28,76.27863311767578,35.703399658203125,27.881195068359375,120.75066375732422,92.84654998779297,66.75032043457031,85.52530670166016,29.469501495361328,37.868072509765625
2022-01-31,78.19526672363281,36.01692199707031,28.004396438598633,121.44473266601562,93.81505584716797,67.00608825683594,88.81475067138672,30.02888298034668,38.42775344848633
2022-02-01,78.39802551269531,36.51484298706055,29.002727508544922,121.76866149902344,95.10950469970703,66.94435119628906,89.3525619506836,29.62994384765625,39.019317626953125
2022-02-02,79.03529357910156,36.76380157470703,29.096193313598633,123.40666961669922,95.77069091796875,67.74696350097656,88.8195571899414,30.067907333374023,39.142173767089844
2022-02-03,76.7420883178711,36.35808563232422,28.820058822631836,122.87916564941406,94.2434310913086,67.76461029052734,86.10155487060547,29.93349266052246,38.45961380004883
2022-02-04,77.05107879638672,36.97588348388672,29.270376205444336,122.4349365234375,93.2283706665039,66.9355239868164,88.55061340332031,29.694992065429688,37.822574615478516
2022-02-07,76.5393295288086,37.0865364074707,29.644222259521484,122.22209930419922,93.3028793334961,67.05902099609375,88.36814880371094,29.651626586914062,37.635990142822266
2022-02-08,77.48558807373047,37.60291290283203,29.006980895996094,123.22156524658203,94.23414611816406,67.31480407714844,89.61190032958984,29.673307418823242,38.21845245361328
2022-02-09,79.2042465209961,37.84265899658203,29.249134063720703,124.17475891113281,95.5285873413086,67.33241271972656,90.79800415039062,29.80340003967285,39.051170349121094
2022-02-10,77.13313293457031,37.51070022583008,29.06645393371582,122.23135375976562,93.96406555175781,66.60917663574219,89.23251342773438,29.048877716064453,38.82365036010742
2022-02-11,74.77721405029297,36.985103607177734,29.911861419677734,120.53783416748047,92.52993774414062,66.37103271484375,86.668212890625,29.06621742248535,38.22300338745117
2022-02-14,74.7530517578125,36.570167541503906,29.206647872924805,119.30697631835938,92.18536376953125,66.1858139038086,87.16279602050781,28.819055557250977,37.909019470214844
2022-02-15,76.71794891357422,37.06809997558594,28.90077781677246,120.64886474609375,93.57294464111328,66.30048370361328,89.11248779296875,28.684629440307617,38.605224609375
2022-02-16,76.6407241821289,37.09575271606445,29.134431838989258,120.83396911621094,94.0665054321289,66.42396545410156,89.36697387695312,28.749677658081055,38.887351989746094
2022-02-17,74.3475341796875,36.17366409301758,29.08770179748535,118.89054870605469,92.34366607666016,66.9355239868164,86.97552490234375,28.767019271850586,38.22300338745117
2022-02-18,73.59439849853516,36.1644401550293,28.909269332885742,118.00214385986328,91.58003234863281,67.05902099609375,86.43770599365234,28.71498680114746,38.1592903137207
2022-02-22,72.9136734008789,35.980037689208984,28.44196319580078,117.70599365234375,90.69534301757812,66.53862762451172,83.91661071777344,28.684629440307617,37.6177978515625
2022-02-23,71.08879089355469,35.35301208496094,28.73509407043457,117.11371612548828,89.02838897705078,66.00060272216797,81.11219024658203,28.198965072631836,37.13546371459961
2022-02-24,73.51714324951172,34.92884826660156,28.509939193725586,117.585693359375,90.1645278930664,64.86280059814453,82.96578979492188,28.424453735351562,37.02626419067383
2022-02-25,74.51649475097656,36.053794860839844,29.261877059936523,121.18561553955078,92.31572723388672,66.95317077636719,84.60809326171875,29.30472183227539,38.37770462036133
2022-02-28,74.38134002685547,35.51898956298828,29.98407554626465,120.26945495605469,93.02349090576172,66.06233978271484,85.20355224609375,29.45649528503418,37.94086456298828
2022-03-01,72.89437103271484,34.20960235595703,30.28569984436035,119.60313415527344,91.63592529296875,65.67426300048828,83.91180419921875,29.200647354125977,37.06721115112305
2022-03-02,74.4730453491211,35.09482192993164,30.9781551361084,121.40773010253906,93.59156036376953,66.37103271484375,85.67415618896484,29.55622673034668,37.88172149658203
2022-03-03,73.58475494384766,34.98416519165039,31.06313705444336,122.02776336669922,93.69400024414062,66.9090805053711,83.73413848876953,30.076587677001953,37.92721939086914
2022-03-04,72.29573059082031,34.32948303222656,31.959510803222656,122.63856506347656,93.48910522460938,66.91789245605469,82.40391540527344,30.74003791809082,37.795265197753906
2022-03-07,69.6501235961914,33.075435638427734,32.431060791015625,120.50081634521484,90.98403930664062,65.70072174072266,78.36537170410156,31.13897705078125,36.484764099121094
2022-03-08,69.31218719482422,32.88180160522461,32.94085693359375,118.03913879394531,90.42528533935547,63.927886962890625,78.52862548828125,30.657644271850586,36.29819869995117
2022-03-09,72.0543441772461,34.08974075317383,31.934017181396484,120.26945495605469,92.06428527832031,64.36006927490234,81.05453491210938,30.440826416015625,37.4221305847168
2022-03-10,70.79430389404297,33.80388641357422,32.911109924316406,120.22318267822266,91.9432144165039,63.751468658447266,81.63082122802734,30.644643783569336,37.522239685058594
2022-03-11,69.54875183105469,33.564151763916016,32.64772415161133,119.32550811767578,91.20753479003906,63.010581970214844,80.06050109863281,30.540569305419922,37.24467086791992
2022-03-14,68.25973510742188,33.98830795288086,31.67062759399414,120.16765594482422,91.51485443115234,63.345760345458984,78.72553253173828,30.505874633789062,37.190067291259766
2022-03-15,70.55291748046875,34.46779251098633,30.510862350463867,122.56451416015625,92.96761322021484,64.76580047607422,81.36187744140625,30.896146774291992,37.6177978515625
2022-03-16,72.84610748291016,35.43599319458008,30.370662689208984,124.03594207763672,94.19685363769531,64.83634948730469,84.13749694824219,30.83977699279785,38.209346771240234
2022-03-17,73.36268615722656,35.878597259521484,31.415735244750977,125.99787139892578,95.40750885009766,65.28618621826172,85.53970336914062,30.969867706298828,38.94196319580078
2022-03-18,74.86410522460938,35.961585998535156,31.385986328125,126.77526092529297,95.77069091796875,65.43611907958984,87.34049987792969,30.705341339111328,39.178565979003906
2022-03-21,74.72191619873047,35.92641067504883,32.651214599609375,126.6787338256836,95.9865493774414,65.52029418945312,86.60897064208984,30.910507202148438,39.50423049926758
2022-03-22,75.79566192626953,36.50959014892578,32.41103744506836,126.7065200805664,96.5097885131836,66.00757598876953,88.75882720947266,30.954174041748047,39.718902587890625
2022-03-23,74.62999725341797,35.83384323120117,32.96859359741211,124.43213653564453,95.58474731445312,65.47598266601562,87.65744018554688,30.99782943725586,39.53620910644531
2022-03-24,76.56951904296875,36.12080764770508,33.05008316040039,125.91746520996094,96.3135757446289,65.93670654296875,88.34037780761719,31.31648063659668,40.33095932006836
2022-03-25,76.52598571777344,36.58365249633789,33.77490234375,126.5023193359375,96.91156768798828,66.48601531982422,88.18646240234375,31.770475387573242,40.78313064575195
2022-03-28,77.43528747558594,36.481834411621094,32.93857192993164,127.42137908935547,96.93959045410156,66.76070404052734,90.53829956054688,31.97564697265625,40.60042953491211
2022-03-29,79.07975006103516,36.56513977050781,32.852783203125,128.17333984375,97.83657836914062,67.35431671142578,92.11581420898438,32.272491455078125,40.942996978759766
2022-03-30,78.0253677368164,36.30594253540039,33.234500885009766,128.42393493652344,97.72444915771484,67.39861297607422,90.71627044677734,32.53876495361328,40.805965423583984
2022-03-31,76.86939239501953,35.472816467285156,32.784183502197266,127.17070007324219,96.22013092041016,67.23912811279297,88.97522735595703,32.50385284423828,40.2624397277832
2022-04-01,76.6420669555664,35.380252838134766,33.05008316040039,128.17333984375,95.47264862060547,67.9124984741211,89.08585357666016,32.95783233642578,40.687217712402344
2022-04-04,78.09791564941406,35.22288131713867,33.09297561645508,127.105712890625,95.3511734008789,67.69984436035156,91.08658599853516,32.70463943481445,40.696346282958984
2022-04-05,76.45344543457031,35.00070571899414,32.57401657104492,127.37496185302734,93.99635314941406,67.76188659667969,88.9511947631836,32.909812927246094,40.3720588684082
2022-04-06,74.64453125,34.76002883911133,32.76701736450195,129.31512451171875,93.2675552368164,68.6213150024414,86.68111419677734,33.56460189819336,39.90617370605469
2022-04-07,74.76061248779297,34.72300338745117,33.19590377807617,131.8030548095703,93.58525085449219,69.45417785644531,87.12359619140625,33.481658935546875,40.1665153503418
2022-04-08,73.71588897705078,35.07476806640625,34.109432220458984,132.59207153320312,93.06201171875,69.74654388427734,86.32040405273438,33.59516525268555,40.41316223144531
2022-04-11,71.85859680175781,34.917396545410156,33.084388732910156,129.95565795898438,92.76300811767578,69.46300506591797,84.71884155273438,33.136810302734375,40.21218490600586
2022-04-12,71.53936767578125,34.53786087036133,33.633365631103516,128.6931915283203,92.6135025024414,69.48072814941406,84.90640258789062,33.26339340209961,40.22132873535156
2022-04-13,72.69049072265625,34.53786087036133,34.13516616821289,129.32440185546875,93.48246765136719,69.87059020996094,87.01776123046875,33.19792556762695,40.815101623535156
2022-04-14,70.92511749267578,34.14906311035156,34.246673583984375,128.70242309570312,93.3796615600586,69.85285186767578,85.80097198486328,33.21537780761719,40.678077697753906
2022-04-18,71.15727996826172,34.352718353271484,34.748470306396484,127.28211212158203,93.05266571044922,69.27696228027344,86.0606918334961,33.036399841308594,40.7146110534668
2022-04-19,72.4922103881836,34.8248291015625,34.46540451049805,128.49818420410156,94.74385070800781,70.33130645751953,88.55683135986328,33.25029754638672,41.09829330444336
2022-04-20,72.42448425292969,35.06550979614258,34.59836196899414,130.22486877441406,95.25774383544922,71.38566589355469,87.41696166992188,33.52094650268555,41.358638763427734
2022-04-21,71.19596862792969,34.51008987426758,33.50041198730469,128.7859649658203,94.28599548339844,71.32365417480469,86.57049560546875,32.9665641784668,40.682647705078125
2022-04-22,69.20325469970703,33.482547760009766,32.68122863769531,124.08867645263672,91.96881103515625,70.2072525024414,84.56013488769531,32.412166595458984,39.16167068481445
2022-04-25,70.2431411743164,33.538108825683594,31.60043716430664,124.9241943359375,91.96881103515625,70.51736450195312,85.17093658447266,32.18954086303711,39.052059173583984
2022-04-26,67.62649536132812,32.695716857910156,31.643335342407227,122.72404479980469,89.95993041992188,69.42757415771484,80.86166381835938,31.86651039123535,38.44914627075195
2022-04-27,68.627685546875,32.66794967651367,32.10652542114258,122.454833984375,90.29631042480469,69.68451690673828,80.87124633789062,31.71373176574707,39.01551055908203
2022-04-28,71.37493896484375,33.08450698852539,33.08009719848633,124.14436340332031,91.31475067138672,70.7122802734375,82.53052520751953,32.06730651855469,39.63212585449219
2022-04-29,68.40035247802734,31.945899963378906,32.23090744018555,120.95093536376953,88.89476013183594,68.78964233398438,78.33670043945312,31.106952667236328,38.83738327026367
2022-05-02,69.44026184082031,31.95516014099121,32.74556350708008,120.19901275634766,89.08163452148438,67.88592529296875,79.4813461303711,30.788293838500977,38.71861267089844
2022-05-03,69.5611572265625,32.37171936035156,33.663387298583984,120.57964324951172,89.6702880859375,67.69100189208984,79.28414154052734,30.906152725219727,39.15254592895508
2022-05-04,72.003662109375,33.36222457885742,35.06156539916992,123.25318145751953,92.26780700683594,69.21493530273438,81.61193084716797,31.59585952758789,40.422298431396484
2022-05-05,68.54063415527344,32.39024353027344,34.534019470214844,120.85813903808594,89.85714721679688,67.90363311767578,77.03812408447266,31.2728271484375,39.170806884765625
2022-05-06,67.9892349243164,32.1588134765625,35.563358306884766,120.47752380371094,89.24981689453125,67.9745101928711,76.06181335449219,31.521648406982422,38.609012603759766
2022-05-09,65.35808563232422,31.390483856201172,32.621192932128906,117.35835266113281,87.0914535522461,67.94793701171875,72.82020568847656,31.285924911499023,37.38949203491211
2022-05-10,66.35443115234375,31.112770080566406,32.91712188720703,117.7761001586914,86.52149963378906,67.4783706665039,72.60379028320312,30.906152725219727,37.15654754638672
2022-05-11,64.26016998291016,30.825801849365234,33.35887908935547,116.9963150024414,85.73664093017578,67.18598175048828,70.00186920166016,31.128780364990234,37.1748161315918
2022-05-12,63.597530364990234,30.59438133239746,33.50041198730469,118.12886047363281,85.89547729492188,67.16825103759766,70.4828109741211,30.81447410583496,37.10629653930664
2022-05-13,65.71116638183594,31.038715362548828,34.645545959472656,119.3821029663086,86.98866271972656,68.17830657958984,73.25788879394531,31.18116569519043,37.6772346496582
2022-05-16,65.1307601928711,30.77952003479004,35.55907440185547,120.26400756835938,86.86722564697266,68.4884262084961,71.6755599975586,31.277198791503906,37.60872268676758
2022-05-17,67.01707458496094,31.603395462036133,35.97080993652344,121.91643524169922,88.83871459960938,68.0188217163086,73.48393249511719,31.600229263305664,38.672950744628906
2022-05-18,63.950618743896484,30.733230590820312,35.04869842529297,118.76940155029297,85.53106689453125,63.64195251464844,68.67927551269531,31.294658660888672,37.47170639038086
2022-05-19,63.249298095703125,30.529573440551758,34.92002487182617,119.02935028076172,84.76490783691406,62.507869720458984,68.72735595703125,31.22917938232422,37.73662185668945
2022-05-20,63.389556884765625,30.47403335571289,35.07013702392578,120.47752380371094,83.8492431640625,62.64075469970703,67.52979278564453,31.31648063659668,37.645267486572266
2022-05-23,64.84540557861328,31.464536666870117,35.99653625488281,121.53581237792969,85.22274780273438,63.934326171875,68.0347900390625,31.691898345947266,38.33495330810547
2022-05-24,63.882896423339844,31.399734497070312,36.13378143310547,121.8978500366211,85.17603302001953,64.97982788085938,66.2841567993164,32.324867248535156,38.11572265625
2022-05-25,64.62773132324219,31.649675369262695,36.88003921508789,121.8607177734375,85.67124938964844,64.99754333496094,68.155029296875,32.30303955078125,38.28471755981445
2022-05-26,66.1803207397461,32.380977630615234,37.28749465942383,122.3805923461914,87.40913391113281,65.68861389160156,71.49761199951172,32.39469528198242,38.98810577392578
2022-05-27,68.41970825195312,32.9271354675293,37.96942901611328,124.41360473632812,89.20309448242188,66.45059204101562,73.950439453125,32.90107345581055,39.901607513427734
2022-05-31,67.93119049072266,32.83457565307617,37.39899826049805,122.75189971923828,88.483642578125,65.98101043701172,74.32556915283203,32.44709396362305,39.294124603271484
2022-06-01,67.72806549072266,32.306922912597656,38.008026123046875,120.98808288574219,87.94174194335938,65.12158203125,73.55125427246094,32.39469528198242,38.901329040527344
2022-06-02,69.36769104003906,32.75125503540039,37.887935638427734,121.94425964355469,89.6235580444336,66.06961822509766,75.80209350585938,32.612972259521484,39.97468566894531
2022-06-03,67.70870971679688,32.27915573120117,38.389732360839844,120.5146484375,89.2778549194336,65.40509033203125,73.5849380493164,32.4558219909668,39.586448669433594
2022-06-06,67.71356964111328,32.37171936035156,38.34684371948242,120.53321838378906,89.65159606933594,65.43168640136719,74.32079315185547,32.599876403808594,39.96097946166992
2022-06-07,68.52127075195312,32.621665954589844,39.491973876953125,122.10208892822266,90.85691833496094,65.7772216796875,74.13800811767578,32.79631423950195,40.24873733520508
2022-06-08,67.74742126464844,32.04772186279297,39.57775115966797,121.13662719726562,89.21246337890625,64.97096252441406,73.70034790039062,32.154624938964844,39.41289138793945
2022-06-09,65.9384994506836,31.24237060546875,38.70282745361328,118.3980712890625,87.45585632324219,63.99635314941406,72.36810302734375,31.381967544555664,38.48112106323242
2022-06-10,63.4040641784668,30.113014221191406,38.046627044677734,116.49500274658203,84.87704467773438,63.7216796875,69.48245239257812,31.141878128051758,37.30270767211914
2022-06-13,60.593955993652344,29.215085983276367,36.06087112426758,112.9674072265625,82.32624816894531,62.348365783691406,66.27452850341797,29.71005630493164,35.845680236816406
2022-06-14,60.97605895996094,28.965150833129883,36.129493713378906,111.89054870605469,82.12067413330078,61.61298751831055,66.22162628173828,28.959232330322266,35.571624755859375
2022-06-15,62.26261520385742,29.289138793945312,35.331756591796875,113.02311706542969,82.91487884521484,61.67500305175781,68.08289337158203,29.146940231323242,35.5624885559082
2022-06-16,59.72819137573242,28.548583984375,33.34172821044922,111.36140441894531,80.14918518066406,61.20542907714844,64.74993896484375,28.583824157714844,34.279029846191406
2022-06-17,60.27473449707031,28.631895065307617,31.51895523071289,111.29643249511719,79.94361114501953,60.98392105102539,65.4569091796875,28.317543029785156,34.219642639160156
2022-06-21,61.808563232421875,29.203304290771484,33.15182876586914,114.29263305664062,81.40199279785156,62.611244201660156,67.32920837402344,28.856569290161133,34.73704528808594
2022-06-22,61.546695709228516,29.13816261291504,31.8247013092041,115.87744903564453,80.95152282714844,62.566612243652344,67.19906616210938,29.16017723083496,34.29093551635742
2022-06-23,62.468048095703125,29.026485443115234,30.64505386352539,118.47838592529297,80.53858947753906,63.7806282043457,68.2547836303711,29.846609115600586,33.82182312011719
2022-06-24,64.7132568359375,30.096710205078125,31.048389434814453,120.44541931152344,83.35399627685547,65.03034210205078,70.85790252685547,30.365842819213867,35.164764404296875
2022-06-27,64.27682495117188,29.994346618652344,31.959157943725586,120.89289093017578,83.15689849853516,64.85182189941406,70.11553192138672,30.61224937438965,34.87501907348633
2022-06-28,62.35167694091797,29.696542739868164,32.82221221923828,118.7860336303711,82.19031524658203,63.98594665527344,67.31476593017578,30.497846603393555,34.50249099731445
2022-06-29,62.47774887084961,29.529020309448242,31.68159294128418,119.82080841064453,81.71167755126953,64.38764190673828,67.2617416381836,30.51984977722168,34.254150390625
2022-06-30,61.64368438720703,29.268451690673828,31.013694763183594,119.55049133300781,81.96507263183594,64.43228912353516,66.2735366821289,30.858657836914062,33.84941864013672
2022-07-01,61.78430938720703,29.668622970581055,31.47774887084961,120.89289093017578,82.67828369140625,65.36065673828125,67.49313354492188,31.615495681762695,34.088584899902344
2022-07-05,62.5601806640625,29.566253662109375,30.228696823120117,120.19371032714844,81.4395523071289,64.94110870361328,69.00198364257812,30.53744888305664,33.40330123901367
2022-07-06,63.098445892333984,29.491802215576172,29.712604522705078,121.00475311279297,81.90874481201172,65.1285400390625,68.7754135131836,30.854263305664062,33.6148567199707
2022-07-07,64.40290069580078,29.919897079467773,30.783836364746094,121.51749420166016,82.87535858154297,65.19103240966797,70.54938507080078,30.823455810546875,33.9138069152832
2022-07-08,64.4320068359375,29.85474967956543,30.770822525024414,121.88108825683594,82.4999771118164,65.07500457763672,70.55902099609375,30.722251892089844,33.582672119140625
2022-07-11,63.5445671081543,29.6127872467041,30.475900650024414,121.57342529296875,81.94628143310547,64.98571014404297,68.62598419189453,30.915868759155273,33.49068832397461
2022-07-12,62.67656707763672,29.426658630371094,29.881746292114258,120.02592468261719,81.69290924072266,64.79824829101562,68.21139526367188,30.76624870300293,33.42629623413086
2022-07-13,62.511695861816406,29.166078567504883,29.834030151367188,118.8606185913086,80.6981430053711,64.84290313720703,68.77059936523438,30.63865089416504,33.23313903808594
2022-07-14,63.08390426635742,28.607696533203125,29.270227432250977,118.51569366455078,80.2383041381836,64.8964614868164,68.71273803710938,30.63865089416504,32.621456146240234
2022-07-15,64.19439697265625,29.575559616088867,29.74729347229004,121.37763977050781,81.49583435058594,65.11070251464844,69.82147216796875,30.695858001708984,33.1319580078125
2022-07-18,63.57368469238281,29.463882446289062,30.42820930480957,118.81399536132812,81.0078353881836,64.4769058227539,70.02393341064453,30.269031524658203,33.210147857666016
2022-07-19,65.51335906982422,30.34798240661621,31.364986419677734,120.83695983886719,83.89828491210938,65.15532684326172,72.16911315917969,30.462648391723633,34.22195053100586
2022-07-20,66.53656768798828,30.45966339111328,31.668581008911133,119.64369201660156,84.54582977294922,64.71793365478516,73.35498046875,30.057825088500977,34.281742095947266
2022-07-21,67.47247314453125,30.65509605407715,31.113441467285156,121.53614044189453,85.15583038330078,64.91431427001953,75.03254699707031,30.137025833129883,34.76923751831055
2022-07-22,66.54141998291016,30.47827911376953,30.857561111450195,121.03275299072266,84.88368225097656,65.3427734375,74.59868621826172,30.550649642944336,34.5208854675293
2022-07-25,66.11953735351562,30.6737003326416,31.989521026611328,121.66666412353516,85.28721618652344,65.66415405273438,73.95755004882812,30.93346405029297,34.66345977783203
2022-07-26,65.04785919189453,30.24561309814453,31.698930740356445,122.291259765625,84.8273696899414,65.51237487792969,71.57617950439453,31.118274688720703,34.42890167236328
2022-07-27,67.84587097167969,30.71092987060547,32.41453170776367,123.05570220947266,86.1412124633789,65.95872497558594,74.28535461425781,31.144681930541992,34.842830657958984
2022-07-28,68.87875366210938,30.934282302856445,32.59668731689453,123.8387680053711,87.94306182861328,67.0120620727539,75.56282043457031,32.2623291015625,35.459110260009766
2022-07-29,69.9359130859375,31.371685028076172,34.01054382324219,123.42858123779297,89.75425720214844,66.49432373046875,78.49373626708984,32.5395393371582,35.93281555175781
2022-08-01,69.78558349609375,31.111114501953125,33.307952880859375,122.51500701904297,89.84812927246094,67.32450103759766,78.88419342041016,32.574745178222656,35.64307403564453
2022-08-02,69.29094696044922,30.76677703857422,33.229888916015625,122.07685852050781,88.9002914428711,66.78888702392578,78.34428405761719,32.50873947143555,35.27973937988281
2022-08-03,71.13365173339844,31.23208999633789,32.275753021240234,123.19552612304688,89.73551177978516,67.22630310058594,80.25322723388672,32.711151123046875,35.3165397644043
2022-08-04,71.45858001708984,31.12972068786621,31.078750610351562,122.58956909179688,90.06397247314453,66.77997589111328,80.58104705810547,32.78155517578125,35.339534759521484
2022-08-05,71.29370880126953,31.35306739807129,31.694602966308594,122.54298400878906,90.20475006103516,66.62821197509766,79.20716857910156,32.662750244140625,35.46371078491211
2022-08-08,70.6875228881836,31.33445930480957,31.859405517578125,122.8319320678711,90.17659759521484,66.5925064086914,79.56391906738281,32.711151123046875,35.66146469116211
2022-08-09,69.97955322265625,31.492660522460938,32.41886901855469,122.45905303955078,89.84812927246094,66.49432373046875,78.29608154296875,33.07636642456055,35.48670959472656
2022-08-10,71.89013671875,32.199947357177734,32.65306854248047,123.79215240478516,91.81889343261719,66.98526763916016,80.50391387939453,33.22157669067383,36.493900299072266
2022-08-11,71.60889434814453,32.58150863647461,33.77634048461914,122.99042510986328,92.30689239501953,66.82462310791016,80.09416198730469,33.21717834472656,36.61808395385742
2022-08-12,73.0345687866211,33.093345642089844,34.032230377197266,124.56590270996094,93.69580078125,67.40483856201172,81.90672302246094,33.75839614868164,37.30794906616211
2022-08-15,73.49526977539062,33.08405303955078,33.36867141723633,125.19050598144531,93.92105102539062,68.07431030273438,82.4707260131836,34.04001235961914,37.28494644165039
2022-08-16,73.29641723632812,33.326019287109375,33.29060745239258,124.85491943359375,94.34334564208984,68.8420181274414,83.38180541992188,34.136817932128906,37.49190902709961
2022-08-17,72.772705078125,33.15849685668945,33.56816864013672,124.12774658203125,93.59259033203125,68.6456298828125,82.48518371582031,34.07960891723633,36.976810455322266
2022-08-18,73.15096282958984,33.19572448730469,34.47025680541992,123.57774353027344,93.96795654296875,68.87773895263672,82.4610824584961,34.20721435546875,37.09178161621094
2022-08-19,71.82225799560547,32.534976959228516,34.461578369140625,123.91334533691406,92.75735473632812,68.65457153320312,80.75940704345703,34.18962097167969,36.41112518310547
2022-08-22,69.81951904296875,31.818387985229492,34.39653396606445,122.291259765625,90.99304962158203,67.95829010009766,78.51783752441406,33.72320556640625,35.831634521484375
2022-08-23,69.63525390625,31.68809700012207,35.63690948486328,120.58526611328125,91.1619873046875,67.66371154785156,78.73956298828125,33.52078628540039,36.18576431274414
2022-08-24,69.67889404296875,31.855607986450195,36.0749397277832,120.73441314697266,91.46228790283203,67.83331298828125,79.07701110839844,33.62639617919922,36.263954162597656
2022-08-25,70.85724639892578,32.348838806152344,36.35250473022461,122.06753540039062,92.8605728149414,68.14574432373047,80.02185821533203,33.83320236206055,37.08718490600586
2022-08-26,67.83134460449219,31.380985260009766,35.92748260498047,118.66485595703125,89.64166259765625,66.4585952758789,76.97523498535156,33.31398010253906,35.95121383666992
2022-08-29,66.93421173095703,31.157642364501953,36.4696044921875,117.83515930175781,89.23814392089844,66.35148620605469,76.56549835205078,33.41517639160156,35.698265075683594
2022-08-30,66.23592376708984,30.99011993408203,35.23356246948242,117.05207061767578,87.95245361328125,65.66415405273438,75.71223449707031,32.9267578125,35.11417770385742
2022-08-31,65.59097290039062,30.75746726989746,34.912628173828125,116.30626678466797,87.2110595703125,65.262451171875,74.96504211425781,32.711151123046875,34.68185806274414
2022-09-01,65.27092742919922,30.850528717041016,34.05390548706055,118.21736907958984,87.33306121826172,65.62844848632812,75.64958190917969,33.181968688964844,34.22654724121094
2022-09-02,64.42230987548828,30.608566284179688,34.678436279296875,116.52069091796875,86.48844909667969,64.771484375,74.95541381835938,32.825557708740234,34.19435119628906
2022-09-06,63.995582580566406,30.53411293029785,34.35749435424805,116.63255310058594,86.62921142578125,64.4054946899414,74.8011474609375,32.90916442871094,34.088584899902344
2022-09-07,65.01876831054688,31.139019012451172,33.95849609375,118.5343246459961,88.01812744140625,65.56595611572266,77.09576416015625,33.938812255859375,35.0313835144043
2022-09-08,65.2418212890625,31.68809700012207,34.10595703125,120.59456634521484,88.2809066772461,65.3963623046875,77.81401062011719,33.91239929199219,35.371734619140625
2022-09-09,66.53173828125,31.976594924926758,34.95600509643555,121.6573486328125,89.42582702636719,66.0390625,79.28913116455078,34.04880905151367,35.905216217041016
2022-09-12,67.59856414794922,32.23716735839844,35.597877502441406,122.46836853027344,89.96075439453125,66.29792785644531,80.31111907958984,34.374427795410156,36.240962982177734
2022-09-13,64.01011657714844,31.03665542602539,34.70011520385742,118.42244720458984,86.57290649414062,64.08413696289062,76.17019653320312,33.45918655395508,34.94860076904297
2022-09-14,64.24286651611328,30.943592071533203,35.680274963378906,118.48770904541016,86.40397644042969,64.0573501586914,77.1487808227539,33.73199462890625,34.5208854675293
2022-09-15,62.76386260986328,31.045963287353516,34.76083755493164,119.14960479736328,85.50306701660156,63.52175521850586,76.75350189208984,32.89155578613281,34.06557083129883
2022-09-16,62.41471862792969,30.76677703857422,34.01921463012695,118.81399536132812,83.72000122070312,63.67351150512695,76.13645935058594,32.76835250854492,33.52748489379883
2022-09-19,62.92369079589844,31.115718841552734,34.03938674926758,118.1738052368164,84.85623931884766,64.09669494628906,77.21370697021484,33.20736312866211,34.082496643066406
2022-09-20,62.55422592163086,30.657310485839844,33.80263137817383,116.78858947753906,83.80013275146484,63.74629592895508,75.90457916259766,32.7244987487793,33.43497848510742
2022-09-21,61.57712936401367,30.021156311035156,33.30721664428711,114.85116577148438,82.68745422363281,63.50369644165039,74.1075668334961,32.277076721191406,32.70420455932617
2022-09-22,60.95002365112305,29.515962600708008,33.18883514404297,115.45954132080078,81.44275665283203,63.41386413574219,72.39750671386719,32.16188430786133,32.311073303222656
2022-09-23,60.15278244018555,29.048200607299805,30.900253295898438,114.86988830566406,79.9151840209961,62.33567810058594,70.73091125488281,31.789764404296875,31.64969253540039
2022-09-26,59.734710693359375,28.589792251586914,30.141780853271484,113.77481079101562,79.07593536376953,62.38060760498047,70.5715103149414,31.023365020751953,31.13629722595215
2022-09-27,59.8125,28.468175888061523,30.479360580444336,113.42852020263672,78.81192779541016,61.30245590209961,70.793701171875,30.500627517700195,31.205678939819336
2022-09-28,60.44446563720703,29.029491424560547,31.829723358154297,115.90879821777344,80.54696655273438,62.03920364379883,72.70668029785156,30.828454971313477,32.010440826416016
2022-09-29,58.869422912597656,28.664636611938477,31.829723358154297,114.93540954589844,79.15140533447266,61.01495361328125,70.1947021484375,29.592477798461914,31.53868293762207
2022-09-30,57.74161148071289,28.402685165405273,31.575420379638672,113.35363006591797,78.11414337158203,59.95475769042969,68.8131332397461,29.021005630493164,31.455427169799805
2022-10-03,59.53054428100586,29.16982650756836,33.359825134277344,115.68416595458984,80.47151184082031,60.98799514770508,68.88076782226562,29.871570587158203,32.477569580078125
2022-10-04,61.52851104736328,30.255035400390625,34.79347610473633,118.37037658691406,83.27207946777344,61.91341018676758,71.28646850585938,30.50506019592285,33.67085647583008
2022-10-05,61.73268508911133,30.021156311035156,35.51250076293945,118.76346588134766,82.8194580078125,61.55403137207031,70.86616516113281,29.827272415161133,33.29159927368164
2022-10-06,61.227115631103516,29.60016441345215,36.143829345703125,117.24722290039062,81.86708068847656,60.655555725097656,70.3637924194336,28.84380531311035,32.940086364746094
2022-10-07,58.70900344848633,28.89851951599121,35.86323165893555,114.76693725585938,80.30177307128906,59.748104095458984,67.943603515625,28.24575424194336,32.126075744628906
2022-10-10,57.72216796875,28.767547607421875,35.12668228149414,114.04623413085938,80.58466339111328,59.96372604370117,67.52333068847656,28.294485092163086,32.1954460144043
2022-10-11,56.83742141723633,28.402685165405273,34.846092224121094,114.65461730957031,80.5658187866211,60.45789337158203,66.97264862060547,28.192590713500977,31.945690155029297
2022-10-12,56.66242599487305,28.337202072143555,35.12668228149414,114.09302520751953,79.93402862548828,60.78133773803711,67.14654541015625,27.25343132019043,31.70519256591797
2022-10-13,58.42218780517578,29.506614685058594,36.560333251953125,116.75116729736328,81.6973648071289,61.78763198852539,67.88081359863281,27.935651779174805,32.63484191894531
2022-10-14,56.779090881347656,29.010786056518555,35.19682312011719,115.96495819091797,79.90574645996094,60.67353057861328,65.3447036743164,27.53252410888672,31.53404998779297
2022-10-17,58.509700775146484,29.74049186706543,35.63524627685547,117.8275146484375,81.65020751953125,61.32942581176758,67.9967269897461,28.108421325683594,32.32032775878906
2022-10-18,59.005531311035156,30.217613220214844,35.946529388427734,118.4826889038086,83.62096405029297,62.12904739379883,68.93389892578125,28.622304916381836,32.9539680480957
2022-10-19,58.835391998291016,29.721786499023438,37.007530212402344,116.82603454589844,83.02690887451172,61.84153366088867,68.16099548339844,28.25018310546875,32.56544876098633
2022-10-20,58.869422912597656,29.24466323852539,37.04259490966797,115.83393096923828,81.3956069946289,60.9790153503418,66.84220886230469,27.53695297241211,32.32957458496094
2022-10-21,60.44446563720703,30.114704132080078,38.11235809326172,118.43587493896484,83.6303939819336,61.91341018676758,68.78897857666016,28.046401977539062,33.448848724365234
2022-10-24,61.280582427978516,30.51698112487793,38.292110443115234,120.71961212158203,84.74308013916016,63.027523040771484,69.0739974975586,28.281190872192383,33.25460433959961
2022-10-25,62.4521369934082,30.881839752197266,38.331573486328125,121.63687133789062,85.8840560913086,63.85410690307617,70.80338287353516,28.848236083984375,34.077877044677734
2022-10-26,61.06183624267578,30.95668601989746,38.853302001953125,122.98461151123047,86.1858139038086,64.2763900756836,70.23336029052734,28.834941864013672,34.31836700439453
2022-10-27,60.366676330566406,31.20928192138672,38.99360656738281,122.33883666992188,87.19475555419922,64.33028411865234,69.96282196044922,29.065305709838867,34.230499267578125
2022-10-28,62.99174118041992,31.985769271850586,39.1295051574707,124.35111236572266,89.22209930419922,65.7408676147461,70.02565002441406,29.862714767456055,34.5727653503418
2022-10-31,62.16047286987305,31.7893009185791,39.45832824707031,124.2481460571289,88.96751403808594,65.35453033447266,69.57637786865234,29.5836181640625,34.26287078857422
2022-11-01,61.640316009521484,31.87350082397461,39.83976364135742,124.32305145263672,88.88264465332031,65.14791870117188,68.87110900878906,29.69879913330078,34.35074996948242
2022-11-02,59.511104583740234,31.471221923828125,38.879608154296875,122.2077865600586,87.3173599243164,64.01582336425781,66.2673568725586,29.410844802856445,33.458106994628906
2022-11-03,57.76106262207031,31.153141021728516,39.5986213684082,121.69300079345703,88.23200988769531,63.80020523071289,65.87124633789062,29.539318084716797,33.71249008178711
2022-11-04,58.815948486328125,31.723819732666016,40.08089828491211,122.4323959350586,89.64643096923828,64.5549087524414,66.42194366455078,29.720945358276367,34.88264083862305
2022-11-07,59.79792022705078,32.04190444946289,40.769222259521484,123.74275207519531,90.6082534790039,65.12992095947266,65.95819091796875,29.153902053833008,35.15552520751953
2022-11-08,60.37154006958008,32.229007720947266,40.80868148803711,124.3604965209961,91.40032196044922,65.31861114501953,65.79395294189453,29.35767936706543,35.761417388916016
2022-11-09,58.801361083984375,31.6863956451416,38.813838958740234,123.02207946777344,90.12734985351562,64.60883331298828,63.78437423706055,29.1273250579834,35.18327331542969
2022-11-10,63.63341522216797,33.28615188598633,39.67754364013672,126.148193359375,93.90858459472656,66.1272201538086,68.44599914550781,30.500627517700195,37.13045120239258
2022-11-11,64.72233581542969,33.55744934082031,40.83060073852539,124.60381317138672,93.85201263427734,66.05534362792969,70.08843231201172,30.159515380859375,37.57908248901367
2022-11-14,64.16815948486328,33.08033752441406,40.81744384765625,124.71614074707031,93.27681732177734,65.53423309326172,68.97737121582031,29.80068588256836,37.5282096862793
2022-11-15,64.94596862792969,33.15517807006836,41.247100830078125,124.55703735351562,93.91801452636719,66.08231353759766,69.91936492919922,30.12850570678711,37.47270584106445
2022-11-16,64.05635833740234,32.99614334106445,40.405330657958984,124.50086975097656,93.23908996582031,66.40575408935547,68.8517837524414,30.39874267578125,37.107322692871094
2022-11-17,64.13898468017578,32.81838607788086,40.49301528930664,124.44469451904297,93.07879638671875,66.38777923583984,68.01605987548828,29.867130279541016,36.75118637084961
2022-11-18,64.21189880371094,33.08969497680664,40.1729621887207,125.95161437988281,93.76714324951172,67.09757232666016,68.10785675048828,30.500627517700195,36.99632263183594
2022-11-21,63.5216178894043,33.19259262084961,39.62931823730469,126.00775146484375,94.06888580322266,67.7354965209961,67.12236785888672,30.63796043395996,37.12120819091797
2022-11-22,64.75150299072266,33.529396057128906,40.870059967041016,127.10282135009766,94.79495239257812,68.22964477539062,67.88081359863281,30.899341583251953,37.96297073364258
2022-11-23,65.32514190673828,33.66971969604492,40.427242279052734,127.60823822021484,95.15327453613281,68.46324157714844,68.86143493652344,31.244876861572266,38.11097717285156
2022-11-25,64.94596862792969,33.781982421875,40.2781867980957,128.3664093017578,95.52103424072266,68.5081787109375,68.90009307861328,31.426498413085938,38.09709167480469
2022-11-28,63.555641174316406,33.20195770263672,39.173343658447266,127.4023208618164,93.78598022460938,68.24761199951172,68.47499084472656,31.10310935974121,37.2460823059082
2022-11-29,62.93341064453125,33.398414611816406,39.76522445678711,127.08412170410156,94.36119079589844,67.98706817626953,68.25760650634766,30.872758865356445,37.37095260620117
2022-11-30,66.09320831298828,33.96909713745117,39.962520599365234,130.11663818359375,95.91708374023438,69.35272216796875,70.61015319824219,31.643577575683594,38.27285385131836
2022-12-01,66.18558502197266,33.77263259887695,39.830989837646484,130.49099731445312,95.94537353515625,69.03825378417969,70.60049438476562,31.616994857788086,38.3191032409668
2022-12-02,65.8015365600586,33.613590240478516,39.594242095947266,130.8279571533203,96.4922866821289,69.35272216796875,70.50871276855469,31.46637725830078,38.739990234375
2022-12-05,64.70775604248047,32.78097152709961,38.41925811767578,129.5737762451172,94.87980651855469,68.48121643066406,68.47499084472656,31.289165496826172,37.972225189208984
2022-12-06,63.32230758666992,32.4909553527832,37.406497955322266,128.5910186767578,93.75769805908203,68.05892944335938,67.40740203857422,31.484092712402344,37.63459014892578
2022-12-07,63.00145721435547,32.359981536865234,37.318809509277344,129.64865112304688,93.63513946533203,68.346435546875,67.00163269042969,31.337905883789062,37.55134201049805
2022-12-08,64.03204345703125,32.388038635253906,37.1522102355957,130.81858825683594,94.19145965576172,68.71481323242188,67.64893341064453,31.541683197021484,37.82883834838867
2022-12-09,63.63827896118164,32.30384826660156,36.24905014038086,129.1431884765625,93.4182357788086,68.18472290039062,67.35426330566406,31.377779006958008,37.454200744628906
2022-12-12,65.02859497070312,32.73419952392578,37.200443267822266,130.51907348632812,95.02127838134766,68.90350341796875,67.52333068847656,32.095436096191406,37.77796173095703
2022-12-13,65.79666900634766,32.81838607788086,37.90629959106445,130.92156982421875,95.37957000732422,68.80465698242188,67.52333068847656,32.19289779663086,38.300601959228516
2022-12-14,65.24250030517578,32.40675735473633,37.673927307128906,131.12747192382812,95.200439453125,68.75975036621094,67.02095031738281,32.15302658081055,37.88896942138672
2022-12-15,62.802154541015625,31.770591735839844,37.445953369140625,128.72203063964844,92.8996353149414,67.59174346923828,65.91956329345703,31.763179779052734,36.73269271850586
2022-12-16,61.97088623046875,31.52735137939453,36.98561096191406,126.85015106201172,92.50357055664062,67.25930786132812,64.68772888183594,31.222728729248047,36.575439453125
2022-12-19,61.14453125,31.442636489868164,36.98117446899414,126.37647247314453,92.0165786743164,67.21675872802734,63.64918518066406,31.098556518554688,36.10015106201172
2022-12-20,61.23716735839844,31.574424743652344,37.539276123046875,126.34827423095703,92.13028717041016,67.1624755859375,62.90806579589844,31.107484817504883,36.33755111694336
2022-12-21,62.25120162963867,32.06394958496094,38.25242233276367,128.01173400878906,93.86412811279297,67.83210754394531,63.91075897216797,31.540725708007812,36.65410232543945
2022-12-22,60.681396484375,31.78153419494629,37.37096405029297,127.83319091796875,92.67032623291016,67.67826843261719,62.268672943115234,31.348670959472656,36.300323486328125
2022-12-23,60.744773864746094,31.960399627685547,38.562469482421875,127.90833282470703,93.21985626220703,68.03118133544922,62.6949348449707,31.670246124267578,36.55168151855469
2022-12-27,60.169498443603516,31.950979232788086,38.97441482543945,127.5794448852539,93.50409698486328,68.3569564819336,61.67771530151367,31.866756439208984,36.58428192138672
2022-12-28,59.1993408203125,31.83802032470703,38.1018180847168,126.75238037109375,92.28187561035156,67.5063247680664,61.1594123840332,31.56305503845215,36.02566909790039
2022-12-29,60.74964141845703,32.28048324584961,38.50046920776367,128.13389587402344,93.41883087158203,67.79591369628906,62.73369598388672,31.790830612182617,36.41669845581055
2022-12-30,60.66677474975586,32.19574737548828,38.74408721923828,127.67343139648438,93.04931640625,67.46109008789062,62.564144134521484,31.487119674682617,36.16067123413086
2023-01-03,60.09149169921875,32.30870819091797,37.384254455566406,127.306884765625,93.24829864501953,67.20771789550781,62.191165924072266,31.487119674682617,36.123435974121094
2023-01-04,60.24750900268555,32.826480865478516,37.37982177734375,127.64522552490234,94.07255554199219,67.47013854980469,63.09213638305664,31.772966384887695,36.75186538696289
2023-01-05,59.077457427978516,32.58171463012695,38.061946868896484,126.33887481689453,93.05879211425781,66.79144287109375,62.50601577758789,31.08515739440918,36.16998291015625
2023-01-06,60.80815124511719,33.30659866333008,38.78394317626953,127.50423431396484,95.60743713378906,68.57413482666016,63.97373580932617,31.710437774658203,37.41289138793945
2023-01-09,61.515052795410156,33.184207916259766,38.64663314819336,125.3708267211914,95.18108367919922,67.90449523925781,64.36123657226562,31.924814224243164,37.650291442871094
2023-01-10,61.89531326293945,33.372493743896484,38.921260833740234,126.42345428466797,95.70218658447266,67.81401062011719,65.17019653320312,31.933752059936523,38.0273551940918
2023-01-11,62.96785354614258,33.68315505981445,39.040855407714844,127.13770294189453,96.6212158203125,67.8501968383789,66.92852020263672,32.19279479980469,38.62321090698242
2023-01-12,63.435855865478516,33.74905014038086,39.784996032714844,126.73359680175781,97.1896743774414,67.3163070678711,67.03993225097656,31.97394371032715,38.76751708984375
2023-01-13,63.61626052856445,34.003231048583984,39.84257507324219,127.29747009277344,97.07597351074219,67.63302612304688,67.6696548461914,31.85782241821289,39.00491714477539
2023-01-17,63.90388107299805,33.77729034423828,39.92673873901367,126.70537567138672,96.2516860961914,67.67826843261719,67.71809387207031,31.813161849975586,38.613895416259766
2023-01-18,63.07998275756836,33.14656066894531,39.195884704589844,124.91975402832031,94.44207000732422,65.83226013183594,66.83649444580078,31.049428939819336,38.069252014160156
2023-01-19,62.343833923339844,32.76058578491211,39.6831169128418,125.22049713134766,92.49980163574219,65.20787048339844,65.72724914550781,30.73678970336914,37.77598571777344
2023-01-20,64.0306396484375,33.27834701538086,40.07734298706055,125.85013580322266,93.78831481933594,65.71461486816406,67.32087707519531,30.919910430908203,38.53475570678711
2023-01-23,65.48831176757812,33.664329528808594,40.13048553466797,126.28250122070312,94.81156921386719,65.92274475097656,68.37201690673828,30.9288330078125,38.66044998168945
2023-01-24,65.4590835571289,33.68315505981445,39.9754638671875,125.446044921875,95.43689727783203,66.19420623779297,68.29450225830078,31.08515739440918,38.68372344970703
2023-01-25,65.32256317138672,33.946746826171875,39.979888916015625,125.48367309570312,94.90631866455078,66.35709381103516,68.64327239990234,30.66533851623535,38.762855529785156
2023-01-26,66.3658676147461,34.12560272216797,41.242271423339844,125.71858978271484,95.42742919921875,66.121826171875,70.04801940917969,30.7680606842041,38.94905090332031
2023-01-27,66.64374542236328,34.12560272216797,40.4095458984375,124.86334991455078,95.82533264160156,65.93179321289062,71.63682556152344,30.7680606842041,38.8233757019043
2023-01-30,65.3713150024414,33.95615768432617,39.483795166015625,123.7356185913086,94.88737487792969,66.01323699951172,70.41614532470703,30.629602432250977,38.55802917480469
2023-01-31,66.28298950195312,34.417442321777344,39.83372497558594,125.33328247070312,96.498046875,66.72811889648438,72.02919006347656,30.857378005981445,39.40526580810547
2023-02-01,67.8430404663086,34.417442321777344,39.04971694946289,125.92536163330078,97.19915771484375,67.26202392578125,73.39517211914062,30.910978317260742,39.66594696044922
2023-02-02,69.69560241699219,34.51158142089844,38.15940856933594,125.07012176513672,97.95711517333984,66.6828842163086,75.64275360107422,30.97797203063965,39.540252685546875
2023-02-03,69.11547088623047,34.44568634033203,38.07524490356445,124.70361328125,97.44550323486328,66.42044830322266,73.31282806396484,30.330366134643555,38.828033447265625
2023-02-06,68.27205657958984,34.43627166748047,37.90249252319336,124.00812530517578,97.2086181640625,66.50187683105469,73.20626831054688,30.589401245117188,38.39976119995117
2023-02-07,69.97835540771484,34.8316535949707,39.13387680053711,124.80699157714844,97.5118179321289,66.22136688232422,73.37578582763672,30.576011657714844,38.916481018066406
2023-02-08,69.13495635986328,34.62454605102539,38.78394317626953,124.44044494628906,96.9622802734375,65.71461486816406,72.75093078613281,30.06238555908203,38.60457992553711
2023-02-09,68.75469207763672,34.23857498168945,38.451744079589844,123.35025787353516,96.09063720703125,65.425048828125,72.61531066894531,29.6514892578125,38.04597091674805
2023-02-10,68.43782043457031,34.35154724121094,39.957740783691406,124.51564025878906,96.7728042602539,66.03133392333984,71.76274871826172,30.24103546142578,38.18562316894531
2023-02-13,69.62246704101562,34.7469367980957,39.85586929321289,125.54940795898438,97.65393829345703,66.78240966796875,72.81389617919922,30.424156188964844,38.38579559326172
2023-02-14,69.91986846923828,34.558650970458984,39.86915969848633,124.80699157714844,97.38865661621094,66.17613983154297,73.685791015625,30.294628143310547,38.474239349365234
2023-02-15,70.24650573730469,34.5963020324707,39.191463470458984,124.18669128417969,97.99502563476562,66.30280303955078,74.54802703857422,30.491140365600586,38.641822814941406
2023-02-16,69.02770233154297,34.247989654541016,38.80610275268555,122.9461441040039,96.98123931884766,65.82318878173828,72.92046356201172,30.258901596069336,38.20425033569336
2023-02-17,68.1648178100586,34.25741195678711,37.42412185668945,124.04570770263672,97.61603546142578,66.6738052368164,72.93501281738281,30.584943771362305,37.84580612182617
2023-02-21,66.54623413085938,33.55135726928711,37.23808670043945,122.43865203857422,95.38004302978516,66.42044830322266,70.49850463867188,30.013256072998047,37.222023010253906
2023-02-22,66.44874572753906,33.51370620727539,36.99003982543945,122.02511596679688,95.14318084716797,66.32090759277344,70.85694885253906,29.89713478088379,37.5013313293457
2023-02-23,67.55052185058594,33.54194641113281,37.548133850097656,122.35405731201172,95.5884780883789,66.23946380615234,70.798828125,29.740816116333008,37.54322052001953
2023-02-24,66.34635162353516,33.570186614990234,37.499420166015625,120.77516174316406,95.03895568847656,65.79605865478516,69.68473052978516,29.749752044677734,37.79460525512695
2023-02-27,66.70226287841797,33.56077575683594,37.61015319824219,120.40866088867188,95.88220977783203,65.7236557006836,70.54693603515625,29.548770904541016,37.9202880859375
2023-02-28,66.55599212646484,33.626670837402344,37.069766998291016,119.51582336425781,95.66427612304688,65.18072509765625,70.49850463867188,29.030677795410156,38.092529296875
2023-03-01,66.0684814453125,33.51370620727539,37.800621032714844,119.31846618652344,96.04327392578125,64.70111083984375,69.61206817626953,28.552791595458984,38.39044952392578
2023-03-02,66.88262176513672,33.35366439819336,38.13282012939453,120.051513671875,97.17072296142578,65.58793640136719,69.37955474853516,29.09320640563965,38.828033447265625
2023-03-03,68.32080841064453,33.88084411621094,38.651065826416016,121.39543151855469,98.2223892211914,65.64225006103516,70.8714828491211,29.588964462280273,39.38198471069336
2023-03-06,68.64744567871094,33.90908432006836,38.668792724609375,121.33906555175781,98.0423812866211,65.81417083740234,70.35319519042969,29.731887817382812,38.74423599243164
2023-03-07,67.79428100585938,33.03359603881836,37.99551773071289,119.38424682617188,96.78229522705078,65.16261291503906,69.39408874511719,29.24506378173828,37.98080062866211
2023-03-08,68.35493469238281,32.91120529174805,37.60572814941406,118.74518585205078,97.0096664428711,65.27120208740234,69.26814270019531,29.468374252319336,38.16701126098633
2023-03-09,67.37503051757812,31.574424743652344,37.074188232421875,117.542236328125,95.57901000976562,64.66493225097656,67.61636352539062,29.231660842895508,37.184783935546875
2023-03-10,66.19035339355469,31.00016975402832,36.600242614746094,116.67761993408203,93.79780578613281,64.34818267822266,66.94305419921875,28.771635055541992,36.3934211730957
2023-03-13,66.55110168457031,29.77635955810547,35.856101989746094,117.76779174804688,93.26722717285156,64.67395782470703,67.08354187011719,29.21380043029785,36.021018981933594
2023-03-14,68.0867919921875,30.378854751586914,36.21045684814453,118.82037353515625,94.2525863647461,65.26216888427734,68.22186279296875,29.597888946533203,36.48186111450195
2023-03-15,68.12580871582031,29.56925392150879,34.26594161987305,118.71699523925781,91.93132019042969,65.68745422363281,68.12012481689453,29.999858856201172,35.29948043823242
2023-03-16,70.03684997558594,30.134090423583984,34.63801574707031,119.82597351074219,93.11563110351562,65.73271179199219,69.35049438476562,30.20083999633789,35.70447540283203
2023-03-17,69.93936920166016,29.16444969177246,34.093196868896484,118.28467559814453,91.59024047851562,65.25312042236328,68.46406555175781,29.910541534423828,35.1505126953125
2023-03-20,70.12796783447266,29.488954544067383,34.77573776245117,119.78385162353516,92.80317687988281,66.15782165527344,68.76042175292969,30.144485473632812,35.8737907409668
2023-03-21,70.69474029541016,30.236347198486328,35.979679107666016,120.51036071777344,93.87820434570312,66.103271484375,70.66018676757812,29.537099838256836,36.308597564697266
2023-03-22,69.99114227294922,29.536256790161133,35.21434783935547,118.68943786621094,92.08019256591797,65.49407196044922,69.08596801757812,28.956708908081055,35.66339111328125
2023-03-23,71.12957000732422,29.33758544921875,34.726505279541016,118.4630126953125,91.81381225585938,65.23946380615234,69.0130844116211,28.659767150878906,35.62131881713867
2023-03-24,71.31523895263672,29.318662643432617,34.860774993896484,120.10465240478516,92.1943359375,66.3487548828125,68.78958129882812,29.555097579956055,35.911190032958984
2023-03-27,70.76313018798828,29.72547149658203,35.603729248046875,120.59526062011719,92.96492767333984,66.70337677001953,68.93048858642578,29.591093063354492,36.17768478393555
2023-03-28,70.4308853149414,29.71601104736328,36.15423583984375,119.86878967285156,93.44058227539062,66.82157897949219,68.847900390625,29.672077178955078,36.35067367553711
2023-03-29,71.90644073486328,30.151203155517578,36.6555061340332,120.1989974975586,94.80101776123047,67.19438171386719,70.1548843383789,30.104001998901367,36.85560607910156
2023-03-30,72.74193572998047,30.08497428894043,36.81662368774414,120.85000610351562,95.00077056884766,67.38532257080078,70.7670669555664,30.234472274780273,37.10808181762695
2023-03-31,73.78264617919922,30.416105270385742,37.07174301147461,122.14256286621094,96.25655364990234,67.93089294433594,72.65711975097656,30.454936981201172,37.7111930847168
2023-04-03,73.6653823852539,30.47286033630371,38.75010299682617,123.51061248779297,96.42781066894531,68.2854995727539,71.99147033691406,30.24797821044922,37.94963455200195
2023-04-04,73.25984191894531,30.189043045043945,38.04743194580078,123.52946472167969,94.26825714111328,68.14908599853516,71.87486267089844,30.40094757080078,37.40262222290039
2023-04-05,72.42436981201172,30.151203155517578,38.62031173706055,125.66173553466797,93.04103088378906,68.46734619140625,70.40266418457031,31.188302993774414,37.31846237182617
2023-04-06,72.83478546142578,30.264726638793945,38.03400421142578,125.97308349609375,93.01248931884766,68.52191162109375,70.41724395751953,31.408754348754883,37.22963333129883
2023-04-10,72.79568481445312,30.330957412719727,38.33835220336914,125.8881607055664,93.85917663574219,68.52191162109375,70.72821807861328,31.34577178955078,37.40729522705078
2023-04-11,72.11165618896484,30.595853805541992,38.70088195800781,126.312744140625,94.42047882080078,68.72193908691406,70.8399658203125,31.372770309448242,37.69717025756836
2023-04-12,71.70123291015625,30.52962875366211,38.727725982666016,126.3504638671875,94.73442077636719,68.41278839111328,69.74187469482422,31.34127426147461,37.7252197265625
2023-04-13,73.03510284423828,30.80398941040039,38.96940994262695,127.99209594726562,95.0864028930664,68.79469299316406,71.28209686279297,31.34577178955078,38.11326599121094
2023-04-14,72.62955474853516,31.106731414794922,39.0410270690918,126.96376037597656,94.97224426269531,68.35823822021484,71.37440490722656,30.994840621948242,37.837425231933594
2023-04-17,72.8934097290039,31.466230392456055,38.58003616333008,126.85995483398438,95.72380828857422,68.79469299316406,71.87972259521484,31.165803909301758,38.05716323852539
2023-04-18,73.11815643310547,31.56084632873535,38.732200622558594,125.9919204711914,96.18045043945312,69.00379943847656,71.99632263183594,31.003833770751953,38.21613311767578
2023-04-19,72.90807342529297,31.636526107788086,38.59793472290039,126.3787841796875,96.10433959960938,68.95834350585938,71.92831420898438,31.24229621887207,38.10860061645508
2023-04-20,72.42924499511719,31.54192543029785,38.25778579711914,125.85983276367188,95.93312072753906,69.12201690673828,70.82051849365234,31.23329734802246,38.06652069091797
2023-04-21,72.1947250366211,31.428388595581055,38.03400421142578,126.70896911621094,95.71429443359375,69.62210845947266,71.60276794433594,31.323280334472656,37.729888916015625
2023-04-24,71.87712097167969,31.352705001831055,38.61583709716797,127.4166030883789,95.94261169433594,69.90396881103516,71.59306335449219,31.480743408203125,37.98703384399414
2023-04-25,70.34294128417969,30.813444137573242,37.890785217285156,126.05797576904297,94.17312622070312,69.81305694580078,70.17428588867188,31.44925308227539,37.16417694091797
2023-04-26,71.38854217529297,30.520166397094727,37.385032653808594,124.26538848876953,92.39411926269531,69.26749420166016,69.81478881835938,30.71138572692871,36.724693298339844
2023-04-27,72.90319061279297,31.012115478515625,37.519309997558594,124.91638946533203,94.22069549560547,70.04037475585938,71.65621948242188,31.080318450927734,37.22496032714844
2023-04-28,73.69470977783203,31.38109016418457,38.101131439208984,125.98250579833984,95.13397216796875,70.41315460205078,71.84085083007812,31.035335540771484,37.65976333618164
2023-05-01,73.73867797851562,31.295942306518555,37.67147445678711,126.63350677490234,95.647705078125,70.46770477294922,71.13148498535156,31.089319229125977,37.64105987548828
2023-05-02,73.04975891113281,30.586395263671875,36.03339385986328,126.08628845214844,94.6487808227539,70.27677154541016,71.20437622070312,30.71138572692871,37.27638626098633
2023-05-03,72.43412780761719,30.236347198486328,35.35309600830078,125.91648864746094,94.28729248046875,69.70393371582031,70.64075469970703,30.62590217590332,36.86495590209961
2023-05-04,72.08722686767578,29.84845733642578,34.9592399597168,124.91638946533203,93.25983428955078,69.53118133544922,70.09658813476562,30.8598575592041,36.626522064208984
2023-05-05,73.8950424194336,30.586395263671875,35.9080696105957,126.03911590576172,94.6678237915039,70.17677307128906,71.51531219482422,31.057828903198242,37.24365997314453
2023-05-08,73.85594940185547,30.633699417114258,35.9080696105957,125.76551055908203,94.32534790039062,69.96762084960938,71.75825500488281,30.963340759277344,37.122100830078125
2023-05-09,73.2891616821289,30.520166397094727,35.9215087890625,124.92582702636719,94.5346450805664,69.7494125366211,71.73880767822266,30.922853469848633,36.78546905517578
2023-05-10,74.18330383300781,30.349878311157227,35.51420974731445,125.27490997314453,94.19215393066406,69.64028930664062,72.10321807861328,31.206300735473633,36.80885696411133
2023-05-11,73.85104370117188,30.302566528320312,35.089027404785156,124.8880844116211,93.62135314941406,69.84942626953125,72.4384765625,30.88685417175293,36.448848724365234
2023-05-12,73.75332641601562,30.179580688476562,35.142738342285156,124.71825408935547,93.68794250488281,70.12220764160156,71.82627868652344,31.057828903198242,36.51430130004883
2023-05-15,74.36407470703125,30.42555809020996,35.3217658996582,124.5012435913086,94.14458465576172,69.9494400024414,71.91858673095703,30.666397094726562,36.82288360595703
2023-05-16,74.44225311279297,30.141740798950195,34.4534912109375,123.46341705322266,92.86979675292969,69.3584213256836,71.62705993652344,29.98702049255371,36.215091705322266
2023-05-17,75.43408966064453,30.747220993041992,35.11589431762695,123.6143798828125,94.46803283691406,69.32205200195312,73.11868286132812,29.879037857055664,36.45353698730469
2023-05-18,76.9780502319336,30.974285125732422,35.370994567871094,123.3124771118164,95.15299987792969,68.98563385009766,74.25563049316406,29.7890567779541,36.66859817504883
2023-05-19,76.94386291503906,30.84183120727539,35.644004821777344,123.88799285888672,94.92469024658203,69.03108978271484,73.63372039794922,29.74406623840332,36.76210021972656
2023-05-22,77.09043884277344,30.89859390258789,35.49631118774414,124.01065063476562,94.9056625366211,67.98543548583984,73.40535736083984,29.753063201904297,36.570411682128906
2023-05-23,75.9520034790039,30.53908920288086,35.876747131347656,122.65205383300781,93.7640380859375,67.4853515625,72.73485565185547,29.649580001831055,36.00469970703125
2023-05-24,75.39501953125,30.141740798950195,36.03339385986328,121.81233215332031,92.55585479736328,67.04889678955078,72.46762084960938,29.45611572265625,35.59326934814453
2023-05-25,78.28748321533203,30.132278442382812,35.39338302612305,120.56694793701172,92.86026763916016,66.53972625732422,72.14208221435547,29.060182571411133,35.46703338623047
2023-05-26,80.5105972290039,30.378257751464844,35.25463104248047,120.32164764404297,93.55476379394531,66.76702880859375,73.8377914428711,29.060182571411133,35.64469909667969
2023-05-30,80.94055938720703,30.368799209594727,34.89209747314453,119.57630920410156,93.41205596923828,66.00324249267578,74.3333740234375,28.947708129882812,35.45301055908203
2023-05-31,80.26629638671875,30.047136306762695,34.27893829345703,120.60470581054688,92.13726043701172,66.07598114013672,73.66285705566406,29.213163375854492,35.07430648803711
2023-06-01,81.08223724365234,30.368799209594727,34.70412063598633,121.397216796875,93.31692504882812,66.02144622802734,74.5325698852539,28.99720001220703,35.541839599609375
2023-06-02,81.5464096069336,31.031042098999023,35.760379791259766,122.95394134521484,96.02824401855469,66.93069458007812,76.28173065185547,29.298646926879883,36.73404312133789
2023-06-05,81.07734680175781,30.870214462280273,35.52316665649414,123.3973617553711,95.36231231689453,66.68519592285156,76.51007843017578,29.43811798095703,36.705997467041016
2023-06-06,81.05781555175781,31.25810432434082,35.80960464477539,122.3689956665039,95.96165466308594,66.3487548828125,77.30690002441406,29.415624618530273,36.93975830078125
2023-06-07,79.84610748291016,31.38109016418457,36.75844192504883,121.88782501220703,97.5028305053711,66.13056182861328,76.78217315673828,29.91503143310547,37.37924575805664
2023-06-08,80.71090698242188,31.352705001831055,36.601802825927734,122.67090606689453,97.67405700683594,66.58517456054688,77.91909790039062,30.04551124572754,37.24365997314453
2023-06-09,81.11156463623047,31.362173080444336,36.400390625,123.04830932617188,97.41719818115234,66.47605895996094,78.32237243652344,29.870040893554688,36.935081481933594
2023-06-12,82.87539672851562,31.352705001831055,36.05128479003906,123.4917221069336,98.1116714477539,66.45787048339844,79.66822052001953,29.8160457611084,37.10340118408203
2023-06-13,83.37864685058594,31.54192543029785,36.22137451171875,124.11441802978516,99.25330352783203,66.73064422607422,80.49419403076172,29.81155014038086,37.96366500854492
2023-06-14,84.23857116699219,31.418928146362305,35.84988784790039,122.84072875976562,98.9869155883789,67.13983917236328,80.43590545654297,29.793556213378906,37.80470275878906
2023-06-15,85.32325744628906,31.835206985473633,36.243743896484375,124.7465591430664,100.48051452636719,67.81269073486328,80.96065521240234,30.11749839782715,38.127296447753906
2023-06-16,84.61966705322266,31.768983840942383,36.190040588378906,124.73712921142578,100.31878662109375,67.89451599121094,80.83917999267578,30.279468536376953,38.220802307128906
2023-06-20,84.04779815673828,31.531404495239258,35.380035400390625,124.596923828125,99.57376098632812,67.3780517578125,81.44482421875,29.924348831176758,37.703529357910156
2023-06-21,82.80416870117188,31.49338722229004,35.65996551513672,124.6158447265625,100.12774658203125,67.61614990234375,80.46623992919922,30.164722442626953,37.82567596435547
2023-06-22,83.47985076904297,31.246305465698242,35.18136978149414,125.46849060058594,99.4018325805664,68.0098876953125,81.49349212646484,29.93341827392578,37.73640441894531
2023-06-23,82.57405090332031,31.11326789855957,34.92852020263672,125.0516586303711,98.64728546142578,67.56119537353516,80.54901885986328,29.49349021911621,37.43102264404297
2023-06-26,81.98162078857422,31.046735763549805,35.55611801147461,124.34113311767578,99.46870422363281,67.65275573730469,79.51690673828125,29.78374671936035,37.82098388671875
2023-06-27,83.59736633300781,31.2938175201416,35.63740158081055,124.05691528320312,100.6626205444336,67.85421752929688,81.22572326660156,29.79281997680664,38.35658645629883
2023-06-28,83.64632415771484,31.217796325683594,35.99859619140625,123.6590347290039,100.6626205444336,67.3963623046875,81.54705047607422,29.35289192199707,38.093475341796875
2023-06-29,83.79320526123047,31.759475708007812,36.41399002075195,124.46428680419922,101.63688659667969,67.332275390625,81.63468170166016,29.35289192199707,38.57270431518555
2023-06-30,85.12495422363281,32.03506088256836,36.648765563964844,125.74320983886719,102.50605773925781,67.91831970214844,82.67166900634766,29.679443359375,38.93446731567383
2023-07-03,84.94381713867188,32.21562576293945,36.734554290771484,124.7105941772461,102.52516174316406,68.44942474365234,83.66971588134766,29.90167236328125,39.08012008666992
2023-07-05,84.4198989868164,32.149105072021484,36.5313835144043,124.644287109375,101.97117614746094,68.33039093017578,83.70378112792969,30.241825103759766,38.11697006225586
2023-07-06,84.19469451904297,31.873512268066406,35.70962142944336,123.64955139160156,101.20706939697266,68.15641021728516,82.355224609375,29.874460220336914,37.83977508544922
2023-07-07,83.82747650146484,31.92102813720703,36.47719192504883,122.20955657958984,101.43629455566406,67.26815795898438,82.45746612548828,29.656761169433594,38.16864776611328
2023-07-10,84.04779815673828,32.06358337402344,36.76164245605469,123.17587280273438,102.87857055664062,67.24984741210938,82.71063232421875,29.529773712158203,38.15925979614258
2023-07-11,84.22896575927734,32.443695068359375,37.56984329223633,123.20429229736328,104.09159851074219,67.3505859375,83.40193939208984,29.897136688232422,38.53511428833008
2023-07-12,85.1837158203125,32.65276336669922,37.917503356933594,122.87271881103516,103.9101333618164,67.5062484741211,84.15168762207031,30.33253288269043,39.04253005981445
2023-07-13,86.29515838623047,32.76681137084961,37.77302551269531,122.92008209228516,104.04383087158203,67.79010772705078,84.94038391113281,30.436847686767578,39.34791564941406
2023-07-14,86.16786193847656,32.548240661621094,36.77518081665039,124.76741027832031,103.7381820678711,68.01904296875,85.15946197509766,30.318925857543945,39.11770248413086
2023-07-17,87.26950073242188,32.86184310913086,36.70294952392578,124.19902801513672,104.12980651855469,67.8176040649414,85.50514221191406,29.969701766967773,39.155277252197266
2023-07-18,88.25851440429688,33.23245620727539,37.073177337646484,125.11796569824219,104.71245574951172,67.74434661865234,85.85566711425781,29.73839569091797,39.46066665649414
2023-07-19,88.03816986083984,33.37500762939453,37.289913177490234,125.69583892822266,104.66468048095703,68.43112182617188,86.15750885009766,30.042261123657227,39.24925231933594
2023-07-20,86.28046417236328,33.6220817565918,37.727867126464844,127.78005981445312,105.13270568847656,69.01717376708984,83.2218017578125,30.59104347229004,39.34321975708008
2023-07-21,86.23639678955078,33.508056640625,38.06198501586914,129.0684814453125,104.63603210449219,69.2552490234375,83.24128723144531,31.049116134643555,39.34791564941406
2023-07-24,86.38817596435547,33.83115768432617,38.6760368347168,128.78427124023438,104.87482452392578,69.52081298828125,83.78655242919922,30.967485427856445,39.470069885253906
2023-07-25,87.37720489501953,33.61258316040039,38.879207611083984,128.7274169921875,104.74110412597656,69.50250244140625,83.59182739257812,31.021907806396484,40.17950439453125
2023-07-26,86.20211791992188,33.81215286254883,38.89275360107422,128.64212036132812,105.47654724121094,69.58491516113281,83.57234954833984,31.021907806396484,40.043251037597656
2023-07-27,85.9524154663086,33.38450622558594,38.64442825317383,127.69477844238281,104.56916809082031,68.97138214111328,82.70575714111328,30.473127365112305,39.784854888916016
2023-07-28,87.12260437011719,33.45103454589844,38.761817932128906,128.07373046875,105.21867370605469,69.68565368652344,84.10786437988281,30.40509605407715,40.06204605102539
2023-07-31,87.3233413696289,33.57457733154297,39.497772216796875,127.0884780883789,105.46700286865234,69.36514282226562,84.58499145507812,30.418701171875,40.27347183227539
2023-08-01,87.47023010253906,33.57457733154297,39.31265640258789,126.42533874511719,105.78218841552734,68.98970794677734,83.62590026855469,30.04680633544922,40.094932556152344
2023-08-02,85.30611419677734,33.28948211669922,38.79793930053711,126.51055908203125,104.67422485351562,69.23694610595703,82.12641143798828,30.04680633544922,39.596923828125
2023-08-03,84.95849609375,33.30848693847656,39.19075393676758,125.87582397460938,104.01519012451172,69.04463195800781,82.32112884521484,29.361961364746094,39.35261917114258
2023-08-04,83.80298614501953,33.175437927246094,39.244930267333984,125.43059539794922,103.38478088378906,68.35786437988281,83.51879119873047,29.02181053161621,39.263343811035156
2023-08-07,84.03801727294922,33.64109420776367,39.290077209472656,126.88005065917969,104.65512084960938,68.91644287109375,84.37564086914062,29.017274856567383,39.52174758911133
2023-08-08,83.39171600341797,33.33699035644531,39.48422622680664,127.8558349609375,104.17755889892578,68.42195892333984,83.70378112792969,29.153335571289062,39.10360336303711
2023-08-09,82.31456756591797,33.08992004394531,39.98088455200195,127.81793212890625,104.12026977539062,68.52268981933594,82.71063232421875,29.216829299926758,38.94386291503906
2023-08-10,82.3243408203125,33.1184196472168,39.97637176513672,127.7326889038086,103.83370971679688,68.38533782958984,82.91022491455078,29.126123428344727,38.9720573425293
2023-08-11,81.71722412109375,33.18494415283203,40.590415954589844,128.52850341796875,104.00562286376953,68.49522399902344,82.62786102294922,29.28486442565918,38.8640022277832
2023-08-14,83.01959991455078,33.1184196472168,40.41883850097656,128.9168701171875,104.04383087158203,68.15641021728516,82.8810043334961,29.05355453491211,38.94856262207031
2023-08-15,82.20194244384766,32.51021957397461,39.57904815673828,128.44320678710938,102.71619415283203,67.42384338378906,81.75153350830078,28.58188247680664,38.31429672241211
2023-08-16,81.41854095458984,32.46270751953125,39.23589324951172,127.46742248535156,102.14310455322266,67.26815795898438,80.7388687133789,28.7088680267334,38.05589294433594
2023-08-17,80.64495849609375,32.30115509033203,39.70547103881836,126.45376586914062,101.2834701538086,66.61799621582031,79.37083435058594,28.645374298095703,37.980716705322266
2023-08-18,80.7673568725586,32.29164505004883,40.098270416259766,126.50110626220703,101.47450256347656,66.86524963378906,79.19071197509766,28.7950382232666,37.97602081298828
2023-08-21,82.30966186523438,32.25362777709961,39.845428466796875,126.63374328613281,101.35033416748047,66.41655731201172,80.10111236572266,28.61362648010254,37.980716705322266
2023-08-22,82.21664428710938,31.94953155517578,39.53840255737305,126.18846130371094,101.1115493774414,66.0411148071289,80.21796417236328,28.69526481628418,37.94783020019531
2023-08-23,83.70015716552734,32.263145446777344,39.43907165527344,126.56745147705078,102.15265655517578,66.48064422607422,80.86058044433594,28.808645248413086,38.00891876220703
2023-08-24,81.77106475830078,32.149105072021484,39.16816711425781,125.46849060058594,100.91096496582031,65.94953155517578,79.2783432006836,28.64084243774414,37.84916305541992
2023-08-25,82.60343933105469,32.30115509033203,39.54743576049805,126.38743591308594,101.76105499267578,66.3158187866211,80.1644058227539,28.858539581298828,37.96192932128906
2023-08-28,83.27911376953125,32.48170852661133,39.81382369995117,126.68109893798828,102.59202575683594,66.61799621582031,80.48574829101562,28.854001998901367,38.2391242980957
2023-08-29,84.94869232177734,32.776309967041016,39.922183990478516,127.81793212890625,103.37523651123047,66.85609436035156,82.49639892578125,28.962848663330078,38.87338638305664
2023-08-30,85.59008026123047,32.795310974121094,40.12085723876953,127.72318267822266,103.84326171875,66.96598815917969,82.85179138183594,28.83132553100586,38.96265411376953
2023-08-31,86.00627136230469,32.671775817871094,40.14794158935547,126.19796752929688,103.37523651123047,66.6271743774414,83.10985565185547,28.55466651916504,38.94386291503906
2023-09-01,86.27066802978516,32.96637725830078,40.96967697143555,126.53903198242188,103.91967010498047,66.0594253540039,82.603515625,28.409534454345703,39.38079833984375
2023-09-05,86.5791244506836,32.63376235961914,41.18640899658203,125.23164367675781,102.17176055908203,65.49168395996094,82.66194152832031,27.974136352539062,38.65256881713867
2023-09-06,85.66353607177734,32.61475372314453,41.2044677734375,124.54954528808594,101.7323989868164,65.41841888427734,81.92678833007812,28.037635803222656,38.5680046081543
2023-09-07,84.4248046875,32.52922439575195,41.163822174072266,125.10848236083984,101.3980941772461,65.5740966796875,82.15560913085938,28.405000686645508,38.394168853759766
2023-09-08,84.60105895996094,32.59574508666992,41.561161041259766,125.10848236083984,100.89186096191406,65.65650177001953,82.15560913085938,28.65444564819336,38.431758880615234
2023-09-11,85.04173278808594,32.747798919677734,41.01483154296875,125.9706039428711,100.9205322265625,66.22425842285156,84.36589813232422,28.772361755371094,38.59619903564453
2023-09-12,83.49942016601562,32.96637725830078,41.981056213378906,125.80952453613281,100.55755615234375,65.65650177001953,83.60154724121094,28.808645248413086,38.506935119628906
2023-09-13,83.70997619628906,32.96637725830078,41.66499710083008,125.82850646972656,99.88896942138672,65.85795593261719,84.263671875,29.153335571289062,38.28141403198242
2023-09-14,84.31710052490234,33.27047348022461,42.15262985229492,126.22635650634766,100.87277221679688,66.52644348144531,85.09130096435547,29.57965850830078,38.82170867919922
2023-09-15,82.69645690917969,33.099422454833984,41.54309844970703,125.23164367675781,100.29012298583984,65.97701263427734,83.63562774658203,29.45267105102539,38.389469146728516
2023-09-18,83.09391021728516,33.190093994140625,41.895145416259766,125.04139709472656,100.40137481689453,65.95396423339844,82.7260513305664,29.430727005004883,38.22990036010742
2023-09-19,83.04973602294922,33.151920318603516,41.50397872924805,125.14602661132812,99.9793930053711,65.79723358154297,82.31148529052734,29.27069854736328,38.19685363769531
2023-09-20,81.74456787109375,32.922821044921875,41.117366790771484,125.15554809570312,99.58618927001953,65.86177062988281,81.49214172363281,29.29813003540039,37.79558181762695
2023-09-21,80.49828338623047,32.37871551513672,40.55337142944336,124.06160736083984,97.9558334350586,65.01361083984375,79.26815795898438,28.991796493530273,37.0355110168457
2023-09-22,80.6700210571289,32.13053894042969,40.6215934753418,123.80477142333984,97.62017059326172,64.66327667236328,78.48780822753906,28.936933517456055,36.99774932861328
2023-09-25,80.93006896972656,32.20690155029297,41.131019592285156,124.48014831542969,98.10929107666016,64.43279266357422,78.97063446044922,28.895784378051758,37.29044723510742
2023-09-26,79.47279357910156,31.777353286743164,40.89449691772461,123.42428588867188,96.61317443847656,63.95341110229492,77.53189849853516,28.03165626525879,36.752262115478516
2023-09-27,79.595458984375,31.729623794555664,41.913333892822266,122.80596160888672,97.33246612548828,63.42792510986328,77.23439025878906,27.492145538330078,36.74753952026367
2023-09-28,80.15972900390625,31.958715438842773,41.95881652832031,123.395751953125,97.7448501586914,63.62150573730469,78.09764862060547,26.897769927978516,37.14409255981445
2023-09-29,80.43450164794922,31.662799835205078,41.112815856933594,122.46351623535156,97.22695922851562,63.43711471557617,78.51219940185547,26.94349479675293,37.08272171020508
2023-10-02,81.29806518554688,31.395523071289062,40.294105529785156,122.29229736328125,96.27753448486328,63.00383377075195,78.57560729980469,25.690731048583984,36.59174728393555
2023-10-03,79.91931915283203,30.899152755737305,40.266815185546875,121.20787811279297,95.60620880126953,62.552093505859375,76.66376495361328,25.9879150390625,36.492610931396484
2023-10-04,80.91535949707031,31.12824821472168,39.00236129760742,121.72154998779297,95.91309356689453,63.049922943115234,78.17567443847656,25.96048355102539,36.92220687866211
2023-10-05,81.02330017089844,31.27142906188965,38.76130294799805,122.38740539550781,95.34725189208984,61.805335998535156,77.78550720214844,25.80960464477539,36.473731994628906
2023-10-06,82.53944396972656,31.538711547851562,38.99327087402344,123.67158508300781,96.65155029296875,61.4642219543457,78.33174133300781,26.17537498474121,36.81835174560547
2023-10-09,82.96632385253906,31.557804107666016,40.294105529785156,124.09965515136719,98.16682434082031,61.5195426940918,78.41465759277344,26.435983657836914,36.86555862426758
2023-10-10,83.09391021728516,31.786895751953125,40.34414291381836,124.68942260742188,98.76142120361328,62.14646530151367,79.27302551269531,26.797182083129883,37.25739669799805
2023-10-11,83.8642349243164,31.834623336791992,39.825626373291016,124.1377182006836,99.35601806640625,61.722354888916016,79.555908203125,27.231536865234375,37.34709167480469
2023-10-12,83.9427490234375,31.634166717529297,39.87111282348633,123.07231903076172,98.45452880859375,61.04936218261719,78.68775939941406,26.81089973449707,36.79003143310547
2023-10-13,82.74061584472656,31.700986862182617,40.74894714355469,123.84281921386719,97.5818099975586,61.58407974243164,77.53189849853516,27.112661361694336,36.65311813354492
2023-10-16,83.53549194335938,32.03507995605469,41.021854400634766,124.77503204345703,98.6175765991211,62.220191955566406,78.78530883789062,27.391557693481445,37.01191329956055
2023-10-17,83.14787292480469,32.187808990478516,41.44940185546875,124.60382843017578,98.92447662353516,62.48755645751953,78.97063446044922,27.318403244018555,37.37541580200195
2023-10-18,82.29412841796875,31.634166717529297,41.8269157409668,123.51941680908203,96.53646850585938,62.7180290222168,77.1173324584961,27.080656051635742,36.407630920410156
2023-10-19,81.82307434082031,31.21415901184082,41.75414276123047,122.30180358886719,95.6445541381836,62.2570686340332,75.14698028564453,26.81089973449707,35.98275375366211
2023-10-20,80.43940734863281,30.736875534057617,41.05369186401367,121.81666564941406,94.65674591064453,62.01737976074219,73.98133850097656,26.531999588012695,35.548431396484375
2023-10-23,80.53263854980469,30.54596710205078,40.389625549316406,121.05567169189453,94.21559143066406,61.89752197265625,74.06912231445312,26.30797004699707,35.15187072753906
2023-10-24,81.08708953857422,30.755966186523438,39.821083068847656,121.42665100097656,94.92528533935547,62.42301940917969,74.8592300415039,26.98464012145996,35.56731414794922
2023-10-25,80.13027954101562,30.64141845703125,39.7483024597168,120.34223175048828,93.7072982788086,62.635074615478516,73.3473129272461,27.135517120361328,35.15187072753906
2023-10-26,78.59941101074219,30.574602127075195,39.43901062011719,119.15319061279297,93.31412506103516,62.229427337646484,72.20117950439453,27.36870002746582,35.39735794067383
2023-10-27,79.05574035644531,30.02095603942871,38.492950439453125,117.13653564453125,92.48933410644531,61.381248474121094,72.95714569091797,26.852048873901367,35.38319396972656
2023-10-30,79.90457916259766,30.555505752563477,38.620304107666016,117.79289245605469,93.64017486572266,62.34005355834961,73.62531280517578,27.057796478271484,35.746707916259766
2023-10-31,80.4737548828125,30.88961410522461,38.747657775878906,118.4682846069336,94.33068084716797,62.56131362915039,74.1812973022461,27.29096794128418,35.90721893310547
2023-11-01,82.0291519165039,31.090068817138672,38.65668487548828,118.7155990600586,94.63756561279297,62.49677658081055,75.09819030761719,27.60187530517578,35.92609786987305
2023-11-02,83.41773223876953,31.825077056884766,39.825626373291016,120.59906768798828,96.58441925048828,63.30805206298828,77.05880737304688,28.11852264404297,36.62007522583008
2023-11-03,84.27640533447266,32.24508285522461,39.42537307739258,121.1983642578125,97.4379653930664,63.38181686401367,78.14154052734375,28.283119201660156,37.1960334777832
2023-11-06,84.83084106445312,32.14963150024414,38.9796257019043,122.00691986083984,97.17902374267578,63.483219146728516,78.23907470703125,28.20996856689453,37.01191329956055
2023-11-07,85.75820922851562,32.101898193359375,38.11544418334961,122.092529296875,96.93926239013672,63.63995361328125,79.11209106445312,28.004220962524414,36.29432678222656
2023-11-08,86.24394989013672,32.14007568359375,37.637855529785156,121.92129516601562,97.15982818603516,63.391021728515625,78.9023666381836,27.79847526550293,36.407630920410156
2023-11-09,85.84161376953125,32.006439208984375,37.524147033691406,119.40050506591797,96.94883728027344,63.13289260864258,77.42945861816406,27.432706832885742,36.09605407714844
2023-11-10,88.08394622802734,32.36917495727539,37.93804931640625,120.11393737792969,98.34903717041016,63.57542037963867,78.717041015625,27.579015731811523,36.520931243896484
2023-11-13,87.56874084472656,32.32145309448242,38.2109489440918,120.80833435058594,98.43535614013672,63.77823257446289,79.05355834960938,27.249820709228516,36.46900177001953
2023-11-14,89.32042694091797,32.93236541748047,38.55208206176758,121.62642669677734,100.41095733642578,64.43279266357422,81.71649169921875,28.337987899780273,37.545372009277344
2023-11-15,89.43327331542969,33.11372756958008,38.479305267333984,121.72154998779297,100.62194061279297,64.94906616210938,81.81400299072266,28.251115798950195,37.71059799194336
2023-11-16,89.87976837158203,33.24737548828125,37.72882080078125,122.24472045898438,100.6411361694336,64.14701843261719,80.97515106201172,28.401994705200195,37.82390213012695
2023-11-17,89.69332885742188,33.41919708251953,38.520240783691406,121.9974136352539,101.28369140625,64.06402587890625,81.51652526855469,28.479724884033203,37.89471435546875
2023-11-20,90.99357604980469,33.55283737182617,38.57482147216797,122.73938751220703,101.59056854248047,64.01793670654297,81.93595123291016,28.392852783203125,37.9608154296875
2023-11-21,90.2575912475586,33.53374481201172,38.4884033203125,123.48135375976562,101.51384735107422,64.2115478515625,81.72624206542969,28.452285766601562,38.10716247558594
2023-11-22,90.65994262695312,33.66738510131836,38.4702033996582,124.07113647460938,101.73443603515625,64.67250061035156,81.97496795654297,28.589452743530273,38.130760192871094
2023-11-24,90.48329162597656,33.77238082885742,38.62940216064453,124.73697662353516,101.9837875366211,64.91220092773438,82.0530014038086,28.66260528564453,38.29599380493164
2023-11-27,90.47838592529297,33.65782928466797,38.492950439453125,123.95697021484375,101.40834045410156,64.72781372070312,82.18468475341797,28.708328247070312,38.248783111572266
2023-11-28,90.65011596679688,33.648292541503906,38.50204849243164,123.31961822509766,101.1686019897461,65.02284240722656,82.65777587890625,28.799768447875977,38.32432556152344
2023-11-29,90.71881103515625,33.886932373046875,38.21549987792969,123.35769653320312,101.5522232055664,64.4973373413086,82.43341827392578,28.571165084838867,38.52259826660156
2023-11-30,90.85128784179688,34.268760681152344,38.4702033996582,124.9082260131836,102.6646957397461,65.1426773071289,82.3163833618164,28.694612503051758,38.90499496459961
2023-12-01,91.05736541748047,34.5264892578125,38.67034149169922,125.40287780761719,104.28547668457031,65.4100341796875,83.4429702758789,29.046663284301758,39.3487548828125
2023-12-04,89.94847106933594,34.48830795288086,38.492950439453125,125.64070892333984,104.45809936523438,65.49300384521484,83.12596893310547,28.932363510131836,38.89083480834961
2023-12-05,90.4881820678711,34.31648254394531,37.81979751586914,125.47893524169922,103.61414337158203,64.97672271728516,83.27227783203125,28.72661781311035,38.35736846923828
2023-12-06,89.7227554321289,34.1446647644043,37.25579833984375,125.57408142089844,104.07449340820312,64.81080627441406,83.39421844482422,29.110671997070312,38.2771110534668
2023-12-07,90.81204223632812,34.30693817138672,37.00108337402344,125.421875,104.17037963867188,65.08736419677734,84.08189392089844,29.046663284301758,38.536766052246094
2023-12-08,91.58728790283203,34.48830795288086,37.40134048461914,125.63117218017578,104.4964599609375,64.6356201171875,84.46719360351562,28.991796493530273,38.67839050292969
2023-12-11,92.38704681396484,34.69831085205078,37.44682312011719,126.458740234375,105.49385070800781,65.25330352783203,84.69153594970703,29.17925453186035,38.952205657958984
2023-12-12,93.00039672851562,34.94649124145508,36.932857513427734,127.00094604492188,105.97337341308594,65.4653549194336,84.95488739013672,29.060380935668945,39.178802490234375
2023-12-13,93.8198013305664,35.50968551635742,37.44682312011719,129.34104919433594,107.15298461914062,66.65462493896484,86.06688690185547,30.157690048217773,39.65562057495117
2023-12-14,93.58918762207031,35.86286926269531,38.54753112792969,128.71322631835938,108.53399658203125,65.6773910522461,87.2227554321289,29.764490127563477,40.311824798583984
2023-12-15,94.06023406982422,35.65286636352539,38.34286117553711,127.61929321289062,108.39012908935547,65.6773910522461,87.40322875976562,29.247840881347656,40.207969665527344
2023-12-18,94.34150695800781,35.77182388305664,38.656036376953125,127.82757568359375,108.38532257080078,66.3610610961914,87.945556640625,29.181840896606445,40.270240783691406
2023-12-19,94.70048522949219,36.04042053222656,39.11982727050781,128.6875,109.22423553466797,66.49112701416016,88.63446807861328,29.34798812866211,40.641048431396484
2023-12-20,93.26951599121094,35.397701263427734,38.75706100463867,126.82427978515625,107.4596176147461,65.19993591308594,87.01725769042969,28.752628326416016,40.01828384399414
2023-12-21,94.31692504882812,35.7430419921875,38.90860366821289,128.37222290039062,108.56851196289062,65.65510559082031,88.3413314819336,28.803396224975586,40.441375732421875
2023-12-22,94.43987274169922,35.819786071777344,39.023399353027344,129.0123748779297,109.08922576904297,66.15669250488281,87.69149017333984,28.900314331054688,40.693336486816406
2023-12-26,94.83325958251953,35.96367645263672,39.358619689941406,129.29905700683594,109.86067199707031,66.43537902832031,88.06282806396484,29.075693130493164,40.883487701416016
2023-12-27,94.8283462524414,36.07879638671875,39.18411636352539,129.8437042236328,110.02458953857422,66.7419204711914,88.36575317382812,29.05722999572754,40.98332595825195
2023-12-28,94.94145202636719,36.18431091308594,38.5871467590332,130.1781463623047,110.05352020263672,66.76978302001953,87.90647888183594,29.26491355895996,40.82644271850586
2023-12-29,94.65131378173828,36.069190979003906,38.499900817871094,130.3118896484375,109.91851806640625,66.90911865234375,87.3641357421875,29.227991104125977,40.66481399536133
